{
"type": "FeatureCollection",
"name": "map_complete",
"crs": { "type": "name", "properties": { "name": "urn:ogc:def:crs:OGC:1.3:CRS84" } },
"features": [
{ "type": "Feature", "properties": { "state": "Goa", "dt_code": "585", "district": "North Goa", "st_code": "30", "year": "2011_c", "st_nm": "Goa", "total_loss_ha": 990.93192712956977, "area_km2": 3627.2328337104805, "loss_per_1000km2": 273.19225772333323, "total_tree_loss_ha": 990.93192712956977, "total_emissions_Mg": 557532.91675872204, "Mg_CO2e_per_ha": 562.63493131533903 }, "geometry": { "type": "Polygon", "coordinates": [ [ [ 74.275622074721085, 15.449317263639442 ], [ 74.268810378762936, 15.419028717994371 ], [ 74.275962659518996, 15.391525325971836 ], [ 74.323303946428112, 15.367851520180286 ], [ 74.317173420065771, 15.32920751366761 ], [ 74.336246168748588, 15.294741237588736 ], [ 74.326369209609268, 15.283252478895777 ], [ 74.276303244316892, 15.283252478895777 ], [ 74.25144055406966, 15.258534240495777 ], [ 74.259614589219439, 15.241127030354933 ], [ 74.301506519362036, 15.224416108619721 ], [ 74.317173420065771, 15.18646839051268 ], [ 74.285158449062493, 15.148868816608454 ], [ 74.284817864264582, 15.114054396326763 ], [ 74.272556811539914, 15.097691618794368 ], [ 74.296397747393428, 15.04129225793803 ], [ 74.267788624369217, 15.001603818816903 ], [ 74.253484062857112, 14.997774232585916 ], [ 74.264382776390136, 14.978626301430987 ], [ 74.252462308463379, 14.958782081870424 ], [ 74.236454822961747, 14.966441254332397 ], [ 74.201374588777284, 14.925360238400001 ], [ 74.179236576913311, 14.956693216653523 ], [ 74.164932015401206, 14.95808579346479 ], [ 74.163569676209576, 14.95808579346479 ], [ 74.154373886666079, 14.943115592743663 ], [ 74.161866752220035, 14.911782614490143 ], [ 74.124061839652327, 14.925012094197184 ], [ 74.085575757488797, 14.900642 ], [ 74.080807570318086, 14.910390037678875 ], [ 74.044024412144097, 14.917352921735212 ], [ 74.049814353708527, 14.95913022607324 ], [ 74.0348286226006, 14.997077944180283 ], [ 74.021205230684302, 15.011700000698594 ], [ 73.988849674883113, 15.020403605769015 ], [ 73.982037978924964, 15.054869881847889 ], [ 73.971820434987748, 15.052432872428172 ], [ 73.966371078221229, 15.066706784743664 ], [ 73.912218095353964, 15.085854715898593 ], [ 73.92686324166398, 15.096995330388735 ], [ 73.918008036918394, 15.108135944878876 ], [ 73.935377861611656, 15.112313675312679 ], [ 73.936059031207478, 15.133898615887327 ], [ 73.949682423123775, 15.144691086174651 ], [ 73.884290141925561, 15.354622040473243 ], [ 73.871007334807175, 15.371332962208454 ], [ 73.841717042187142, 15.360192347718314 ], [ 73.808339731992234, 15.377251413656342 ], [ 73.805955638406871, 15.393962335391553 ], [ 73.791310492096855, 15.39431047959437 ], [ 73.783817626542898, 15.40893253611268 ], [ 73.794716340075937, 15.41450284335775 ], [ 73.807317977598501, 15.399184498433806 ], [ 73.81719493673782, 15.410673257126765 ], [ 73.826050141483407, 15.403014084664793 ], [ 73.840354702995512, 15.410673257126765 ], [ 73.846485229357853, 15.398140065825356 ], [ 73.874072597988345, 15.396399344811272 ], [ 73.892123592277429, 15.408584391909864 ], [ 73.939805463984456, 15.408584391909864 ], [ 73.926182072068158, 15.42251016002254 ], [ 73.934015522420026, 15.432954486107047 ], [ 73.904044060204185, 15.417636141183102 ], [ 73.880543709148583, 15.435043351323948 ], [ 73.863173884455307, 15.429124899876062 ], [ 73.849209907741113, 15.452450561464794 ], [ 73.802890375225715, 15.450361696247892 ], [ 73.787904644117788, 15.463939320157751 ], [ 73.802549790427804, 15.461502310738032 ], [ 73.814810843152472, 15.491790856383103 ], [ 73.791651076894766, 15.500494461453526 ], [ 73.766107217051712, 15.494576010005638 ], [ 73.755208503518688, 15.546449496225357 ], [ 73.732048737260982, 15.590663809983104 ], [ 73.737498094027501, 15.617122769397188 ], [ 73.722852947717485, 15.630700393307048 ], [ 73.690156807118385, 15.722262318647893 ], [ 73.676874, 15.729225202704232 ], [ 73.684366865553955, 15.727832625892963 ], [ 73.694243824693274, 15.72261046285071 ], [ 73.728302304484004, 15.719825309228176 ], [ 73.742606865996109, 15.735491798354936 ], [ 73.785179965734528, 15.725395616473245 ], [ 73.785520550532439, 15.725395616473245 ], [ 73.78586113533035, 15.72609190487888 ], [ 73.801868620831982, 15.737580663571837 ], [ 73.820600784716888, 15.740365817194373 ], [ 73.823666047898058, 15.740713961397189 ], [ 73.824687802291777, 15.741062105600006 ], [ 73.825368971887599, 15.744195403425358 ], [ 73.841376457389245, 15.773091372259161 ], [ 73.851594001326461, 15.780750544721133 ], [ 73.854659264507617, 15.797461466456344 ], [ 73.856021603699247, 15.799898475876063 ], [ 73.857383942890877, 15.799550331673245 ], [ 73.879521954754864, 15.774135804867612 ], [ 73.875094352382064, 15.75081014327888 ], [ 73.938783709590737, 15.74280282661409 ], [ 73.951725931911213, 15.716343867200006 ], [ 73.943551896761434, 15.698588512856343 ], [ 73.963986984635881, 15.690929340394373 ], [ 73.967392832614948, 15.635574412146484 ], [ 73.967733417412859, 15.630352249104231 ], [ 73.990893183670551, 15.611552462152119 ], [ 74.021205230684302, 15.605982154907048 ], [ 74.031082189823621, 15.622693076642259 ], [ 74.100561488596711, 15.642537296202823 ], [ 74.113163126119289, 15.646018738230991 ], [ 74.118271898087897, 15.651937189678879 ], [ 74.119293652481616, 15.652285333881697 ], [ 74.126445933237676, 15.652633478084512 ], [ 74.135641722781173, 15.64845574765071 ], [ 74.164591430603295, 15.653677910692963 ], [ 74.167316108986554, 15.671781409239442 ], [ 74.180939500902852, 15.68222573532395 ], [ 74.190816460042157, 15.679092437498598 ], [ 74.187070027265179, 15.667603678805639 ], [ 74.204099267160544, 15.663774092574654 ], [ 74.205121021554262, 15.650892757070428 ], [ 74.236454822961747, 15.66864811141409 ], [ 74.252121723665482, 15.654374199098598 ], [ 74.244288273313614, 15.626174518670428 ], [ 74.264382776390136, 15.615382048383104 ], [ 74.245310027707333, 15.566641859988737 ], [ 74.261658098006876, 15.564901138974653 ], [ 74.278006168306433, 15.546101352022539 ], [ 74.278346753104344, 15.522775690433807 ], [ 74.251099969271749, 15.491790856383103 ], [ 74.251099969271749, 15.491442712180286 ], [ 74.275622074721085, 15.449317263639442 ] ] ] } },
{ "type": "Feature", "properties": { "state": "Karnataka", "dt_code": "558", "district": "Bidar", "st_code": "29", "year": "2011_c", "st_nm": "Karnataka", "total_loss_ha": 60925.601218008815, "area_km2": 191742.9015335427, "loss_per_1000km2": 317.74631931993969, "total_tree_loss_ha": 60925.601218008815, "total_emissions_Mg": 39234276.364680231, "Mg_CO2e_per_ha": 643.97027818058018 }, "geometry": { "type": "Polygon", "coordinates": [ [ [ 76.352293013752288, 11.738389719531625 ], [ 76.345675188894617, 11.74066716984095 ], [ 76.318542106978157, 11.751403721299194 ], [ 76.307622695963005, 11.78491477585068 ], [ 76.280158722803662, 11.812569529606762 ], [ 76.245415142300899, 11.803134378325275 ], [ 76.223576320270581, 11.808339979032302 ], [ 76.209678888069476, 11.827535631639465 ], [ 76.207362649369287, 11.861697386279332 ], [ 76.190487195982229, 11.871132537560818 ], [ 76.156074506722334, 11.87015648742825 ], [ 76.120007361248028, 11.850310134732709 ], [ 76.112727753904593, 11.85844388583744 ], [ 76.112396862661711, 11.978823402187443 ], [ 76.11372042763324, 11.9801248023642 ], [ 76.070042783572617, 11.967110800596631 ], [ 76.003202752510148, 11.93132229573582 ], [ 75.937024503933429, 11.941733497149874 ], [ 75.936693612690547, 11.940757447017306 ], [ 75.87018447287096, 11.952144698563929 ], [ 75.847022085869114, 11.982076902629334 ], [ 75.829484849996277, 11.984679702982849 ], [ 75.822867025138606, 12.012985156827309 ], [ 75.801028203108302, 12.037061060097308 ], [ 75.794410378250632, 12.054629962483526 ], [ 75.79407948700775, 12.055606012616094 ], [ 75.79407948700775, 12.055931362660282 ], [ 75.802682659322713, 12.079356565841904 ], [ 75.753710755375948, 12.085538216681499 ], [ 75.71466558871569, 12.070572114648796 ], [ 75.717974501144525, 12.085538216681499 ], [ 75.702091721486113, 12.092370567609473 ], [ 75.703415286457655, 12.108312719774743 ], [ 75.661722989854326, 12.098552218449067 ], [ 75.648818231381867, 12.108638069818932 ], [ 75.635913472909408, 12.148330775210015 ], [ 75.619368910765232, 12.155813826226366 ], [ 75.592566720091668, 12.147029375033258 ], [ 75.577014831676138, 12.156789876358934 ], [ 75.552528879702749, 12.191927681131366 ], [ 75.532675405129737, 12.200386782280287 ], [ 75.539624121230304, 12.215678234357178 ], [ 75.485027066154515, 12.289858044432314 ], [ 75.414216340177433, 12.289532694388127 ], [ 75.414547231420315, 12.290183394476504 ], [ 75.430430011078727, 12.307101596774343 ], [ 75.431753576050255, 12.308728346995288 ], [ 75.410576536505715, 12.347119652209614 ], [ 75.421495947520867, 12.372822305700561 ], [ 75.379141868431773, 12.392343308351913 ], [ 75.365906218716432, 12.411864311003264 ], [ 75.365906218716432, 12.457738667233942 ], [ 75.366237109959314, 12.457738667233942 ], [ 75.393370191875775, 12.451557016394347 ], [ 75.422488621249528, 12.472704769266644 ], [ 75.420503273792221, 12.487020171210968 ], [ 75.416201687634739, 12.499708822934348 ], [ 75.381788998374844, 12.501986273243672 ], [ 75.367891566173739, 12.491900421873806 ], [ 75.372193152331221, 12.476934319841105 ], [ 75.359950176344526, 12.464896368206103 ], [ 75.336456898099797, 12.464245668117725 ], [ 75.332155311942316, 12.499708822934348 ], [ 75.304360447540091, 12.503287673420429 ], [ 75.303036882568563, 12.522808676071781 ], [ 75.280205386809598, 12.524110076248537 ], [ 75.269616867037328, 12.549487379695295 ], [ 75.271933105737517, 12.570309782523404 ], [ 75.283845190481316, 12.570960482611781 ], [ 75.289801232853222, 12.58397448437935 ], [ 75.314618076069493, 12.573888633009485 ], [ 75.325206595841763, 12.59210823548408 ], [ 75.311309163640658, 12.591132185351512 ], [ 75.278550930595188, 12.617485538930836 ], [ 75.273256670709046, 12.616834838842459 ], [ 75.237520416477622, 12.568357682258268 ], [ 75.220314071847682, 12.568357682258268 ], [ 75.208732878346751, 12.592433585528269 ], [ 75.20046059727467, 12.588854735042188 ], [ 75.209063769589633, 12.601543386765567 ], [ 75.198475249817363, 12.613255988356377 ], [ 75.201784162246199, 12.628872790477459 ], [ 75.161084539371529, 12.621064389416919 ], [ 75.137591261126786, 12.64481494264273 ], [ 75.160422756885751, 12.671493646266244 ], [ 75.150165128356363, 12.673771096575567 ], [ 75.152481367056552, 12.682230197724488 ], [ 75.132958783726423, 12.674421796663946 ], [ 75.111781744181869, 12.680928797547731 ], [ 75.105494810567095, 12.698172349889758 ], [ 75.085310444751187, 12.705330050861921 ], [ 75.085310444751187, 12.673771096575567 ], [ 75.069096773849893, 12.664010595249893 ], [ 75.04659616933381, 12.666613395603406 ], [ 75.039647453233258, 12.686459748298947 ], [ 75.054868450405905, 12.694593499403677 ], [ 75.050235973005542, 12.719320102762056 ], [ 75.000933177815881, 12.715415902231786 ], [ 75.011190806345283, 12.728104553955164 ], [ 74.982403268214412, 12.738515755369219 ], [ 75.009536350130858, 12.767471909302056 ], [ 75.00324941651607, 12.79089711248368 ], [ 75.002587634030306, 12.791222462527868 ], [ 74.998286047872824, 12.786016861820841 ], [ 74.989351984314965, 12.79512666305814 ], [ 74.988690201829201, 12.793825262881382 ], [ 74.987366636857658, 12.783088711423138 ], [ 74.982734159457294, 12.781461961202194 ], [ 74.978101682056916, 12.779835210981247 ], [ 74.968505836013307, 12.776581710539354 ], [ 74.963873358612929, 12.780160561025436 ], [ 74.933100473024766, 12.780485911069626 ], [ 74.882474112863576, 12.7541325574903 ], [ 74.868907571905353, 12.759012808153138 ], [ 74.864936876990754, 12.760314208329895 ], [ 74.823575471630306, 12.846857320084222 ], [ 74.776258023897967, 13.071674200618958 ], [ 74.716697600178918, 13.314059983539909 ], [ 74.697836799334567, 13.347571038091397 ], [ 74.69585145187726, 13.371321591317209 ], [ 74.703461950463577, 13.375551141891668 ], [ 74.69585145187726, 13.373273691582343 ], [ 74.695189669391496, 13.4559126028064 ], [ 74.66971104368946, 13.634855127110457 ], [ 74.645555982958967, 13.683006933650459 ], [ 74.610150619970426, 13.866829708617356 ], [ 74.582686646811084, 13.9257180666156 ], [ 74.568789214609978, 13.95011931992979 ], [ 74.549266631279849, 13.948167219664654 ], [ 74.51518483326285, 13.986883874923169 ], [ 74.469521841744921, 14.188275552276282 ], [ 74.441396086099815, 14.224389407181283 ], [ 74.394409529610357, 14.418623383562235 ], [ 74.382497444866544, 14.421226183915747 ], [ 74.383821009838073, 14.439445786390344 ], [ 74.355364362950098, 14.50907069584683 ], [ 74.310032262675051, 14.521433997526021 ], [ 74.314664740075415, 14.545835250840211 ], [ 74.269994422286132, 14.627172761887509 ], [ 74.281906507029944, 14.627172761887509 ], [ 74.285546310701662, 14.645717714406294 ], [ 74.272310660986321, 14.700051171785891 ], [ 74.256758772570791, 14.707859572846431 ], [ 74.263045706185579, 14.719246824393053 ], [ 74.234258168054723, 14.748202978325892 ], [ 74.227640343197038, 14.737466426867648 ], [ 74.204808847438088, 14.73681572677927 ], [ 74.208448651109805, 14.717945424216296 ], [ 74.201830826252134, 14.719897524481432 ], [ 74.177675765521627, 14.750480428635216 ], [ 74.152197139819592, 14.747226928193324 ], [ 74.157491399705734, 14.759915579916703 ], [ 74.141608620047322, 14.779436582568055 ], [ 74.119108015531239, 14.774556331905217 ], [ 74.118115341802593, 14.785943583451839 ], [ 74.092967607343439, 14.804163185926434 ], [ 74.113151973159333, 14.805139236059 ], [ 74.113151973159333, 14.797005484954271 ], [ 74.124733166660263, 14.80546458610319 ], [ 74.125064057903145, 14.840602390875624 ], [ 74.111828408187804, 14.849712192112921 ], [ 74.095945628529392, 14.898189348697112 ], [ 74.085688, 14.900792149050625 ], [ 74.124071384174499, 14.924868052320626 ], [ 74.161792985863215, 14.911854050553057 ], [ 74.154182487276898, 14.94341300483941 ], [ 74.16344744207764, 14.958053756827924 ], [ 74.164771007049168, 14.958053756827924 ], [ 74.179330221736052, 14.956752356651167 ], [ 74.201499935009238, 14.925518752409005 ], [ 74.236574406754897, 14.966512857976843 ], [ 74.252457186413309, 14.958704456916301 ], [ 74.264369271157122, 14.978550809611843 ], [ 74.253449860141956, 14.997746462219006 ], [ 74.268009074828839, 15.001650662749276 ], [ 74.296465721716828, 15.041343368140359 ], [ 74.272641552229203, 15.09762892578509 ], [ 74.284884528215898, 15.113896427994549 ], [ 74.28521541945878, 15.148708882722794 ], [ 74.316980978775604, 15.186449487848741 ], [ 74.301759981602956, 15.224515443018877 ], [ 74.259736793756744, 15.241108295272525 ], [ 74.251464512684663, 15.258677197658741 ], [ 74.27628135590092, 15.283078450972932 ], [ 74.326245933576345, 15.283403801017121 ], [ 74.336172670862851, 15.294791052563744 ], [ 74.316980978775604, 15.329278157247797 ], [ 74.323267912390392, 15.367669462462123 ], [ 74.275950464658038, 15.391745365732124 ], [ 74.269001748557486, 15.419074769444016 ], [ 74.275619573415156, 15.449332323553612 ], [ 74.251133621441781, 15.491302479254019 ], [ 74.251133621441781, 15.491627829298208 ], [ 74.278266703358227, 15.522861433540371 ], [ 74.277935812115345, 15.546286636721993 ], [ 74.261722141214051, 15.564831589240777 ], [ 74.245177579069875, 15.566783689505911 ], [ 74.264369271157122, 15.615586196134291 ], [ 74.244184905341228, 15.625997397548346 ], [ 74.252126295170427, 15.654302851392806 ], [ 74.236574406754897, 15.668618253337131 ], [ 74.20513973868097, 15.651049350950913 ], [ 74.204147064952309, 15.663738002674293 ], [ 74.186940720322369, 15.667642203204563 ], [ 74.190911415236968, 15.679029454751184 ], [ 74.180984677950462, 15.682282955193077 ], [ 74.167087245749357, 15.671871753779023 ], [ 74.164440115806286, 15.653652151304428 ], [ 74.135652577675415, 15.6484465505974 ], [ 74.126387622874674, 15.65267610117186 ], [ 74.119108015531239, 15.65235075112767 ], [ 74.118337744113376, 15.652098293716332 ], [ 74.098592758472464, 15.66536475289524 ], [ 74.088335129943076, 15.669919653513887 ], [ 74.090651368643265, 15.670570353602265 ], [ 74.12572584038891, 15.68098155501632 ], [ 74.13234366524658, 15.702454657932808 ], [ 74.122086036717192, 15.720674260407403 ], [ 74.161462094620333, 15.751257164561187 ], [ 74.201499935009238, 15.758740215577539 ], [ 74.208779542352687, 15.780864018582404 ], [ 74.209110433595569, 15.781189368626594 ], [ 74.221022518339367, 15.786069619289432 ], [ 74.228302125682816, 15.78672031937781 ], [ 74.233596385568944, 15.787045669422 ], [ 74.227971234439934, 15.767524666770647 ], [ 74.227640343197038, 15.761017665886863 ], [ 74.239552427940851, 15.744424813633213 ], [ 74.268339966071721, 15.754836015047267 ], [ 74.287200766916087, 15.742147363323889 ], [ 74.308046915217744, 15.748654364207674 ], [ 74.323267912390392, 15.772730267477673 ], [ 74.345768516906475, 15.764596516372944 ], [ 74.361982187807769, 15.781189368626594 ], [ 74.369592686394085, 15.793878020349972 ], [ 74.369923577636968, 15.802011771454701 ], [ 74.361651296564887, 15.816001823354839 ], [ 74.360989514079108, 15.817628573575783 ], [ 74.360658622836226, 15.817953923619973 ], [ 74.383159227352309, 15.849187527862135 ], [ 74.338158018320144, 15.855043828657541 ], [ 74.363305752779297, 15.874890181353082 ], [ 74.363305752779297, 15.875540881441459 ], [ 74.367276447693897, 15.889530933341597 ], [ 74.368600012665439, 15.894411184004433 ], [ 74.388122595995569, 15.854393128569162 ], [ 74.406321614354155, 15.85536917870173 ], [ 74.386799031024026, 15.905147735462677 ], [ 74.430807566327545, 15.956553042444572 ], [ 74.463234908130133, 16.039191953668627 ], [ 74.462242234401472, 16.049928505126871 ], [ 74.429814892598884, 16.059038306364169 ], [ 74.373563381308685, 16.036589153315113 ], [ 74.377534076223284, 16.055134105833897 ], [ 74.36132040532199, 16.05383270565714 ], [ 74.372239816337157, 16.078233958971332 ], [ 74.391100617181522, 16.080511409280653 ], [ 74.390107943452861, 16.089621210517954 ], [ 74.427829545141591, 16.112070363567007 ], [ 74.483419273946026, 16.091898660827276 ], [ 74.485073730160437, 16.094501461180791 ], [ 74.489375316317933, 16.111094313434439 ], [ 74.479779470274309, 16.147208168339439 ], [ 74.494007793718296, 16.186575523686333 ], [ 74.501287401061731, 16.189178324039847 ], [ 74.504927204733448, 16.19601067496782 ], [ 74.496654923661367, 16.213904927398225 ], [ 74.496324032418485, 16.214555627486604 ], [ 74.495993141175603, 16.215206327574982 ], [ 74.502941857276156, 16.225942879033227 ], [ 74.494338684961178, 16.235052680270524 ], [ 74.480441252760073, 16.250018782303226 ], [ 74.468860059259143, 16.24025828097755 ], [ 74.454962627058038, 16.253272282745119 ], [ 74.417571916612204, 16.258152533407959 ], [ 74.41459389542625, 16.282553786722147 ], [ 74.382828336109426, 16.277348186015118 ], [ 74.373232490065803, 16.261731383894038 ], [ 74.359335057864698, 16.290687537826877 ], [ 74.345768516906475, 16.29361568822458 ], [ 74.350400994306838, 16.275396085749986 ], [ 74.324922368604803, 16.271817235263903 ], [ 74.320951673690203, 16.284505886987283 ], [ 74.342790495720521, 16.298170588843227 ], [ 74.325253259847685, 16.313787390964308 ], [ 74.328893063519416, 16.323873242334173 ], [ 74.316650087532722, 16.326476042687688 ], [ 74.322606129904628, 16.334284443748228 ], [ 74.315326522561179, 16.340140744543636 ], [ 74.327238607304992, 16.342418194852961 ], [ 74.317311870018486, 16.381134850111472 ], [ 74.324922368604803, 16.378206699713772 ], [ 74.335841779619969, 16.393823501834852 ], [ 74.353379015492791, 16.36649409812296 ], [ 74.363636644022179, 16.405210753381475 ], [ 74.33517999713419, 16.401306552851203 ], [ 74.332532867191134, 16.45466396009823 ], [ 74.289517005616261, 16.463123061247153 ], [ 74.290840570587804, 16.504767866903368 ], [ 74.279590268329756, 16.504767866903368 ], [ 74.27462689968651, 16.485572214296205 ], [ 74.260729467485405, 16.48004126354499 ], [ 74.247493817770064, 16.496959465842828 ], [ 74.277935812115345, 16.504767866903368 ], [ 74.264369271157122, 16.539905671675804 ], [ 74.27065620477191, 16.548039422780533 ], [ 74.271317987257675, 16.546738022603776 ], [ 74.283230072001487, 16.524614219598909 ], [ 74.29183324431645, 16.534049370880396 ], [ 74.301429090360074, 16.52916912021756 ], [ 74.301759981602956, 16.52916912021756 ], [ 74.306061567760452, 16.5037918167708 ], [ 74.315326522561179, 16.504767866903368 ], [ 74.315657413804061, 16.554546423664316 ], [ 74.339812474534568, 16.547714072736341 ], [ 74.356357036678745, 16.559752024371342 ], [ 74.358011492893155, 16.538278921454854 ], [ 74.379850314923473, 16.528518420129181 ], [ 74.396725768310532, 16.583177227552966 ], [ 74.422204394012567, 16.584478627729723 ], [ 74.435440043727908, 16.601071479983371 ], [ 74.46687471180185, 16.606927780778776 ], [ 74.454962627058038, 16.647271186258237 ], [ 74.468860059259143, 16.663864038511885 ], [ 74.469852732987803, 16.662237288290939 ], [ 74.489044425075051, 16.63002763391621 ], [ 74.544634153879485, 16.635558584667425 ], [ 74.543641480150825, 16.595215179187967 ], [ 74.567134758395568, 16.585454677862288 ], [ 74.556215347380402, 16.563656224901614 ], [ 74.559855151052119, 16.56072807450391 ], [ 74.570443670824403, 16.554546423664316 ], [ 74.603201903869873, 16.567235075387693 ], [ 74.618753792285389, 16.584153277685534 ], [ 74.630665877029202, 16.583827927641345 ], [ 74.638938158101297, 16.607253130822965 ], [ 74.639930831829943, 16.610181281220669 ], [ 74.639930831829943, 16.610506631264858 ], [ 74.648203112902024, 16.60985593117648 ], [ 74.687248279562283, 16.608554530999722 ], [ 74.687579170805165, 16.617989682281209 ], [ 74.653497372788166, 16.638812085109318 ], [ 74.665078566289097, 16.665816138777021 ], [ 74.689564518262472, 16.676878040279455 ], [ 74.680961345947495, 16.685987841516752 ], [ 74.689564518262472, 16.686313191560942 ], [ 74.688571844533826, 16.712666545140266 ], [ 74.695189669391496, 16.713642595272834 ], [ 74.695520560634378, 16.71559469553797 ], [ 74.732249488594448, 16.718197495891481 ], [ 74.771956437740471, 16.750732500310402 ], [ 74.795780607228096, 16.747804349912698 ], [ 74.84475251117486, 16.761794401812836 ], [ 74.850046771060988, 16.772856303315265 ], [ 74.865598659476518, 16.763421152033779 ], [ 74.869569354391118, 16.774157703492023 ], [ 74.919533932066543, 16.77253095327108 ], [ 74.901665804950824, 16.862652915511486 ], [ 74.960564446184094, 16.880872517986081 ], [ 74.963542467370047, 16.90950332187473 ], [ 74.955601077540848, 16.905273771300269 ], [ 74.932769581781884, 16.918938473156217 ], [ 74.930784234324577, 16.923493373774868 ], [ 74.925159083195553, 16.934880625321487 ], [ 74.92317373573826, 16.939435525940137 ], [ 74.92979156059593, 16.941712976249462 ], [ 74.934424037996294, 16.943339726470406 ], [ 74.936740276696483, 16.944315776602974 ], [ 74.964535141098693, 16.926746874216757 ], [ 74.964535141098693, 16.947569277044867 ], [ 74.990344658043611, 16.952124177663514 ], [ 74.991668223015154, 16.951798827619328 ], [ 75.026742694760799, 16.943990426558784 ], [ 75.02541912978927, 16.928048274393515 ], [ 75.0892811396658, 16.951473477575135 ], [ 75.096229855766353, 16.913732872449188 ], [ 75.117406895310893, 16.913407522405002 ], [ 75.13494413118373, 16.894862569886214 ], [ 75.13659858739814, 16.874365517102298 ], [ 75.176636427787045, 16.867858516218512 ], [ 75.189210295016622, 16.875341567234862 ], [ 75.181930687673187, 16.843457262904323 ], [ 75.214358029475775, 16.841830512683376 ], [ 75.227593679191116, 16.843131912860134 ], [ 75.237851307720504, 16.867858516218512 ], [ 75.264653498394068, 16.862652915511486 ], [ 75.282190734266905, 16.880221817897702 ], [ 75.290132124096104, 16.903972371123515 ], [ 75.279543604323834, 16.923493373774868 ], [ 75.279543604323834, 16.956679078282164 ], [ 75.341751157985939, 16.956028378193785 ], [ 75.345060070414775, 16.957655128414732 ], [ 75.392046626904232, 16.980104281463788 ], [ 75.427782881135656, 16.96643957960784 ], [ 75.441680313336775, 16.98238173177311 ], [ 75.465504482824386, 16.988238032568518 ], [ 75.483372609940091, 16.975874730889327 ], [ 75.490321326040643, 16.945291826735541 ], [ 75.529366492700902, 16.969367730005544 ], [ 75.567749876875396, 16.965788879519462 ], [ 75.573044136761538, 17.009711135485002 ], [ 75.606795043535655, 17.004505534777977 ], [ 75.607787717264301, 16.970994480226487 ], [ 75.633928125452101, 16.970343780138109 ], [ 75.642200406524196, 16.954401627972839 ], [ 75.674958639569667, 16.966114229563651 ], [ 75.666024576011807, 16.979778931419595 ], [ 75.669664379683525, 17.038016589329462 ], [ 75.64120773279555, 17.037691239285273 ], [ 75.650472687596292, 17.057212241936625 ], [ 75.676943987026974, 17.065345993041355 ], [ 75.672311509626596, 17.116100599934871 ], [ 75.650472687596292, 17.115775249890682 ], [ 75.649480013867631, 17.134320202409466 ], [ 75.625324953137138, 17.174012907800549 ], [ 75.628633865565973, 17.188653659789061 ], [ 75.639884167824007, 17.18897900983325 ], [ 75.662053881097208, 17.214681663324196 ], [ 75.657752294939726, 17.263158819908387 ], [ 75.654112491268009, 17.273895371366631 ], [ 75.627972083080209, 17.274220721410821 ], [ 75.622346931951185, 17.29504312423893 ], [ 75.604478804835466, 17.305128975608795 ], [ 75.61010395596449, 17.345147031044064 ], [ 75.580985526590737, 17.351328681883661 ], [ 75.574367701733067, 17.3832129862142 ], [ 75.613743759636208, 17.391997437407312 ], [ 75.606795043535655, 17.420302891251769 ], [ 75.632935451723455, 17.477239148984879 ], [ 75.675951313298313, 17.456091396112583 ], [ 75.676613095784091, 17.453813945803258 ], [ 75.690841419228079, 17.409566339793528 ], [ 75.712349350015501, 17.407939589572582 ], [ 75.733526389560055, 17.419977541207579 ], [ 75.765291948876879, 17.405662139263256 ], [ 75.766946405091289, 17.402408638821363 ], [ 75.772240664977431, 17.385815786567715 ], [ 75.775880468649149, 17.382887636170011 ], [ 75.790108792093136, 17.372151084711767 ], [ 75.793086813279089, 17.369548284358256 ], [ 75.79407948700775, 17.369873634402445 ], [ 75.806653354237312, 17.371825734667581 ], [ 75.813602070337879, 17.372801784800146 ], [ 75.813932961580761, 17.373452484888524 ], [ 75.821543460167078, 17.421278941384337 ], [ 75.850992780783713, 17.410542389926093 ], [ 75.860919518070219, 17.385490436523526 ], [ 75.884412796314948, 17.418025440942444 ], [ 75.894008642358571, 17.401107238644606 ], [ 75.890699729929736, 17.356534282590687 ], [ 75.930737570318641, 17.322697877995012 ], [ 75.998239383866888, 17.337989330071903 ], [ 76.013791272282418, 17.352955432104608 ], [ 76.060777828771876, 17.35490753236974 ], [ 76.063094067472065, 17.35197938197204 ], [ 76.075337043458759, 17.336362579850956 ], [ 76.079307738373359, 17.33148232918812 ], [ 76.08195486831643, 17.336037229806767 ], [ 76.099822995432135, 17.364668033695416 ], [ 76.119014687519382, 17.370524334490824 ], [ 76.162692331580004, 17.345147031044064 ], [ 76.165008570280193, 17.303176875343659 ], [ 76.176258872538241, 17.300899425034334 ], [ 76.183207588638794, 17.319444377553118 ], [ 76.170302830166335, 17.352630082060415 ], [ 76.229532362642487, 17.365318733783795 ], [ 76.228539688913841, 17.37572993519785 ], [ 76.242106229872064, 17.378983435639743 ], [ 76.250709402187027, 17.360438483120959 ], [ 76.272217332974463, 17.360438483120959 ], [ 76.276518919131945, 17.334735829630013 ], [ 76.317880324492393, 17.332458379320688 ], [ 76.314240520820675, 17.348400531485957 ], [ 76.345344297651721, 17.354582182325551 ], [ 76.353947469966698, 17.314238776846093 ], [ 76.383065899340451, 17.314564126890282 ], [ 76.396632440298674, 17.3470991313092 ], [ 76.412184328714204, 17.351003331839472 ], [ 76.409206307528251, 17.371500384623388 ], [ 76.363543316010322, 17.377682035462986 ], [ 76.371484705839521, 17.436570393461231 ], [ 76.333432212907923, 17.433967593107717 ], [ 76.330785082964852, 17.470081448012717 ], [ 76.375455400754134, 17.490253150752448 ], [ 76.345675188894617, 17.492530601061773 ], [ 76.346667862623264, 17.512702303801504 ], [ 76.367183119682039, 17.519860004773665 ], [ 76.362881533524558, 17.537428907159882 ], [ 76.340711820251357, 17.542634507866907 ], [ 76.331446865450616, 17.596317265158127 ], [ 76.419794827300521, 17.603800316174478 ], [ 76.429059782101262, 17.643493021565561 ], [ 76.429390673344145, 17.644794421742318 ], [ 76.444942561759675, 17.640890221212047 ], [ 76.441964540573721, 17.649349322360965 ], [ 76.452883951588873, 17.655856323244748 ], [ 76.489943770791839, 17.660411223863399 ], [ 76.487296640848768, 17.714744681242994 ], [ 76.524025568808838, 17.715070031287183 ], [ 76.523363786323074, 17.759642987341103 ], [ 76.572666581512721, 17.760619037473671 ], [ 76.564063409197743, 17.750858536147994 ], [ 76.570350342812532, 17.705309529961507 ], [ 76.581931536313462, 17.705634880005697 ], [ 76.600461445914945, 17.725806582745427 ], [ 76.61435887811605, 17.770379538799347 ], [ 76.61435887811605, 17.770704888843536 ], [ 76.631896113988873, 17.754762736678266 ], [ 76.633219678960415, 17.728084033054749 ], [ 76.655720283476498, 17.717998181684884 ], [ 76.664323455791461, 17.687415277531102 ], [ 76.684507821607355, 17.685788527310155 ], [ 76.685831386578897, 17.682209676824073 ], [ 76.690794755222143, 17.680908276647315 ], [ 76.693110993922332, 17.692620878238127 ], [ 76.696089015108285, 17.70888838044759 ], [ 76.699728818780002, 17.727107982922185 ], [ 76.700390601265767, 17.72743333296637 ], [ 76.728185465667991, 17.737519184336236 ], [ 76.714288033466886, 17.780790740213401 ], [ 76.761936372442108, 17.786972391052995 ], [ 76.790393019330097, 17.826339746399888 ], [ 76.767561523571132, 17.852042399890834 ], [ 76.738443094197379, 17.856597300509485 ], [ 76.740097550411789, 17.899543506342457 ], [ 76.768223306056896, 17.901170256563404 ], [ 76.775172022157449, 17.87774505338178 ], [ 76.804290451531202, 17.870587352409618 ], [ 76.804621342774084, 17.870912702453808 ], [ 76.810246493903108, 17.887180204663267 ], [ 76.831092642204766, 17.885553454442324 ], [ 76.839695814519743, 17.898892806254079 ], [ 76.884366132309026, 17.894337905635432 ], [ 76.901241585696084, 17.917112408728674 ], [ 76.919109712811789, 17.916136358596106 ], [ 76.905543171853566, 18.009837171322594 ], [ 76.914477235411425, 18.035214474769354 ], [ 76.952198837100141, 18.040094725432191 ], [ 76.945250120999589, 18.083040931265167 ], [ 76.966427160544143, 18.098332383342058 ], [ 76.920433277783332, 18.118178736037599 ], [ 76.932014471284248, 18.13347018811449 ], [ 76.924073081455049, 18.146484189882059 ], [ 76.931683580041366, 18.159498191649625 ], [ 76.942272099813636, 18.156244691207736 ], [ 76.951867945857259, 18.188128995538275 ], [ 76.990582221274636, 18.190081095803411 ], [ 77.001170741046906, 18.160799591826382 ], [ 77.023340454320106, 18.158522141517061 ], [ 77.023009563077224, 18.175765693859088 ], [ 77.033267191606612, 18.181947344698681 ], [ 77.052127992450977, 18.173162893505573 ], [ 77.06404007719479, 18.150713740456517 ], [ 77.110695742441365, 18.155268641075168 ], [ 77.110695742441365, 18.155593991119357 ], [ 77.113673763627318, 18.16210099200314 ], [ 77.116982676056153, 18.169584043019491 ], [ 77.116320893570389, 18.170560093152059 ], [ 77.097790983968906, 18.196588096687194 ], [ 77.151726256558931, 18.217085149471114 ], [ 77.148748235372977, 18.238883602431791 ], [ 77.169925274917517, 18.261007405436658 ], [ 77.174888643560777, 18.284757958662468 ], [ 77.212941136492375, 18.280203058043817 ], [ 77.199374595534152, 18.315666212860442 ], [ 77.219228070107164, 18.325752064230308 ], [ 77.229485698636552, 18.34820121727936 ], [ 77.220220743835824, 18.349177267411928 ], [ 77.225845894964834, 18.365119419577198 ], [ 77.246361152023624, 18.370650370328416 ], [ 77.246030260780728, 18.371626420460984 ], [ 77.23577263225134, 18.394400923554226 ], [ 77.241728674623246, 18.412620526028824 ], [ 77.265552844110857, 18.422381027354497 ], [ 77.316840986757811, 18.442227380050038 ], [ 77.323789702858363, 18.45426533168504 ], [ 77.345297633645799, 18.43344292885693 ], [ 77.365812890704575, 18.450686481198957 ], [ 77.365812890704575, 18.449710431066393 ], [ 77.372761606805128, 18.401233274482202 ], [ 77.412468555951151, 18.393424873421658 ], [ 77.413792120922693, 18.392448823289094 ], [ 77.394931320078328, 18.368372920019091 ], [ 77.40022557996447, 18.347550517190982 ], [ 77.35853328336114, 18.317618313125578 ], [ 77.357871500875376, 18.3169676130372 ], [ 77.365812890704575, 18.307207111711524 ], [ 77.409159643522315, 18.301350810916116 ], [ 77.437616290410304, 18.310460612153413 ], [ 77.438278072896068, 18.286384708883414 ], [ 77.445226788996621, 18.279877707999631 ], [ 77.461109568655033, 18.264260905878547 ], [ 77.462102242383693, 18.263284855745979 ], [ 77.462764024869458, 18.263610205790169 ], [ 77.465080263569646, 18.262634155657601 ], [ 77.484933738142658, 18.27076790676233 ], [ 77.492875127971857, 18.267189056276251 ], [ 77.511735928816222, 18.282155158308953 ], [ 77.512728602544868, 18.309484562020849 ], [ 77.551442877962245, 18.29159030959044 ], [ 77.551442877962245, 18.291915659634629 ], [ 77.561700506491633, 18.285083308706657 ], [ 77.572619917506799, 18.293217059811386 ], [ 77.572950808749681, 18.293217059811386 ], [ 77.605378150552269, 18.281504458220574 ], [ 77.600745673151891, 18.27564815742517 ], [ 77.600414781909009, 18.27564815742517 ], [ 77.571958135021021, 18.24408920313882 ], [ 77.585524675979258, 18.219687949824628 ], [ 77.56368585394894, 18.195612046554629 ], [ 77.581223089821762, 18.162426342047329 ], [ 77.596774978237292, 18.155919341163546 ], [ 77.598760325694599, 18.094428182811789 ], [ 77.598760325694599, 18.093452132679218 ], [ 77.598429434451702, 18.093126782635032 ], [ 77.572950808749681, 18.078811380690706 ], [ 77.563024071463175, 18.073280429939491 ], [ 77.547803074290528, 18.056036877597464 ], [ 77.553759116662434, 18.035865174857733 ], [ 77.580561307335998, 18.031635624283272 ], [ 77.588502697165197, 18.01211462163192 ], [ 77.606039933038033, 18.020248372736649 ], [ 77.627878755068338, 17.996823169555029 ], [ 77.649055794612892, 17.998775269820165 ], [ 77.656004510713444, 17.968843065754758 ], [ 77.655673619470562, 17.968517715710568 ], [ 77.649386685855774, 17.949972763191784 ], [ 77.637143709869079, 17.952250213501109 ], [ 77.63317301495448, 17.967541665578 ], [ 77.624569842639502, 17.95973326451746 ], [ 77.632511232468715, 17.946719262749891 ], [ 77.61861380026761, 17.93956156177773 ], [ 77.618944691510492, 17.904098406961108 ], [ 77.586186458465022, 17.907677257447187 ], [ 77.599091216937481, 17.873190152763133 ], [ 77.576590612421398, 17.875467603072458 ], [ 77.554090007905316, 17.820158095560295 ], [ 77.528280490960398, 17.827966496620835 ], [ 77.528942273446162, 17.81300039458813 ], [ 77.50644166893008, 17.785996340920427 ], [ 77.53754544576114, 17.779814690080833 ], [ 77.55475179039108, 17.763872537915564 ], [ 77.569311005077964, 17.766475338269075 ], [ 77.568649222592185, 17.748906435882859 ], [ 77.546148618076103, 17.726782632877995 ], [ 77.52199355734561, 17.726131932789617 ], [ 77.45250639634007, 17.694572978503263 ], [ 77.448204810182574, 17.650976072581912 ], [ 77.455815308768905, 17.634057870284074 ], [ 77.455484417526023, 17.632756470107317 ], [ 77.452837287582952, 17.620718518472316 ], [ 77.444234115267975, 17.584279313523126 ], [ 77.443241441539328, 17.584279313523126 ], [ 77.443241441539328, 17.583953963478937 ], [ 77.45250639634007, 17.581025813081233 ], [ 77.461771351140811, 17.580700463037044 ], [ 77.466403828541175, 17.576796262506775 ], [ 77.477985022042105, 17.56671041113691 ], [ 77.493867801700503, 17.568011811313667 ], [ 77.494529584186282, 17.567035761181099 ], [ 77.507103451415844, 17.542309157822718 ], [ 77.528280490960398, 17.575494862330018 ], [ 77.53754544576114, 17.575494862330018 ], [ 77.550450204233599, 17.551744309104205 ], [ 77.593796957051339, 17.564432960827585 ], [ 77.596774978237292, 17.534175406717988 ], [ 77.673872637829163, 17.514654404066636 ], [ 77.684792048844315, 17.512051603713125 ], [ 77.688762743758915, 17.511075553580557 ], [ 77.688431852516032, 17.475287048719743 ], [ 77.652364707041727, 17.482770099736097 ], [ 77.657328075684973, 17.506520652961907 ], [ 77.64475420845541, 17.477564499029068 ], [ 77.615304887838775, 17.473009598410421 ], [ 77.614312214110114, 17.446005544742718 ], [ 77.576259721178516, 17.456091396112583 ], [ 77.575928829935634, 17.430714092665824 ], [ 77.537214554518258, 17.443728094433393 ], [ 77.51305949378775, 17.430714092665824 ], [ 77.514052167516411, 17.414121240412175 ], [ 77.537876337004022, 17.405987489307446 ], [ 77.524309796045799, 17.38809323687704 ], [ 77.529273164689045, 17.372801784800146 ], [ 77.529934947174809, 17.370849684535013 ], [ 77.527287817231752, 17.369873634402445 ], [ 77.483941064413997, 17.35490753236974 ], [ 77.474345218370374, 17.361414533253527 ], [ 77.478977695770752, 17.370849684535013 ], [ 77.453499070068716, 17.374103184976903 ], [ 77.456146200011787, 17.33115697914393 ], [ 77.437947181653186, 17.291789623797037 ], [ 77.458462438711976, 17.279100972073657 ], [ 77.42636598815227, 17.256326468980415 ], [ 77.420409945780364, 17.237781516461631 ], [ 77.408166969793669, 17.24136036694771 ], [ 77.380372105391459, 17.222490064384736 ], [ 77.403865383636187, 17.20980141266136 ], [ 77.393938646349682, 17.194509960584469 ], [ 77.372430715562245, 17.195486010717033 ], [ 77.363827543247282, 17.158721455723654 ], [ 77.406843404822141, 17.12455970108379 ], [ 77.463756698598104, 17.109918949095274 ], [ 77.462764024869458, 17.093976796930004 ], [ 77.480963043228044, 17.079336044941492 ], [ 77.496845822886456, 17.042571489948113 ], [ 77.502140082772598, 17.009385785440813 ], [ 77.479639478256516, 16.996046433629058 ], [ 77.481293934470941, 16.971319830270676 ], [ 77.481293934470941, 16.970343780138109 ], [ 77.477985022042105, 16.967415629740408 ], [ 77.466403828541175, 16.95407627792865 ], [ 77.469381849727128, 16.919263823200406 ], [ 77.45416085255448, 16.914058222493381 ], [ 77.458793329954858, 16.884776718516349 ], [ 77.460447786169269, 16.884776718516349 ], [ 77.459786003683504, 16.876968317455812 ], [ 77.457138873740433, 16.830117911092564 ], [ 77.476661457070563, 16.788473105436349 ], [ 77.467065611026939, 16.78033935433162 ], [ 77.439601637867611, 16.789123805524728 ], [ 77.443241441539328, 16.762445101901214 ], [ 77.426035096909388, 16.721450996333374 ], [ 77.43860896413895, 16.711690495007698 ], [ 77.447212136453928, 16.720800296244995 ], [ 77.474014327127492, 16.716570745670538 ], [ 77.470043632212892, 16.687614591737699 ], [ 77.464087589840986, 16.676227340191076 ], [ 77.418755489565939, 16.668744289174725 ], [ 77.429013118095341, 16.650850036744316 ], [ 77.438939855381847, 16.643366985727965 ], [ 77.462433133626575, 16.654428887230399 ], [ 77.475999674584799, 16.650199336655938 ], [ 77.453829961311598, 16.616688282104452 ], [ 77.467727393512703, 16.60985593117648 ], [ 77.462102242383693, 16.585454677862288 ], [ 77.439601637867611, 16.587081428083234 ], [ 77.422064401994774, 16.568861825608639 ], [ 77.42140261950901, 16.568211125520261 ], [ 77.392945972621021, 16.569837875741207 ], [ 77.403865383636187, 16.551292923222423 ], [ 77.419086380808835, 16.549015472913098 ], [ 77.417101033351528, 16.522011419245395 ], [ 77.416770142108646, 16.517456518626748 ], [ 77.383350126577412, 16.514853718273233 ], [ 77.379048540419916, 16.513877668140665 ], [ 77.36912180313341, 16.488825714738098 ], [ 77.329745745230269, 16.485897564340394 ], [ 77.298641968399224, 16.496308765754449 ], [ 77.294009490998846, 16.476787763103097 ], [ 77.241728674623246, 16.473208912617018 ], [ 77.250331846938224, 16.461170960982017 ], [ 77.286398992412529, 16.411067054176879 ], [ 77.288384339869822, 16.408789603867554 ], [ 77.28805344862694, 16.408789603867554 ], [ 77.294009490998846, 16.406837503602418 ], [ 77.297318403427681, 16.407162853646611 ], [ 77.308237814442847, 16.402282602983771 ], [ 77.363165760761504, 16.384388350553365 ], [ 77.378717649177034, 16.385364400685933 ], [ 77.405188948607716, 16.371048998741607 ], [ 77.414123012165575, 16.368120848343906 ], [ 77.426035096909388, 16.370723648697421 ], [ 77.489235324300139, 16.385039050641744 ], [ 77.507103451415844, 16.380158799978908 ], [ 77.522655339831374, 16.376254599448636 ], [ 77.522986231074256, 16.375929249404447 ], [ 77.523317122317138, 16.375929249404447 ], [ 77.56368585394894, 16.347623795559986 ], [ 77.594789630779985, 16.343068894941339 ], [ 77.594458739537103, 16.342418194852961 ], [ 77.588833588408079, 16.334284443748228 ], [ 77.588502697165197, 16.333959093704038 ], [ 77.595782304508646, 16.30174943932931 ], [ 77.597767651965938, 16.293290338180391 ], [ 77.563354962706057, 16.30174943932931 ], [ 77.545155944347457, 16.291663587959444 ], [ 77.536883663275376, 16.266936984601067 ], [ 77.52199355734561, 16.277998886103497 ], [ 77.504787212715669, 16.275721435794175 ], [ 77.490227998028786, 16.255224383010255 ], [ 77.492213345486093, 16.22919637947512 ], [ 77.515706623730821, 16.227894979298362 ], [ 77.501147409043952, 16.221713328458765 ], [ 77.486257303114186, 16.163150320504712 ], [ 77.489897106785904, 16.119553414583358 ], [ 77.513390385030633, 16.108166163036735 ], [ 77.50081651780107, 16.106214062771603 ], [ 77.493536910457621, 16.086367710076061 ], [ 77.506772560172962, 16.079535359148089 ], [ 77.493867801700503, 16.036914503359302 ], [ 77.514052167516411, 16.007958349426463 ], [ 77.513390385030633, 15.927922238555922 ], [ 77.429674900581105, 15.949069991428219 ], [ 77.379379431662798, 15.939960190190922 ], [ 77.249008281966681, 15.964686793549301 ], [ 77.153049821530459, 15.949069991428219 ], [ 77.152388039044695, 15.949069991428219 ], [ 77.149740909101624, 15.948093941295651 ], [ 77.07628305318147, 15.911980086390651 ], [ 77.072643249509753, 15.910353336169704 ], [ 77.071981467023988, 15.909377286037138 ], [ 77.049811753750788, 15.87521553139727 ], [ 77.025325801777413, 15.837474926271325 ], [ 77.025656693020295, 15.837474926271325 ], [ 77.065363642166318, 15.827389074901459 ], [ 77.067348989623625, 15.787696369510378 ], [ 77.04848818877926, 15.746051563854159 ], [ 77.045841058836189, 15.740520613102944 ], [ 77.049149971265024, 15.730434761733079 ], [ 77.079591965610305, 15.727506611335375 ], [ 77.078930183124541, 15.716119359788753 ], [ 77.087533355439518, 15.715468659700376 ], [ 77.078599291881659, 15.695296956960645 ], [ 77.128894760799966, 15.666015452983618 ], [ 77.121615153456517, 15.631202998255374 ], [ 77.083231769282037, 15.659183102055644 ], [ 77.030620061663541, 15.634456498697265 ], [ 77.029958279177777, 15.50268973080064 ], [ 76.974699441616224, 15.510498131861182 ], [ 76.975692115344884, 15.49455597969591 ], [ 76.975692115344884, 15.492278529386585 ], [ 77.031943626635083, 15.435667621697664 ], [ 77.029296496692012, 15.404434017455502 ], [ 77.047164623807731, 15.390118615511177 ], [ 77.041870363921589, 15.361813161666717 ], [ 77.065032750923436, 15.343593559192122 ], [ 77.063709185951907, 15.327976757071042 ], [ 77.113011981141554, 15.333833057866446 ], [ 77.118306241027682, 15.294791052563744 ], [ 77.151726256558931, 15.292513602254418 ], [ 77.147093779158553, 15.272992599603066 ], [ 77.167278144974446, 15.263557448321581 ], [ 77.167278144974446, 15.263232098277392 ], [ 77.143784866729717, 15.257375797481986 ], [ 77.126247630856895, 15.240132245139957 ], [ 77.125254957128234, 15.22711824337239 ], [ 77.151726256558931, 15.216056341869958 ], [ 77.159005863902365, 15.2027169900582 ], [ 77.165292797517154, 15.183521337451037 ], [ 77.162976558816965, 15.157493333915902 ], [ 77.140806845543764, 15.15846938404847 ], [ 77.13849060684359, 15.147082132501847 ], [ 77.137828824357811, 15.143503282015766 ], [ 77.150071800344506, 15.142852581927388 ], [ 77.157020516445058, 15.140575131618064 ], [ 77.152057147801813, 15.119102028701576 ], [ 77.130218325771494, 15.100882426226981 ], [ 77.113011981141554, 15.034185667168195 ], [ 77.084886225496447, 15.030606816682115 ], [ 77.082569986796258, 15.006205563367924 ], [ 77.044186602621778, 15.009784413854007 ], [ 77.049480862507906, 15.033209617035627 ], [ 77.004148762232859, 15.033860317124006 ], [ 76.985949743874272, 15.026377266107655 ], [ 76.985287961388508, 15.015315364605222 ], [ 76.918447930326025, 15.035487067344953 ], [ 76.877086524965577, 15.030281466637925 ], [ 76.865836222707543, 15.059562970614953 ], [ 76.836056010848026, 15.079409323310495 ], [ 76.800319756616602, 15.096002175564143 ], [ 76.776826478371873, 15.078433273177927 ], [ 76.773517565943038, 15.059237620570764 ], [ 76.790062128087214, 15.020846315356438 ], [ 76.773517565943038, 14.992866211556167 ], [ 76.760612807470579, 14.989938061158465 ], [ 76.760943698713461, 14.989287361070087 ], [ 76.766568849842486, 14.975622659214141 ], [ 76.766899741085368, 14.975622659214141 ], [ 76.818187883732307, 14.969441008374545 ], [ 76.828445512261709, 14.956427006606978 ], [ 76.867490678921953, 14.969766358418735 ], [ 76.863850875250236, 14.895586548343598 ], [ 76.845651856891649, 14.889404897504003 ], [ 76.857233050392566, 14.869233194764274 ], [ 76.85392413796373, 14.843205191229137 ], [ 76.84168116197705, 14.836698190345352 ], [ 76.85392413796373, 14.80936878663346 ], [ 76.837379575819554, 14.810670186810217 ], [ 76.83671779333379, 14.790823834114676 ], [ 76.78278252074378, 14.785943583451839 ], [ 76.802966886559673, 14.742021327486297 ], [ 76.775172022157449, 14.680855519178728 ], [ 76.764914393628061, 14.602120808484942 ], [ 76.781789847015119, 14.596589857733726 ], [ 76.806275798988509, 14.531194498851697 ], [ 76.831092642204766, 14.530543798763318 ], [ 76.855578594178155, 14.509721395935209 ], [ 76.86782157016485, 14.473932891074398 ], [ 76.90057980321032, 14.489224343151291 ], [ 76.974699441616224, 14.485320142621021 ], [ 76.959809335686472, 14.450507687892776 ], [ 76.944919229756707, 14.450833037936965 ], [ 76.942933882299414, 14.399753080999261 ], [ 76.915800800382954, 14.420575483827371 ], [ 76.898594455753013, 14.398126330778314 ], [ 76.884697023551908, 14.395848880468991 ], [ 76.884697023551908, 14.347697073928989 ], [ 76.903557824396273, 14.32264512052642 ], [ 76.945581012242471, 14.313209969244934 ], [ 76.956831314500519, 14.29433966668196 ], [ 76.925065755183695, 14.273842613898042 ], [ 76.939624969870579, 14.244886459965203 ], [ 76.98561885263139, 14.247489260318716 ], [ 77.005803218447284, 14.235776658727906 ], [ 77.019038868162625, 14.238704809125608 ], [ 77.049480862507906, 14.244886459965203 ], [ 77.053451557422505, 14.244561109921014 ], [ 77.08124642182473, 14.214303555811419 ], [ 77.100769005154859, 14.217231706209121 ], [ 77.108048612498294, 14.221461256783581 ], [ 77.114997328598847, 14.225365457313851 ], [ 77.116651784813271, 14.226341507446419 ], [ 77.120622479727871, 14.263106062439798 ], [ 77.115328219841729, 14.265708862793311 ], [ 77.115659111084625, 14.281651014958582 ], [ 77.122607827185178, 14.299219917344798 ], [ 77.134189020686094, 14.328501421321826 ], [ 77.137828824357811, 14.337285872514935 ], [ 77.158674972659483, 14.341515423089394 ], [ 77.161652993845436, 14.341840773133583 ], [ 77.19738924807686, 14.321343720349663 ], [ 77.238088870951529, 14.317439519819395 ], [ 77.286729883655411, 14.340214022912637 ], [ 77.283420971226576, 14.28262706509115 ], [ 77.363827543247282, 14.275794714163176 ], [ 77.359525957089787, 14.234149908506959 ], [ 77.379048540419916, 14.226666857490608 ], [ 77.392615081378139, 14.199012103734526 ], [ 77.418424598323057, 14.20909795510439 ], [ 77.418093707080175, 14.211050055369526 ], [ 77.418093707080175, 14.218207756341689 ], [ 77.417762815837293, 14.226016157402229 ], [ 77.408828752279433, 14.259852561997906 ], [ 77.387320821492011, 14.27091446350034 ], [ 77.378386757934152, 14.302798767830879 ], [ 77.388975277706422, 14.333056321940475 ], [ 77.409159643522315, 14.336635172426556 ], [ 77.428351335609563, 14.328826771366016 ], [ 77.431329356795516, 14.312884619200744 ], [ 77.446219462725281, 14.317439519819395 ], [ 77.450190157639881, 14.280674964826014 ], [ 77.478977695770752, 14.292062216372637 ], [ 77.498169387857999, 14.27872286456088 ], [ 77.503463647744127, 14.259852561997906 ], [ 77.492875127971857, 14.230896408065068 ], [ 77.504787212715669, 14.194131853071688 ], [ 77.517030188702364, 14.185998101966959 ], [ 77.503463647744127, 14.15704194803412 ], [ 77.467065611026939, 14.172008050066822 ], [ 77.3936077551068, 14.174285500376147 ], [ 77.379048540419916, 14.135894195161821 ], [ 77.351584567260588, 14.131013944498983 ], [ 77.351584567260588, 14.130037894366417 ], [ 77.347613872345988, 14.103684540787091 ], [ 77.390629733920846, 14.126784393924524 ], [ 77.400887362450234, 14.118650642819794 ], [ 77.360518630818447, 14.062690435219253 ], [ 77.340665156245421, 14.060087634865738 ], [ 77.33239287517334, 14.030806130888712 ], [ 77.390298842677964, 14.016816078988576 ], [ 77.381695670362987, 13.976147323464925 ], [ 77.426035096909388, 13.986233174834791 ], [ 77.437947181653186, 13.975496623376547 ], [ 77.435300051710115, 13.947516519576276 ], [ 77.412137664708268, 13.945564419311141 ], [ 77.415777468379986, 13.924091316394655 ], [ 77.434969160467233, 13.914981515157358 ], [ 77.398902014992927, 13.888302811533842 ], [ 77.397909341264281, 13.906522414008437 ], [ 77.356878827146716, 13.904244963699114 ], [ 77.34794476358887, 13.915957565289924 ], [ 77.371438041833599, 13.952722120283303 ], [ 77.349599219803281, 13.95825307103452 ], [ 77.361180413304211, 13.990788075453439 ], [ 77.33636357008794, 13.995342976072088 ], [ 77.322135246643953, 14.030155430800333 ], [ 77.306583358228423, 14.032107531065467 ], [ 77.275148690154481, 14.011285128237359 ], [ 77.278788493826198, 14.032432881109656 ], [ 77.270516212754117, 14.034384981374792 ], [ 77.245368478294964, 14.011935828325738 ], [ 77.173895969832117, 14.012911878458304 ], [ 77.17290329610347, 14.001199276867494 ], [ 77.149740909101624, 14.001199276867494 ], [ 77.14907912661586, 14.001524626911683 ], [ 77.127571195828423, 14.04707363309817 ], [ 77.078930183124541, 14.042518732479522 ], [ 77.07628305318147, 14.053255283937766 ], [ 77.028303822963366, 14.062039735130874 ], [ 77.027972931720484, 14.062690435219253 ], [ 77.029958279177777, 14.088067738666009 ], [ 77.014737282005143, 14.1004310403452 ], [ 77.026318475506059, 14.125157643703577 ], [ 77.025987584263177, 14.174936200464526 ], [ 77.021355106862813, 14.188926252364661 ], [ 77.00282519726133, 14.198036053601959 ], [ 77.022678671834342, 14.179165751038985 ], [ 76.960471118172237, 14.181768551392498 ], [ 76.947566359699778, 14.198361403646148 ], [ 76.942272099813636, 14.173309450243579 ], [ 76.894623760838414, 14.167778499492364 ], [ 76.886020588523436, 14.138171645471147 ], [ 76.912822779197001, 14.12873649418966 ], [ 76.925065755183695, 14.137195595338579 ], [ 76.946904577214013, 14.10823944140574 ], [ 76.948228142185542, 14.094574739549794 ], [ 76.948559033428424, 14.091971939196281 ], [ 76.973375876644695, 14.083512838047362 ], [ 76.972714094158931, 14.060412984909927 ], [ 76.93234536252713, 14.053905984026144 ], [ 76.931021797555601, 14.030155430800333 ], [ 76.999516284832495, 13.99046272540925 ], [ 76.993891133703471, 13.962482621608979 ], [ 77.041539472678707, 13.933526467676142 ], [ 77.047164623807731, 13.906522414008437 ], [ 77.023009563077224, 13.902618213478167 ], [ 77.014075499519365, 13.860322707733571 ], [ 76.992236677489061, 13.84893545618695 ], [ 76.978008354045059, 13.826811653182084 ], [ 76.976353897830649, 13.817376501900597 ], [ 76.989589547545989, 13.812821601281948 ], [ 76.985287961388508, 13.790697798277083 ], [ 76.998523611103849, 13.745474142134785 ], [ 77.016391738219554, 13.738641791206812 ], [ 77.024333128048767, 13.779310546730461 ], [ 77.043524820136, 13.777683796509516 ], [ 77.064701859680554, 13.743847391913839 ], [ 77.085548007982212, 13.742545991737082 ], [ 77.090511376625471, 13.767272595095461 ], [ 77.17290329610347, 13.762066994388434 ], [ 77.178528447232495, 13.782889397216543 ], [ 77.157682298930823, 13.805989250353976 ], [ 77.168601709945989, 13.829739803579788 ], [ 77.128232978314188, 13.856418507203301 ], [ 77.147755561644317, 13.868456458838301 ], [ 77.168601709945989, 13.864552258308031 ], [ 77.161983885088318, 13.906522414008437 ], [ 77.184815380847283, 13.925067366527221 ], [ 77.190771423219189, 13.912053364759654 ], [ 77.181506468418448, 13.869757859015058 ], [ 77.200367269262799, 13.862925508087084 ], [ 77.213272027735258, 13.886350711268708 ], [ 77.219889852592928, 13.867805758749924 ], [ 77.23577263225134, 13.904244963699114 ], [ 77.248346499480917, 13.90131681330141 ], [ 77.246361152023624, 13.867805758749924 ], [ 77.259265910496083, 13.863250858131273 ], [ 77.256618780553012, 13.846658005877625 ], [ 77.288384339869822, 13.847634056010193 ], [ 77.311546726871683, 13.866504358573167 ], [ 77.325444159072788, 13.833318654065868 ], [ 77.36250397827574, 13.854141056893976 ], [ 77.382026561605869, 13.839500304905464 ], [ 77.432652921767058, 13.843404505435734 ], [ 77.416439250865764, 13.808917400751678 ], [ 77.417101033351528, 13.808592050707489 ], [ 77.416108359622882, 13.806639950442353 ], [ 77.425042423180727, 13.802085049823706 ], [ 77.422726184480553, 13.799156899426002 ], [ 77.434638269224351, 13.797204799160866 ], [ 77.435961834195894, 13.796879449116679 ], [ 77.43695450792454, 13.796879449116679 ], [ 77.445226788996621, 13.811194851061003 ], [ 77.463425807355222, 13.806314600398164 ], [ 77.456477091254669, 13.788745698011947 ], [ 77.470705414698656, 13.758162793858164 ], [ 77.465080263569646, 13.71098703745073 ], [ 77.450190157639881, 13.71098703745073 ], [ 77.454491743797362, 13.68626043409235 ], [ 77.455484417526023, 13.68235623356208 ], [ 77.492213345486093, 13.689839284578433 ], [ 77.484933738142658, 13.714891237981 ], [ 77.514052167516411, 13.713264487760053 ], [ 77.512397711301986, 13.697322335594784 ], [ 77.525302469774445, 13.691140684755188 ], [ 77.525964252260209, 13.693743485108703 ], [ 77.536552772032479, 13.730508040102082 ], [ 77.52199355734561, 13.744498092002218 ], [ 77.52695692598887, 13.753282543195326 ], [ 77.547472183047645, 13.752957193151136 ], [ 77.560707832762986, 13.722374288997351 ], [ 77.560707832762986, 13.72269963904154 ], [ 77.600083890666127, 13.750679742841811 ], [ 77.61365043162435, 13.751981143018568 ], [ 77.627878755068338, 13.734737590676541 ], [ 77.642107078512339, 13.746775542311541 ], [ 77.618944691510492, 13.754909293416272 ], [ 77.620930038967785, 13.768573995272218 ], [ 77.680159571443937, 13.786793597746813 ], [ 77.671556399128974, 13.760440244167487 ], [ 77.703321958445798, 13.769875395448974 ], [ 77.708616218331926, 13.740919241516135 ], [ 77.717219390646903, 13.741244591560324 ], [ 77.719204738104196, 13.800458299602759 ], [ 77.781412291766316, 13.818352552033165 ], [ 77.789022790352632, 13.830390503668166 ], [ 77.782404965494962, 13.844055205524111 ], [ 77.812185177354479, 13.84893545618695 ], [ 77.83700202057075, 13.869757859015058 ], [ 77.827406174527127, 13.874638109677896 ], [ 77.835678455599208, 13.881145110561681 ], [ 77.83203865192749, 13.895785862550195 ], [ 77.813508742326007, 13.914656165113168 ], [ 77.826744392041348, 13.944913719222763 ], [ 77.838987368028043, 13.935803917985465 ], [ 77.895569770561139, 13.941009518692493 ], [ 77.895900661804021, 13.920512465908573 ], [ 77.926673547392184, 13.905221013831682 ], [ 77.970020300209924, 13.959879821255466 ], [ 77.987557536082761, 13.955650270681007 ], [ 77.980277928739312, 13.927995516924925 ], [ 77.986564862354101, 13.902943563522356 ], [ 77.949174151908267, 13.886350711268708 ], [ 77.952813955579984, 13.827462353270462 ], [ 77.975976342581831, 13.829414453535598 ], [ 78.00046229455522, 13.87301135945695 ], [ 78.046125286073149, 13.862274807998707 ], [ 78.049434198501984, 13.895785862550195 ], [ 78.078883519118619, 13.881145110561681 ], [ 78.081861540304573, 13.861298757866139 ], [ 78.114619773350043, 13.862925508087084 ], [ 78.122561163179242, 13.840801705082219 ], [ 78.113627099621382, 13.807616000574921 ], [ 78.125870075608077, 13.787118947791003 ], [ 78.091457386348196, 13.742220641692892 ], [ 78.120906706964831, 13.715541938069379 ], [ 78.1132962083785, 13.692767434976135 ], [ 78.070942129289406, 13.698623735771541 ], [ 78.065647869403278, 13.676174582722485 ], [ 78.089802930133771, 13.659256380424647 ], [ 78.0871558001907, 13.642988878215188 ], [ 78.114288882107161, 13.657304280159511 ], [ 78.155981178710476, 13.658605680336269 ], [ 78.169216828425817, 13.65405077971762 ], [ 78.168224154697171, 13.632903026845323 ], [ 78.204291300171477, 13.628348126226674 ], [ 78.195357236613617, 13.596789171940321 ], [ 78.190393867970371, 13.590282171056538 ], [ 78.191055650456136, 13.581172369819241 ], [ 78.192048324184782, 13.57271326867032 ], [ 78.193040997913442, 13.56490486760978 ], [ 78.196349910342278, 13.568483718095861 ], [ 78.207600212600312, 13.580521669730862 ], [ 78.217526949886818, 13.590932871144917 ], [ 78.232747947059465, 13.587028670614647 ], [ 78.237380424459829, 13.598415922161267 ], [ 78.259550137733029, 13.582473769995996 ], [ 78.326059277552616, 13.594837071675187 ], [ 78.401833372172959, 13.587354020658834 ], [ 78.402164263415841, 13.586703320570457 ], [ 78.396870003529699, 13.556120416416672 ], [ 78.374369399013617, 13.508944660009238 ], [ 78.381649006357051, 13.397024244808154 ], [ 78.365104444212875, 13.361886440035722 ], [ 78.408782088273512, 13.343016137472748 ], [ 78.3928993086151, 13.333906336235451 ], [ 78.382972571328594, 13.343666837561125 ], [ 78.377016528956688, 13.331954235970315 ], [ 78.401171589687181, 13.315361383716667 ], [ 78.427973780360759, 13.331303535881936 ], [ 78.440216756347439, 13.328375385484234 ], [ 78.444187451262053, 13.308203682744503 ], [ 78.483232617922312, 13.321217684512071 ], [ 78.479261923007698, 13.301371331816529 ], [ 78.514005503510475, 13.290634780358287 ], [ 78.532204521869076, 13.266884227132476 ], [ 78.539153237969629, 13.288031980004773 ], [ 78.561653842485711, 13.288682680093151 ], [ 78.565624537400311, 13.312107883274773 ], [ 78.578529295872769, 13.280548928988422 ], [ 78.583492664516015, 13.280548928988422 ], [ 78.585808903216204, 13.276319378413962 ], [ 78.581507317058723, 13.263956076734772 ], [ 78.566286319886075, 13.221009870901799 ], [ 78.578529295872769, 13.212876119797068 ], [ 78.550072648984781, 13.20018746807369 ], [ 78.549741757741899, 13.189776266659635 ], [ 78.575882165929698, 13.186848116261933 ], [ 78.579852860844298, 13.167327113610581 ], [ 78.550072648984781, 13.164073613168689 ], [ 78.544778389098639, 13.141949810163823 ], [ 78.516983524696428, 13.13153860874977 ], [ 78.538491455483864, 13.105835955258822 ], [ 78.509373026110111, 13.091520553314497 ], [ 78.514336394753357, 13.061913699293282 ], [ 78.462055578377758, 13.043368746774497 ], [ 78.463710034592182, 13.005302791604361 ], [ 78.474629445607334, 12.991638089748415 ], [ 78.4673498382639, 12.975045237494765 ], [ 78.435253387704194, 12.98122688833436 ], [ 78.437900517647265, 12.963983335992332 ], [ 78.411098326973701, 12.945438383473547 ], [ 78.418708825560017, 12.921687830247738 ], [ 78.437900517647265, 12.929170881264088 ], [ 78.466688055778121, 12.905420328038277 ], [ 78.464702708320829, 12.866703672779762 ], [ 78.445511016233581, 12.911927328922062 ], [ 78.412091000702347, 12.903142877728953 ], [ 78.398524459744124, 12.917458279673276 ], [ 78.388597722457618, 12.907047078259223 ], [ 78.355839489412148, 12.9408834828549 ], [ 78.339625818510854, 12.903142877728953 ], [ 78.323412147609559, 12.901841477552196 ], [ 78.320434126423606, 12.887200725563682 ], [ 78.336978688567783, 12.882320474900844 ], [ 78.313485410323054, 12.876464174105438 ], [ 78.312492736594393, 12.858569921675032 ], [ 78.268484201290889, 12.86767972291233 ], [ 78.252270530389595, 12.860522021940168 ], [ 78.245652705531924, 12.788294312130166 ], [ 78.230762599602159, 12.760639558374084 ], [ 78.134142356680172, 12.78211266129057 ], [ 78.057706479574065, 12.852062920791248 ], [ 78.054728458388112, 12.852388270835437 ], [ 78.023955572799949, 12.856617821409898 ], [ 78.028918941443195, 12.845230569863276 ], [ 78.003771206984055, 12.825709567211923 ], [ 78.015352400484971, 12.813996965621111 ], [ 78.009727249355961, 12.805863214516382 ], [ 77.988550209811407, 12.808140664825707 ], [ 77.980277928739312, 12.83514471849341 ], [ 77.964395149080914, 12.832867268184085 ], [ 77.965387822809561, 12.848158720260978 ], [ 77.95215217309422, 12.857268521498275 ], [ 77.939909197107525, 12.853038970923816 ], [ 77.940570979593289, 12.823432116902598 ], [ 77.920386613777396, 12.828312367565438 ], [ 77.922702852477585, 12.85564177127733 ], [ 77.939578305864643, 12.868981123089087 ], [ 77.94156365332195, 12.870933223354221 ], [ 77.92766622112083, 12.874837423884493 ], [ 77.935938502192926, 12.883621875077601 ], [ 77.934614937221383, 12.885248625298546 ], [ 77.933622263492737, 12.886550025475303 ], [ 77.929982459821019, 12.890454226005573 ], [ 77.91045987649089, 12.880043024591519 ], [ 77.874061839773702, 12.869957173221655 ], [ 77.866451341187386, 12.869957173221655 ], [ 77.859833516329715, 12.869957173221655 ], [ 77.83600934684209, 12.870282523265843 ], [ 77.831045978198844, 12.866378322735573 ], [ 77.815824981026196, 12.854015021056384 ], [ 77.805236461253926, 12.848809420349356 ], [ 77.798949527639138, 12.851737570747058 ], [ 77.792993485267232, 12.84295311955395 ], [ 77.79266259402435, 12.842627769509761 ], [ 77.792331702781468, 12.842302419465572 ], [ 77.80986893865429, 12.831565868007329 ], [ 77.799611310124902, 12.805212514428003 ], [ 77.808545373682762, 12.796753413279085 ], [ 77.778765161823245, 12.767797259346246 ], [ 77.793324376510114, 12.74990300691584 ], [ 77.792993485267232, 12.749252306827461 ], [ 77.763213273407715, 12.736889005148273 ], [ 77.761227925950408, 12.727453853866786 ], [ 77.774463575665749, 12.724200353424894 ], [ 77.761889708436186, 12.697521649801379 ], [ 77.737403756462797, 12.697846999845568 ], [ 77.739058212677222, 12.672795046443001 ], [ 77.738396430191443, 12.672795046443001 ], [ 77.711594239517879, 12.683206247857054 ], [ 77.70266017596002, 12.661407794896379 ], [ 77.678505115229527, 12.660431744763811 ], [ 77.67651976777222, 12.679627397370973 ], [ 77.659975205628044, 12.683856947945433 ], [ 77.600745673151891, 12.667914795780163 ], [ 77.598760325694599, 12.667264095691785 ], [ 77.599422108180363, 12.664010595249893 ], [ 77.597436760723056, 12.658479644498676 ], [ 77.605709041795151, 12.62854744043327 ], [ 77.60306191185208, 12.626269990123946 ], [ 77.59148071835115, 12.615858788709891 ], [ 77.591149827108268, 12.615208088621513 ], [ 77.590488044622504, 12.611629238135432 ], [ 77.581223089821762, 12.557946480844214 ], [ 77.580230416093116, 12.55176483000462 ], [ 77.587179132193668, 12.51467492496705 ], [ 77.616297561567421, 12.509143974215835 ], [ 77.583539328521951, 12.478886420106239 ], [ 77.607363498009562, 12.475307569620158 ], [ 77.626224298853927, 12.496455322492455 ], [ 77.634496579926008, 12.487996221343536 ], [ 77.634165688683126, 12.484742720901645 ], [ 77.61762112653895, 12.374449055921506 ], [ 77.615635779081657, 12.367291354949344 ], [ 77.578575959878691, 12.335732400662993 ], [ 77.551442877962245, 12.291159444609072 ], [ 77.532912968360762, 12.291484794653261 ], [ 77.518353753673892, 12.279121492974072 ], [ 77.487580868085715, 12.280422893150828 ], [ 77.478977695770752, 12.27131309191353 ], [ 77.471036305941539, 12.243658338157449 ], [ 77.472359870913081, 12.242031587936504 ], [ 77.478315913284987, 12.240079487671368 ], [ 77.477654130799209, 12.235524587052719 ], [ 77.472028979670199, 12.207869833296638 ], [ 77.472359870913081, 12.207869833296638 ], [ 77.473352544641727, 12.207219133208259 ], [ 77.505118103958552, 12.198434682015151 ], [ 77.534898315818069, 12.200386782280287 ], [ 77.552766442933773, 12.202013532501232 ], [ 77.608687062981105, 12.205917733031502 ], [ 77.609679736709751, 12.206243083075691 ], [ 77.610672410438397, 12.206243083075691 ], [ 77.61365043162435, 12.205592382987312 ], [ 77.726484345447645, 12.181516479717313 ], [ 77.730124149119362, 12.180540429584745 ], [ 77.731447714090891, 12.180215079540556 ], [ 77.746668711263538, 12.155813826226366 ], [ 77.749646732449492, 12.138570273884339 ], [ 77.776448923123056, 12.112216920305013 ], [ 77.708947109574808, 12.036085009964742 ], [ 77.675527094043574, 11.952144698563929 ], [ 77.653357380770373, 11.954747498917442 ], [ 77.623908060153738, 11.944661647547576 ], [ 77.586848240950786, 11.939456046840549 ], [ 77.561038724005869, 11.942058847194064 ], [ 77.537876337004022, 11.932623695912577 ], [ 77.494860475429164, 11.944010947459198 ], [ 77.494529584186282, 11.943360247370819 ], [ 77.486257303114186, 11.887400039770277 ], [ 77.461440459897915, 11.900088691493657 ], [ 77.466734719784057, 11.847056634290817 ], [ 77.427358661880916, 11.760838872580679 ], [ 77.394269537592564, 11.787842926248384 ], [ 77.364820216975929, 11.790445726601897 ], [ 77.360518630818447, 11.779709175143653 ], [ 77.335040005116412, 11.771250073994734 ], [ 77.293678599755964, 11.808990679120681 ], [ 77.28805344862694, 11.800531577971762 ], [ 77.249670064452459, 11.813220229695141 ], [ 77.238419762194411, 11.794675277176356 ], [ 77.110695742441365, 11.773527524304059 ], [ 77.117644458541918, 11.721146167189598 ], [ 77.080253748096084, 11.736112269222302 ], [ 77.056429578608459, 11.769948673817979 ], [ 77.0696652283238, 11.782311975497167 ], [ 77.063047403466129, 11.790445726601897 ], [ 77.046502841321953, 11.787842926248384 ], [ 77.034921647821037, 11.769948673817979 ], [ 77.02896560544913, 11.774828924480815 ], [ 77.038561451492754, 11.794024577087978 ], [ 77.012751934547836, 11.814846979916087 ], [ 76.981979048959673, 11.811593479474196 ], [ 76.969736072972978, 11.77710637479014 ], [ 76.953853293314566, 11.792072476822844 ], [ 76.907859410553755, 11.795325977264735 ], [ 76.888336827223625, 11.733834818912976 ], [ 76.862527310278708, 11.711060315819733 ], [ 76.835063337119379, 11.65542545826338 ], [ 76.834732445876483, 11.639483306098109 ], [ 76.858225724121226, 11.614106002651353 ], [ 76.846975421863178, 11.594585 ], [ 76.823813034861331, 11.607599001767568 ], [ 76.756973003798862, 11.618660903270001 ], [ 76.614027986873168, 11.607599001767568 ], [ 76.59218916484285, 11.618660903270001 ], [ 76.57663727642732, 11.614756702739731 ], [ 76.559761823040262, 11.622565103800271 ], [ 76.55049686823952, 11.674295760826354 ], [ 76.511782592822144, 11.705204015024327 ], [ 76.481671489719744, 11.692515363300949 ], [ 76.458178211475015, 11.664535259500678 ], [ 76.41714769735745, 11.671692960472841 ], [ 76.416816806114568, 11.671692960472841 ], [ 76.416485914871686, 11.672343660561218 ], [ 76.404242938885005, 11.70845751546622 ], [ 76.403250265156345, 11.711060315819733 ], [ 76.427405325886852, 11.726026417852436 ], [ 76.410529872499779, 11.742293920061895 ], [ 76.410529872499779, 11.742619270106085 ], [ 76.413838784928615, 11.758886772315545 ], [ 76.352293013752288, 11.738389719531625 ] ] ] } },
{ "type": "Feature", "properties": { "state": "Kerala", "dt_code": "588", "district": "Kasaragod", "st_code": "32", "year": "2011_c", "st_nm": "Kerala", "total_loss_ha": 117144.62006082817, "area_km2": 38804.74838829659, "loss_per_1000km2": 3018.8217918237729, "total_tree_loss_ha": 117144.62006082817, "total_emissions_Mg": 74623197.516221285, "Mg_CO2e_per_ha": 637.01770919972819 }, "geometry": { "type": "Polygon", "coordinates": [ [ [ 76.477447782375918, 9.122399668461771 ], [ 76.486652904644771, 9.08690146337223 ], [ 76.348207865721307, 9.387328378024758 ], [ 76.320224294024015, 9.482613033791418 ], [ 76.279353551150336, 9.789392258828391 ], [ 76.283772009839382, 9.751278396521727 ], [ 76.237746398495148, 9.956794320724326 ], [ 76.240692037621173, 9.982203562262102 ], [ 76.220808973520477, 9.999018501515042 ], [ 76.16778746925192, 10.181740841396991 ], [ 76.21381308059614, 10.193324466215682 ], [ 76.163000805672112, 10.18360916798065 ], [ 76.100405974243955, 10.381651785848611 ], [ 75.957174271740698, 10.685441688351725 ], [ 75.910044045724206, 10.793430964887273 ], [ 75.826093330632318, 11.122630108928165 ], [ 75.80436924207784, 11.156633652750777 ], [ 75.809155905657647, 11.16298596313522 ], [ 75.748402098683258, 11.318430734895733 ], [ 75.736619542179128, 11.325156710596909 ], [ 75.731832878599334, 11.356170931885664 ], [ 75.697958028649978, 11.425299015481084 ], [ 75.664083178700622, 11.462665547154284 ], [ 75.633890377658801, 11.462291881837553 ], [ 75.618057567356388, 11.477238494506832 ], [ 75.536684286499778, 11.693964378211392 ], [ 75.553253506583701, 11.702558680496228 ], [ 75.53705249139054, 11.705548003030085 ], [ 75.53263403270148, 11.70666899898028 ], [ 75.5245335251049, 11.708163660247209 ], [ 75.47629868441615, 11.766829114974133 ], [ 75.453838186080162, 11.771686764091648 ], [ 75.461570488785995, 11.779907401059752 ], [ 75.447578702937349, 11.782896723593609 ], [ 75.438005375777735, 11.805690307914261 ], [ 75.38608848618145, 11.856508790989812 ], [ 75.356263890030377, 11.860245444157133 ], [ 75.319443400954995, 11.905085282164972 ], [ 75.303610590652582, 11.951419781439741 ], [ 75.291828034148452, 11.954409103973596 ], [ 75.251693701056283, 12.008590574899737 ], [ 75.227760383157275, 12.023537187569016 ], [ 75.201249631023003, 12.006348582999344 ], [ 75.16553375661988, 12.08967594863058 ], [ 75.126872243090716, 12.202522874283645 ], [ 75.041816913326571, 12.388608202016179 ], [ 75.014937956301551, 12.418127762038008 ], [ 74.974067213427858, 12.501081462352513 ], [ 74.956393378671677, 12.555262933278652 ], [ 74.95455235421791, 12.54928428821094 ], [ 74.938351339024734, 12.591508469001656 ], [ 74.954184149327162, 12.60533408572074 ], [ 74.941665183041522, 12.607576077621133 ], [ 74.939455953697006, 12.595618787485709 ], [ 74.932091855881922, 12.613554722688843 ], [ 74.950133895528865, 12.636348307009495 ], [ 74.928041602083638, 12.611686396105185 ], [ 74.887907268991455, 12.707718382505307 ], [ 74.905949308638398, 12.694640096419688 ], [ 74.891957522789752, 12.71182870098936 ], [ 74.885329834756178, 12.709586709088967 ], [ 74.867656, 12.751437224562952 ], [ 74.869128819563016, 12.758910530897591 ], [ 74.882384195630152, 12.754052881780076 ], [ 74.932828265663431, 12.780583119268048 ], [ 74.96412568137751, 12.780209453951315 ], [ 74.968544140066555, 12.776472800783996 ], [ 74.978117467226156, 12.779835788634584 ], [ 74.982904130805963, 12.78133044990151 ], [ 74.987322589495008, 12.783198776485172 ], [ 74.988795409058014, 12.7940350706704 ], [ 74.989531818839524, 12.795156066620596 ], [ 74.998368736217614, 12.786188099019029 ], [ 75.002787194906674, 12.791045748136543 ], [ 75.003523604688169, 12.791045748136543 ], [ 75.009414882940234, 12.767504833182429 ], [ 74.982535925915201, 12.738358938477331 ], [ 75.011255907394002, 12.727896309608836 ], [ 75.000946170452892, 12.715565354156681 ], [ 75.050285625813913, 12.719302007324 ], [ 75.054704084502958, 12.694640096419688 ], [ 75.039607683982055, 12.686793124768315 ], [ 75.046603576906378, 12.666615197664788 ], [ 75.069432280133114, 12.663999540447664 ], [ 75.085265090435527, 12.673714838682695 ], [ 75.085265090435527, 12.705476390604915 ], [ 75.105516359427, 12.698003084270276 ], [ 75.111775842569813, 12.680814479700604 ], [ 75.133131726233543, 12.674462169316159 ], [ 75.152646585443492, 12.682309140967533 ], [ 75.150069151208214, 12.673714838682695 ], [ 75.160378888149324, 12.671472846782304 ], [ 75.137550184922588, 12.6445689439776 ], [ 75.161115297930834, 12.621028029023485 ], [ 75.201617835913751, 12.628875000674856 ], [ 75.198303991896978, 12.613181057372111 ], [ 75.209350138619584, 12.601597432553419 ], [ 75.200513221241494, 12.588892811784532 ], [ 75.208613728838074, 12.592255799635119 ], [ 75.220396285342204, 12.568341219364271 ], [ 75.237701915207637, 12.568341219364271 ], [ 75.273417789610761, 12.616917710539433 ], [ 75.278572658081316, 12.617291375856164 ], [ 75.311342893358415, 12.591134803684923 ], [ 75.32533467920706, 12.592255799635119 ], [ 75.314656737375202, 12.573946199115252 ], [ 75.289618804803936, 12.584035162667016 ], [ 75.283727526551871, 12.570956876581395 ], [ 75.271944970047741, 12.570209545947932 ], [ 75.269735740703226, 12.549657953527671 ], [ 75.280045477644336, 12.524248711989895 ], [ 75.302874180871072, 12.522754050722968 ], [ 75.304347000434092, 12.503323454252904 ], [ 75.332330572131383, 12.499586801085584 ], [ 75.33638082592968, 12.464088595996044 ], [ 75.359945938937926, 12.465209591946241 ], [ 75.372096700332804, 12.476793216764932 ], [ 75.367678241643759, 12.491739829434213 ], [ 75.382038232383152, 12.502202458302708 ], [ 75.415913082332509, 12.499586801085584 ], [ 75.420331541021554, 12.487255845633427 ], [ 75.422540770366084, 12.47268289828088 ], [ 75.39345258399652, 12.451383975227156 ], [ 75.366205422080739, 12.457736285611599 ], [ 75.365837217189977, 12.457736285611599 ], [ 75.365837217189977, 12.412149116970296 ], [ 75.379092593257127, 12.392344855183499 ], [ 75.421436155693812, 12.372914258713436 ], [ 75.410390008971206, 12.347131351858927 ], [ 75.431745892634922, 12.308643824235531 ], [ 75.430273073071916, 12.307149162968603 ], [ 75.414440262769489, 12.289960558398931 ], [ 75.414072057878741, 12.2895868930822 ], [ 75.484767396903479, 12.289960558398931 ], [ 75.539629925625803, 12.215601160369264 ], [ 75.53263403270148, 12.200654547699983 ], [ 75.552517096802191, 12.191686580098416 ], [ 75.577186824482709, 12.15693570564234 ], [ 75.592283225003612, 12.146846742090576 ], [ 75.619530386919394, 12.155814709692145 ], [ 75.636099607003331, 12.148341403357504 ], [ 75.648986778179705, 12.108732879783911 ], [ 75.661505744465344, 12.098643916232149 ], [ 75.703112897120533, 12.10835921446718 ], [ 75.702008282448261, 12.092291605847704 ], [ 75.717841092750689, 12.085565630146528 ], [ 75.714895453624649, 12.070619017477249 ], [ 75.753556967153813, 12.085565630146528 ], [ 75.80289642251482, 12.079586985078816 ], [ 75.79405950513673, 12.055672404807968 ], [ 75.79405950513673, 12.055298739491237 ], [ 75.794427710027492, 12.054551408857773 ], [ 75.801055398061052, 12.036989138971368 ], [ 75.822779486615531, 12.01307455870052 ], [ 75.829407174649106, 11.984675994628889 ], [ 75.847081009405287, 11.982060337411765 ], [ 75.869909712632037, 11.952167112073205 ], [ 75.936554797858477, 11.940957152571244 ], [ 75.936923002749239, 11.941704483204708 ], [ 76.003199883084932, 11.931615519652944 ], [ 76.070213173202134, 11.967113724742484 ], [ 76.113661350311091, 11.979818345511372 ], [ 76.112556735638833, 11.978697349561177 ], [ 76.112924940529581, 11.858377117573472 ], [ 76.119920833453904, 11.8505301459221 ], [ 76.15600491274779, 11.870334407708896 ], [ 76.190247967587894, 11.871455403659093 ], [ 76.207553597453327, 11.86174010542406 ], [ 76.209762826797856, 11.827362896284717 ], [ 76.223754612646502, 11.808305965131385 ], [ 76.24547870120098, 11.803074650697136 ], [ 76.280089960931846, 11.812416283615436 ], [ 76.30770532773839, 11.784765050177269 ], [ 76.318383269570248, 11.751508836988121 ], [ 76.345630431486029, 11.740672542802892 ], [ 76.352258119519604, 11.7384305509025 ], [ 76.413748336275503, 11.758608478006028 ], [ 76.410434492258716, 11.742914534703285 ], [ 76.410434492258716, 11.742540869386552 ], [ 76.427371917233387, 11.726099595450345 ], [ 76.403438599334393, 11.711152982781064 ], [ 76.404175009115903, 11.70853732556394 ], [ 76.416693975401529, 11.672291789840937 ], [ 76.416693975401529, 11.671918124524204 ], [ 76.417062180292277, 11.671918124524204 ], [ 76.44394113731731, 11.647256213619892 ], [ 76.432158580813194, 11.631188605000418 ], [ 76.387973993922728, 11.629693943733489 ], [ 76.37803246187238, 11.60204271029532 ], [ 76.341580177687746, 11.587469762942773 ], [ 76.341211972796984, 11.587469762942773 ], [ 76.335688899435681, 11.595690399910877 ], [ 76.302182254377072, 11.571402154323296 ], [ 76.29592277123426, 11.590085420159896 ], [ 76.278985346259574, 11.600921714345125 ], [ 76.23443255447836, 11.568786497106172 ], [ 76.233327939806102, 11.568039166472708 ], [ 76.2373781936044, 11.560939525454801 ], [ 76.250265364780773, 11.526935981632189 ], [ 76.234064349587612, 11.527683312265653 ], [ 76.251369979453045, 11.502274070727877 ], [ 76.247319725654748, 11.467896861588532 ], [ 76.284508419620892, 11.482843474257812 ], [ 76.294818156562002, 11.465654869688141 ], [ 76.32611557227608, 11.454071244869448 ], [ 76.342316587469242, 11.467523196271801 ], [ 76.397915525973076, 11.436508974983045 ], [ 76.418534999855297, 11.441740289417293 ], [ 76.415589360729271, 11.423430688897424 ], [ 76.460510357401233, 11.389053479758081 ], [ 76.517582115468088, 11.371491209871676 ], [ 76.508008788308487, 11.354302605302005 ], [ 76.547774916509908, 11.358786589102788 ], [ 76.549984145854424, 11.331135355664621 ], [ 76.53709697467805, 11.313946751094949 ], [ 76.545565687165379, 11.300494799692597 ], [ 76.52678723773694, 11.288537509557173 ], [ 76.521632369266385, 11.270601574354037 ], [ 76.453146259586163, 11.23958735306528 ], [ 76.449096005787865, 11.205583809242668 ], [ 76.442468317754305, 11.201473490758616 ], [ 76.451673440023143, 11.199605164174958 ], [ 76.458301128056718, 11.187647874039532 ], [ 76.473397528577621, 11.195121180374173 ], [ 76.472292913905363, 11.208946797093256 ], [ 76.496226231804371, 11.211188788993649 ], [ 76.499171870930397, 11.211562454310382 ], [ 76.533783130661263, 11.185779547455873 ], [ 76.628779992475756, 11.194373849740709 ], [ 76.691006619013166, 11.235103369264497 ], [ 76.697266102155979, 11.239213687748549 ], [ 76.701316355954276, 11.237345361164889 ], [ 76.706839429315579, 11.238466357115085 ], [ 76.706839429315579, 11.23958735306528 ], [ 76.73555941079438, 11.215672772794433 ], [ 76.728563517870057, 11.191384527206854 ], [ 76.695056872811449, 11.166722616302541 ], [ 76.705734814643321, 11.141687040081496 ], [ 76.711994297786134, 11.151028672999796 ], [ 76.731509156996083, 11.131598076529734 ], [ 76.748078377080006, 11.135334729697053 ], [ 76.743291713500213, 11.102452181824637 ], [ 76.754706065113581, 11.07891126687052 ], [ 76.743659918390961, 11.073306287119541 ], [ 76.746605557517, 11.056865013183334 ], [ 76.778271178121827, 11.042292065830786 ], [ 76.800731676457815, 11.053875690649477 ], [ 76.791894759079725, 11.037434416713269 ], [ 76.766488621617711, 11.029213779745165 ], [ 76.717149166256689, 11.040423739247125 ], [ 76.71567634669367, 11.040423739247125 ], [ 76.699843536391256, 11.026598122528041 ], [ 76.664127661988132, 10.955975377665693 ], [ 76.65565894950079, 10.939160438412753 ], [ 76.660077408189835, 10.9350501199287 ], [ 76.669282530458688, 10.9257084870104 ], [ 76.676646628273758, 10.918235180675762 ], [ 76.740714279264935, 10.890957612554326 ], [ 76.781585022138614, 10.891331277871057 ], [ 76.828347043264358, 10.872648012034457 ], [ 76.853753180726372, 10.839765464162042 ], [ 76.850071131818837, 10.819213871741781 ], [ 76.850071131818837, 10.818092875791585 ], [ 76.900883406742864, 10.808003912239821 ], [ 76.901988021415136, 10.803519928439037 ], [ 76.906774684994929, 10.782221005385313 ], [ 76.889469055129496, 10.735139175477082 ], [ 76.888364440457238, 10.732523518259958 ], [ 76.887996235566476, 10.731776187626494 ], [ 76.892046489364773, 10.719071566857606 ], [ 76.889469055129496, 10.716082244323749 ], [ 76.868849581247275, 10.688804676202313 ], [ 76.86590394212125, 10.684694357718261 ], [ 76.871058810591805, 10.680957704550941 ], [ 76.882104957314425, 10.639107189076958 ], [ 76.814355257415713, 10.634996870592905 ], [ 76.810305003617415, 10.623786911090946 ], [ 76.817300896541738, 10.602861653353953 ], [ 76.838656780205469, 10.596135677652779 ], [ 76.835342936188681, 10.544569863943762 ], [ 76.843075238894514, 10.536722892292389 ], [ 76.81619628186948, 10.423128636005861 ], [ 76.833133706844151, 10.407434692703118 ], [ 76.823192174793803, 10.39473007193423 ], [ 76.848598312255817, 10.367452503812794 ], [ 76.833870116625661, 10.339053939741163 ], [ 76.837183960642449, 10.337185613157502 ], [ 76.835342936188681, 10.32747031492247 ], [ 76.828347043264358, 10.307292387818942 ], [ 76.830188067718126, 10.305050395918549 ], [ 76.848598312255817, 10.284498803498289 ], [ 76.873268039936335, 10.29757708958391 ], [ 76.873268039936335, 10.275530835896722 ], [ 76.891678284474025, 10.259463227277246 ], [ 76.895728538272309, 10.257968566010318 ], [ 76.898674177398348, 10.253484582209534 ], [ 76.900515201852116, 10.251616255625875 ], [ 76.899778792070606, 10.251989920942606 ], [ 76.910088529011716, 10.237790638906789 ], [ 76.911929553465484, 10.234427651056201 ], [ 76.912297758356232, 10.234427651056201 ], [ 76.939544920272027, 10.238164304223522 ], [ 76.981888482708726, 10.219481038386922 ], [ 77.048533567935166, 10.259463227277246 ], [ 77.048901772825928, 10.260957888544175 ], [ 77.050742797279696, 10.266562868295154 ], [ 77.052952026624212, 10.272167848046134 ], [ 77.043746904355373, 10.284125138181558 ], [ 77.094190974388653, 10.311029040986263 ], [ 77.095663793951672, 10.30878704908587 ], [ 77.133220692808564, 10.331954298723254 ], [ 77.180719123715804, 10.357737205577761 ], [ 77.23521344754738, 10.352879556460245 ], [ 77.227481144841548, 10.316634020737242 ], [ 77.263565224135434, 10.26394721107803 ], [ 77.259146765446388, 10.230317332572151 ], [ 77.284552902908402, 10.23218565915581 ], [ 77.288234951815937, 10.23218565915581 ], [ 77.29523084474026, 10.218360042436727 ], [ 77.274611370858054, 10.185103829247577 ], [ 77.267615477933717, 10.123449051986798 ], [ 77.267247273042969, 10.122328056036602 ], [ 77.240368316017936, 10.130175027687974 ], [ 77.207229875850089, 10.118591402869281 ], [ 77.206861670959341, 10.11821773755255 ], [ 77.203916031833302, 10.08832451221399 ], [ 77.263933429026181, 10.029285392170333 ], [ 77.254728306757343, 10.012470452917395 ], [ 77.265038043698439, 10.00424981594929 ], [ 77.272770346404272, 9.964267627058966 ], [ 77.246627799160748, 9.951936671606811 ], [ 77.218276022572709, 9.904854841698578 ], [ 77.220853456807987, 9.885050579911782 ], [ 77.212384744320644, 9.877577273577142 ], [ 77.23742267689191, 9.852168032039366 ], [ 77.223062686152502, 9.845442056338189 ], [ 77.221958071480245, 9.82302213733427 ], [ 77.241104725799445, 9.816296161633094 ], [ 77.246627799160748, 9.798360226429958 ], [ 77.222694481261755, 9.788271262878194 ], [ 77.232636013312103, 9.769214331724863 ], [ 77.220117047026477, 9.744926086137282 ], [ 77.223799095934012, 9.730353138784734 ], [ 77.203547826942554, 9.722132501816631 ], [ 77.206861670959341, 9.694854933695193 ], [ 77.180719123715804, 9.657862067338726 ], [ 77.17740527969903, 9.648520434420426 ], [ 77.167463747648668, 9.612648564014155 ], [ 77.169304772102436, 9.61190123338069 ], [ 77.208702695413109, 9.613395894647619 ], [ 77.234108832875123, 9.581634342725398 ], [ 77.269824707278246, 9.573040040440562 ], [ 77.317691343076248, 9.60255960046239 ], [ 77.329842104471126, 9.599196612611802 ], [ 77.325423645782081, 9.580139681458471 ], [ 77.339415431630727, 9.573413705757295 ], [ 77.361139520185205, 9.602185935145659 ], [ 77.365926183765012, 9.596207290077947 ], [ 77.357457471277669, 9.594712628811019 ], [ 77.359666700622185, 9.577524024241347 ], [ 77.350093373462585, 9.56706139537285 ], [ 77.365189773983502, 9.552862113337035 ], [ 77.365189773983502, 9.54650980295259 ], [ 77.385072838084213, 9.519232234831154 ], [ 77.400537443495864, 9.527452871799259 ], [ 77.402746672840394, 9.524089883948671 ], [ 77.41232, 9.50914327127939 ], [ 77.399064623932858, 9.496438650510502 ], [ 77.392436935899283, 9.459445784154035 ], [ 77.376972330487618, 9.452719808452859 ], [ 77.369608232672547, 9.457951122887106 ], [ 77.363716954420482, 9.457577457570375 ], [ 77.358193881059179, 9.45122514718593 ], [ 77.341624660975256, 9.423947579064494 ], [ 77.339783636521474, 9.419837260580444 ], [ 77.339415431630727, 9.408253635761751 ], [ 77.338310816958469, 9.373502761305675 ], [ 77.336469792504701, 9.364908459020839 ], [ 77.325055440891333, 9.33725722558267 ], [ 77.300017508320067, 9.336883560265939 ], [ 77.299281098538557, 9.311100653411431 ], [ 77.281975468673124, 9.298769697959274 ], [ 77.288603156706699, 9.274107787054962 ], [ 77.275347780639549, 9.234872928798103 ], [ 77.282343673563872, 9.216936993594967 ], [ 77.252519077412813, 9.189659425473531 ], [ 77.264301633916944, 9.186296437622943 ], [ 77.267983682824479, 9.153413889750526 ], [ 77.24699600405151, 9.123894329728699 ], [ 77.212016539429882, 9.099979749457852 ], [ 77.204284236724064, 9.072328516019683 ], [ 77.203916031833302, 9.071207520069487 ], [ 77.197288343799727, 9.046545609165175 ], [ 77.16709554275792, 9.045050947898247 ], [ 77.146844273766447, 9.021510032944132 ], [ 77.196183729127469, 8.954623941249103 ], [ 77.192869885110682, 8.926225377177472 ], [ 77.221221661698735, 8.927346373127667 ], [ 77.221221661698735, 8.904179123490284 ], [ 77.257305740992621, 8.875780559418651 ], [ 77.263933429026181, 8.842150680912772 ], [ 77.231899603530593, 8.807026141139964 ], [ 77.229322169295315, 8.783858891502579 ], [ 77.213121154102154, 8.778627577068331 ], [ 77.217171407900437, 8.768164948199836 ], [ 77.213489358992902, 8.768538613516567 ], [ 77.199497573144257, 8.770780605416959 ], [ 77.198761163362747, 8.769285944150031 ], [ 77.198024753581237, 8.769285944150031 ], [ 77.191397065547676, 8.742008376028595 ], [ 77.172618616119223, 8.749481682363236 ], [ 77.170041181883946, 8.742008376028595 ], [ 77.206861670959341, 8.684463917251868 ], [ 77.200970392707276, 8.669143639265855 ], [ 77.23447703776587, 8.62691945847514 ], [ 77.248468823614516, 8.621314478724159 ], [ 77.246259594270001, 8.603752208837756 ], [ 77.267615477933717, 8.579463963250175 ], [ 77.269456502387499, 8.578716632616711 ], [ 77.269824707278246, 8.57834296729998 ], [ 77.283816493126892, 8.546955080694492 ], [ 77.261724199681666, 8.506599226487436 ], [ 77.261724199681666, 8.506225561170703 ], [ 77.238895496454916, 8.496136597618939 ], [ 77.213489358992902, 8.512204206238415 ], [ 77.201338597598024, 8.500994246736456 ], [ 77.2271129399508, 8.446812775810315 ], [ 77.206125261177831, 8.44382345327646 ], [ 77.16783195253943, 8.383663337282607 ], [ 77.150526322673997, 8.384410667916072 ], [ 77.160836059615107, 8.373574373730843 ], [ 77.152367347127765, 8.354891107894243 ], [ 77.173723230791481, 8.358627761061564 ], [ 77.16635913297641, 8.342560152442088 ], [ 77.179614509043546, 8.323129555972024 ], [ 77.179614509043546, 8.322755890655293 ], [ 77.172986821009985, 8.31864557217124 ], [ 77.168568362320926, 8.332471188890324 ], [ 77.128802234119519, 8.324624217238952 ], [ 77.097873023296188, 8.292489 ], [ 76.986306941397771, 8.375816365631236 ], [ 76.959796189263486, 8.421777199589272 ], [ 76.699475331500494, 8.738645388178007 ], [ 76.681801496744313, 8.776011919851207 ], [ 76.681433291853565, 8.775638254534476 ], [ 76.610369747938066, 8.859712950799175 ], [ 76.581649766459265, 8.880264543219436 ], [ 76.565816956156851, 8.879890877902703 ], [ 76.547774916509908, 8.902684462223355 ], [ 76.53562415511503, 8.934072348828844 ], [ 76.544092867602373, 8.936314340729234 ], [ 76.53562415511503, 8.936314340729234 ], [ 76.478184192157428, 9.122399668461771 ], [ 76.477447782375918, 9.122399668461771 ] ] ] } },
{ "type": "Feature", "properties": { "state": "Maharashtra", "dt_code": "507", "district": "Gondia", "st_code": "27", "year": "2011_c", "st_nm": "Maharashtra", "total_loss_ha": 23312.5650681599, "area_km2": 307442.51355677232, "loss_per_1000km2": 75.827395497321177, "total_tree_loss_ha": 23312.5650681599, "total_emissions_Mg": 11357397.845413337, "Mg_CO2e_per_ha": 487.17924484960139 }, "geometry": { "type": "MultiPolygon", "coordinates": [ [ [ [ 74.665156242671642, 16.665744108412923 ], [ 74.65370012732879, 16.638641370046738 ], [ 74.68735246614844, 16.618069412009756 ], [ 74.688784480566284, 16.608273241515953 ], [ 74.639379983150206, 16.610232475614712 ], [ 74.635799947105568, 16.583456276264986 ], [ 74.618973777695743, 16.584109354297908 ], [ 74.601073597472535, 16.564843552326764 ], [ 74.572433309115382, 16.55341468675066 ], [ 74.555965143310019, 16.562884318228004 ], [ 74.567063255048424, 16.585415510363749 ], [ 74.543793020758244, 16.595211680857549 ], [ 74.544509027967166, 16.635375979882138 ], [ 74.489376472879655, 16.630151355618779 ], [ 74.471834296260909, 16.664111413330623 ], [ 74.455008126851084, 16.647131384474701 ], [ 74.466822245798411, 16.606967085450112 ], [ 74.435317928605542, 16.60108938315383 ], [ 74.42207179524037, 16.584762432330827 ], [ 74.396653539323395, 16.583129737248527 ], [ 74.379827369913585, 16.528597721499697 ], [ 74.357989150041249, 16.538393891993497 ], [ 74.356199132018929, 16.559618928063401 ], [ 74.33973096621358, 16.547536984454378 ], [ 74.316102728318924, 16.554720842816501 ], [ 74.315028717505541, 16.504433834281652 ], [ 74.306436630998391, 16.50378075624873 ], [ 74.301424580535894, 16.529250799532615 ], [ 74.291758483215347, 16.533822345763056 ], [ 74.283166396708211, 16.524679253302175 ], [ 74.27242628857428, 16.547536984454378 ], [ 74.264192205671606, 16.540026587075797 ], [ 74.278512349850175, 16.504760373298112 ], [ 74.247366036261781, 16.496923436903067 ], [ 74.260970173231428, 16.479943408047145 ], [ 74.2742163065966, 16.485494571326967 ], [ 74.279586360663572, 16.504760373298112 ], [ 74.291042476006425, 16.504760373298112 ], [ 74.289252457984105, 16.463289918207682 ], [ 74.332570894124288, 16.454799903779719 ], [ 74.335076919355544, 16.401247505080271 ], [ 74.363717207712682, 16.40483943426133 ], [ 74.353335103183213, 16.3666343693355 ], [ 74.336150930168927, 16.393737107701686 ], [ 74.324694814826074, 16.378389773928063 ], [ 74.317176739132321, 16.381328625076204 ], [ 74.327200840057316, 16.342470482117456 ], [ 74.315386721110002, 16.340184709002237 ], [ 74.32254679319928, 16.334307006705956 ], [ 74.31681873552786, 16.326796609327374 ], [ 74.328990858079649, 16.323857758179233 ], [ 74.325410822034996, 16.313735048668971 ], [ 74.342594995049282, 16.298061175878885 ], [ 74.32075677517696, 16.284673076204022 ], [ 74.324694814826074, 16.271611515545622 ], [ 74.350829077951971, 16.275529983743141 ], [ 74.34581702748946, 16.293816168664907 ], [ 74.359421164459107, 16.290550778500304 ], [ 74.373025301428754, 16.261488806035359 ], [ 74.382691398749287, 16.277162678825441 ], [ 74.414553719546618, 16.282713842105263 ], [ 74.417775751986795, 16.2578968768543 ], [ 74.455008126851084, 16.253325330623859 ], [ 74.468612263820731, 16.240263769965456 ], [ 74.48078438637252, 16.250059940459256 ], [ 74.503338613453764, 16.225242975208293 ], [ 74.496178541364486, 16.214140648648648 ], [ 74.508350663916275, 16.202385244056085 ], [ 74.480068379163583, 16.146873611257874 ], [ 74.490808487297514, 16.116505482727089 ], [ 74.484364422417158, 16.091361978459663 ], [ 74.427799852911804, 16.111933936496648 ], [ 74.39020947444304, 16.089402744360903 ], [ 74.390925481651976, 16.080259651900022 ], [ 74.372667297824293, 16.078300417801259 ], [ 74.361569186085902, 16.054136530583214 ], [ 74.377321344682329, 16.055116147632596 ], [ 74.373383305033215, 16.03650342369437 ], [ 74.429947874538584, 16.059034615830118 ], [ 74.462168198940375, 16.049891523369233 ], [ 74.463242209753759, 16.039442274842511 ], [ 74.431021885351981, 15.956827903678114 ], [ 74.386987442002862, 15.905234739077423 ], [ 74.406319636643943, 15.855274269559033 ], [ 74.388419456420721, 15.854294652509653 ], [ 74.364791218526079, 15.893805873501321 ], [ 74.363717207712682, 15.875193149563097 ], [ 74.338298951795721, 15.854947730542573 ], [ 74.383049402353763, 15.849070028246292 ], [ 74.360495175272504, 15.816742665616745 ], [ 74.370519276197498, 15.810538424304005 ], [ 74.369087261779654, 15.788333771184719 ], [ 74.34581702748946, 15.764496422983134 ], [ 74.323262800408216, 15.772659898394636 ], [ 74.307868645416249, 15.748496011176591 ], [ 74.285672421939466, 15.741638691830929 ], [ 74.268130245320705, 15.754700252489332 ], [ 74.23841594615017, 15.743924464946149 ], [ 74.227675838016239, 15.756659486588092 ], [ 74.228391845225161, 15.788333771184719 ], [ 74.172901286533204, 15.773312976427556 ], [ 74.209059650584095, 15.781149912822597 ], [ 74.201541574890342, 15.758618720686853 ], [ 74.161803174794798, 15.75143486232473 ], [ 74.122064774699268, 15.720740194777484 ], [ 74.132088875624262, 15.702454009855721 ], [ 74.125644810743907, 15.681228973785817 ], [ 74.088054432275158, 15.672412420341395 ], [ 74.118484738654615, 15.65184046230441 ], [ 74.113114684587657, 15.645962760008128 ], [ 74.030773855560867, 15.622451950823004 ], [ 74.021107758240319, 15.606125 ], [ 73.991035455465322, 15.611676163279821 ], [ 73.967407217570681, 15.630288887218045 ], [ 73.963827181526028, 15.691025144279619 ], [ 73.943778979676026, 15.69820900264174 ], [ 73.951655058974239, 15.716168648547043 ], [ 73.938766929213529, 15.74261830888031 ], [ 73.875400291223343, 15.750781784291812 ], [ 73.879338330872457, 15.773966054460477 ], [ 73.862870165067093, 15.798456480694981 ], [ 73.855352089373341, 15.800089175777282 ], [ 73.851414049724241, 15.780823373806138 ], [ 73.829575829851905, 15.764496422983134 ], [ 73.824921782993869, 15.740659074781549 ], [ 73.792701458592092, 15.736087528551108 ], [ 73.785183382898339, 15.725311741007925 ], [ 73.742580953967078, 15.735760989534647 ], [ 73.728260809788509, 15.720087116744564 ], [ 73.693892463759937, 15.722699428876245 ], [ 73.653796060059932, 15.74359792592969 ], [ 73.665968182611721, 15.755026791505792 ], [ 73.626587786120638, 15.851682340377973 ], [ 73.613699656359927, 15.854621191526114 ], [ 73.588639404047413, 15.909806285307864 ], [ 73.570023216615269, 15.912745136456005 ], [ 73.540308917444733, 15.93723556269051 ], [ 73.510236614669736, 15.93723556269051 ], [ 73.489830409215273, 15.987849110241822 ], [ 73.483386344334903, 16.036176884677911 ], [ 73.456894077604545, 16.053809991566755 ], [ 73.466202171320617, 16.072422715504977 ], [ 73.458326092022403, 16.080259651900022 ], [ 73.456536074000084, 16.128587426336111 ], [ 73.411785623442043, 16.272917671611463 ], [ 73.41464965227776, 16.284673076204022 ], [ 73.434339850523301, 16.284346537187563 ], [ 73.449376001910792, 16.30916350243853 ], [ 73.433623843314365, 16.284999615220485 ], [ 73.417155677509001, 16.292510012599067 ], [ 73.409995605419724, 16.274223827677304 ], [ 73.385651360316146, 16.337245857854096 ], [ 73.389231396360785, 16.361083206055682 ], [ 73.397823482867935, 16.354552425726478 ], [ 73.438993897381337, 16.371858993598863 ], [ 73.403193536934893, 16.359450510973382 ], [ 73.392811432405438, 16.360756667039219 ], [ 73.394959454032218, 16.367940525401341 ], [ 73.383861342293827, 16.35879743294046 ], [ 73.368109183697399, 16.364022057203822 ], [ 73.371689219742038, 16.388839022454786 ], [ 73.372763230555435, 16.376104000812845 ], [ 73.387441378338465, 16.394390185734608 ], [ 73.399971504494715, 16.388512483438326 ], [ 73.408205587397404, 16.406798668360089 ], [ 73.481596326312584, 16.409410980491771 ], [ 73.499138502931345, 16.418227533936193 ], [ 73.464770156902759, 16.416268299837434 ], [ 73.474078250618831, 16.439126030989637 ], [ 73.463338142484901, 16.416268299837434 ], [ 73.426821774829548, 16.410390597541152 ], [ 73.414291648673299, 16.412676370656371 ], [ 73.416081666695618, 16.419860229018493 ], [ 73.399255497285793, 16.402553661146108 ], [ 73.36631916567508, 16.396675958849826 ], [ 73.355579057541149, 16.442391421154237 ], [ 73.367393176488463, 16.436513718857956 ], [ 73.385651360316146, 16.4492487404999 ], [ 73.351999021496496, 16.443697577220078 ], [ 73.324790747557216, 16.512923848709612 ], [ 73.315840657445605, 16.512923848709612 ], [ 73.310470603378633, 16.541332743141638 ], [ 73.332258519631864, 16.561857314351887 ], [ 73.318346682676861, 16.593905524791708 ], [ 73.319778697094705, 16.607620163483034 ], [ 73.339468895340246, 16.604028234301971 ], [ 73.351999021496496, 16.615130560861616 ], [ 73.349492996265255, 16.623294036273116 ], [ 73.330160801624174, 16.620028646108516 ], [ 73.341616916967041, 16.638314831030279 ], [ 73.323358733139358, 16.636355596931519 ], [ 73.321568715117039, 16.643865994310101 ], [ 73.333024830459891, 16.650396774639301 ], [ 73.329444794415252, 16.685336449400531 ], [ 73.341258913362566, 16.680111825137168 ], [ 73.344838949407219, 16.690887612680349 ], [ 73.341258913362566, 16.69709185399309 ], [ 73.330160801624174, 16.686969144482831 ], [ 73.318346682676861, 16.696765314976631 ], [ 73.305458552916136, 16.73039883367202 ], [ 73.318346682676861, 16.805502807457835 ], [ 73.295792455595603, 16.816605134017475 ], [ 73.28827437990185, 16.857095972058524 ], [ 73.300446502453639, 16.860687901239586 ], [ 73.286126358275069, 16.88028024222719 ], [ 73.303310531289355, 16.891382568786831 ], [ 73.294360441177744, 16.898566427148953 ], [ 73.276818264558997, 16.892035646819753 ], [ 73.286842365483992, 16.916526073054257 ], [ 73.282188318625956, 16.950486130766105 ], [ 73.292212419550964, 16.956037294045927 ], [ 73.295792455595603, 16.984119649461491 ], [ 73.278966286185778, 16.992936202905913 ], [ 73.271806214096486, 16.986405422576713 ], [ 73.268942185260784, 16.998487366185735 ], [ 73.281472311417033, 16.998160827169276 ], [ 73.282904325834892, 17.013181621926439 ], [ 73.255338048291136, 17.026896260617761 ], [ 73.258202077126853, 17.048121296687665 ], [ 73.276818264558997, 17.035712814062183 ], [ 73.287558372692928, 17.053019381934568 ], [ 73.289348390715247, 17.115388334078439 ], [ 73.284694343857211, 17.101020617354198 ], [ 73.27789227537238, 17.11342909997968 ], [ 73.267510170842925, 17.112449482930298 ], [ 73.263930134798272, 17.154246477037187 ], [ 73.266078156425067, 17.154899555070109 ], [ 73.252116015850959, 17.190165768847795 ], [ 73.23135180679202, 17.198329244259298 ], [ 73.24388193294827, 17.200288478358058 ], [ 73.244955943761667, 17.222493131477343 ], [ 73.223833731098267, 17.247636635744769 ], [ 73.223475727493806, 17.265596281650073 ], [ 73.206649558083981, 17.281596693456613 ], [ 73.204501536457201, 17.269514749847591 ], [ 73.20414353285274, 17.289433629851658 ], [ 73.189823388674156, 17.298903261328999 ], [ 73.196625457158987, 17.306740197724039 ], [ 73.223117723889345, 17.302168651493599 ], [ 73.226697759933984, 17.281596693456613 ], [ 73.249609990619703, 17.280943615423695 ], [ 73.239585889694709, 17.302821729526521 ], [ 73.244239936552745, 17.321760992481202 ], [ 73.219179684240231, 17.329271389859784 ], [ 73.230635799583098, 17.335475631172528 ], [ 73.215241644591131, 17.34592487969925 ], [ 73.225981752725062, 17.353761816094291 ], [ 73.207365565292918, 17.386089178723836 ], [ 73.184095331002737, 17.384783022657999 ], [ 73.167985168801835, 17.404375363645602 ], [ 73.187317363442915, 17.414498073155862 ], [ 73.188391374256298, 17.431151562995328 ], [ 73.211661608546478, 17.437682343324528 ], [ 73.186959359838454, 17.442253889554969 ], [ 73.184095331002737, 17.455641989229832 ], [ 73.194477435532193, 17.464785081690714 ], [ 73.179083280540226, 17.506582075797603 ], [ 73.155097039041124, 17.529113267933347 ], [ 73.137554862422377, 17.556542545315992 ], [ 73.143640923698257, 17.570583723023777 ], [ 73.156171049854521, 17.566338715809795 ], [ 73.167985168801835, 17.577114503352977 ], [ 73.170133190428629, 17.569604105974395 ], [ 73.177293262517907, 17.582665666632799 ], [ 73.137554862422377, 17.610748022048366 ], [ 73.126814754288446, 17.637524221398092 ], [ 73.144714934511654, 17.63850383844747 ], [ 73.114642631736658, 17.684219300751881 ], [ 73.117148656967899, 17.697933939443203 ], [ 73.140060887653618, 17.702505485673644 ], [ 73.135048837191121, 17.715240507315588 ], [ 73.144714934511654, 17.722424365677711 ], [ 73.134332829982185, 17.717852819447266 ], [ 73.112494610109863, 17.789364864052022 ], [ 73.095668440700038, 17.811242978154848 ], [ 73.089224375819683, 17.808304127006707 ], [ 73.093878422677719, 17.841284567669174 ], [ 73.071682199200936, 17.893530810302785 ], [ 73.052708008164331, 17.904633136862426 ], [ 73.055572037000033, 17.932062414245074 ], [ 73.038387863985747, 17.934674726376755 ], [ 73.028721766665214, 17.950022060150378 ], [ 73.030869788291994, 17.969287862121522 ], [ 73.044831928866117, 17.982349422779922 ], [ 73.034449824336647, 17.980390188681163 ], [ 73.002587503539317, 18.020881026722211 ], [ 73.019413672949142, 18.029697580166633 ], [ 73.00831556121075, 18.050269538203619 ], [ 72.990415380987528, 18.054188006401137 ], [ 72.999365471099139, 18.074759964438122 ], [ 72.97251520076432, 18.124393894940052 ], [ 72.989699373778606, 18.15704779658606 ], [ 72.983613312502712, 18.194599783478967 ], [ 72.956763042167893, 18.218437131680552 ], [ 72.932060793459854, 18.218437131680552 ], [ 72.942800901593785, 18.245539870046738 ], [ 72.935640829504493, 18.280806083824427 ], [ 72.96392311425717, 18.280479544807967 ], [ 72.97430521878664, 18.263172976935582 ], [ 72.969293168324143, 18.243254096931519 ], [ 73.016549644113425, 18.24456025299736 ], [ 73.067744159551822, 18.212559429384271 ], [ 73.052350004559855, 18.200804024791708 ], [ 73.050917990141997, 18.182191300853486 ], [ 73.071682199200936, 18.1501904772404 ], [ 73.105334538020585, 18.140067767730137 ], [ 73.077410256872369, 18.188722081182686 ], [ 73.077410256872369, 18.208967500203212 ], [ 73.092088404655399, 18.218763670697015 ], [ 73.079916282103611, 18.222682138894534 ], [ 73.061658098275927, 18.252070650375941 ], [ 73.072398206409858, 18.263499515952041 ], [ 73.067744159551822, 18.279173388742127 ], [ 73.051633997350933, 18.281459161857349 ], [ 73.050201982933075, 18.296806495630971 ], [ 73.082422307334866, 18.29256148841699 ], [ 73.10282851278933, 18.265458750050804 ], [ 73.082780310939327, 18.311827290388134 ], [ 73.091372397446477, 18.326195007112375 ], [ 73.112852613714338, 18.329460397276979 ], [ 73.087792361401824, 18.335991177606179 ], [ 73.071324195596475, 18.308235361207071 ], [ 73.044831928866117, 18.312806907437512 ], [ 73.036955849567889, 18.292888027433449 ], [ 73.053066011768792, 18.270356835297704 ], [ 73.028721766665214, 18.264152593984964 ], [ 73.015475633300042, 18.285377630054867 ], [ 72.997933456681281, 18.285051091038408 ], [ 72.992921406218784, 18.273622225462304 ], [ 72.981823294480392, 18.299745346779112 ], [ 72.955331027750034, 18.315745758585653 ], [ 72.95318300612324, 18.335011560556797 ], [ 72.914160613236632, 18.354603901544401 ], [ 72.912012591609852, 18.368318540235727 ], [ 72.926332735788421, 18.373216625482627 ], [ 72.92597473218396, 18.386931264173949 ], [ 72.906284533938418, 18.403258214996953 ], [ 72.906284533938418, 18.43917750680756 ], [ 72.894828418595552, 18.463341394025605 ], [ 72.911296584400915, 18.507750700264175 ], [ 72.905926530333957, 18.540404601910183 ], [ 72.913802609632171, 18.530608431416379 ], [ 72.933492807877698, 18.540404601910183 ], [ 72.88373030685716, 18.637713228815283 ], [ 72.865472123029477, 18.651754406523064 ], [ 72.855806025708944, 18.699429102926235 ], [ 72.868336151865194, 18.799676580979476 ], [ 72.832177787814302, 18.858127064925828 ], [ 72.836115827463402, 18.86367822820565 ], [ 72.828239748165188, 18.864331306238569 ], [ 72.803179495852689, 18.905475222312539 ], [ 72.814635611195555, 18.921475634119084 ], [ 72.8121295859643, 18.91167946362528 ], [ 72.825375719329486, 18.919842939036783 ], [ 72.817857643635733, 18.925394102316602 ], [ 72.82286969409823, 18.943027209205447 ], [ 72.808549549919661, 18.955109152814469 ], [ 72.793871402136617, 18.939435280024387 ], [ 72.791365376905375, 18.948904911501728 ], [ 72.814635611195555, 18.983191508230036 ], [ 72.815351618404478, 19.025968119386306 ], [ 72.824301708516089, 19.018131182991262 ], [ 72.838263849090197, 19.033805055781347 ], [ 72.836831834672338, 19.047846233489128 ], [ 72.817499640031258, 19.043274687258688 ], [ 72.827165737351805, 19.091929000711239 ], [ 72.819647661658053, 19.120990973176184 ], [ 72.800673470621447, 19.142542548262551 ], [ 72.786711330047325, 19.129807526620606 ], [ 72.781699279584828, 19.166053357447673 ], [ 72.795303416554475, 19.172257598760417 ], [ 72.796735430972333, 19.194462251879699 ], [ 72.782773290398225, 19.192829556797399 ], [ 72.77632922551787, 19.222544607295266 ], [ 72.784205304816084, 19.263688523369236 ], [ 72.7870693336518, 19.307118212558425 ], [ 72.797809441785731, 19.304505900426744 ], [ 72.799957463412511, 19.329975943710629 ], [ 72.768811149824117, 19.374711788965659 ], [ 72.775255214704472, 19.357405221093273 ], [ 72.758429045294648, 19.374058710932736 ], [ 72.774897211100011, 19.412916853891488 ], [ 72.762367084943762, 19.396916442084944 ], [ 72.744108901116078, 19.461897706360496 ], [ 72.773107193077692, 19.48769428866084 ], [ 72.76773713901072, 19.507613168664907 ], [ 72.718690645199104, 19.539613992277992 ], [ 72.726924728101793, 19.56704326966064 ], [ 72.716542623572323, 19.572920971956918 ], [ 72.715826616363401, 19.592186773928063 ], [ 72.746972929951795, 19.598391015240807 ], [ 72.742318883093759, 19.589574461796385 ], [ 72.759861059712506, 19.600676788356026 ], [ 72.76773713901072, 19.586309071631781 ], [ 72.771675178659834, 19.599697171306644 ], [ 72.789217355278581, 19.597411398191426 ], [ 72.785995322838403, 19.607860646718148 ], [ 72.772391185868756, 19.608187185734607 ], [ 72.78026726516697, 19.617330278195489 ], [ 72.772391185868756, 19.635616463117252 ], [ 72.758429045294648, 19.608187185734607 ], [ 72.750552965996434, 19.61667720016257 ], [ 72.739454854258042, 19.598717554257266 ], [ 72.729430753333034, 19.601656405405407 ], [ 72.725850717288395, 19.628759143771592 ], [ 72.750194962391973, 19.619289512294252 ], [ 72.748046940765178, 19.647045328693356 ], [ 72.731578774959829, 19.648678023775656 ], [ 72.733726796586609, 19.629085682788052 ], [ 72.715826616363401, 19.646392250660437 ], [ 72.718332641594642, 19.634636846067874 ], [ 72.70687652625179, 19.680025769355822 ], [ 72.713678594736606, 19.695046564112985 ], [ 72.694704403700001, 19.727047387726074 ], [ 72.704370501020534, 19.727373926742533 ], [ 72.704370501020534, 19.736190480186956 ], [ 72.691482371259823, 19.738476253302174 ], [ 72.685396309983929, 19.758068594289782 ], [ 72.691482371259823, 19.795620581182689 ], [ 72.676088216267857, 19.815539461186752 ], [ 72.680384259521432, 19.824356014631174 ], [ 72.667496129760707, 19.821090624466571 ], [ 72.654608, 19.836437958240197 ], [ 72.658188036044635, 19.847866823816297 ], [ 72.682532281148212, 19.852111831030278 ], [ 72.672150176618743, 19.85472414316196 ], [ 72.683964295566071, 19.868112242836823 ], [ 72.686470320797326, 19.858969150375941 ], [ 72.700074457766959, 19.858969150375941 ], [ 72.701506472184818, 19.880520725462304 ], [ 72.695420410908923, 19.865173391688682 ], [ 72.688260338819646, 19.874969562182486 ], [ 72.680384259521432, 19.866153008738063 ], [ 72.68575431358839, 19.909909236943712 ], [ 72.677878234290176, 19.901092683499289 ], [ 72.663916093716068, 19.933746585145297 ], [ 72.68575431358839, 19.941583521540338 ], [ 72.690050356841965, 19.958563550396264 ], [ 72.720838666825898, 19.968033181873604 ], [ 72.711172569505365, 19.960196245478564 ], [ 72.726208720892856, 19.953992004165819 ], [ 72.718332641594642, 19.945828528754319 ], [ 72.729430753333034, 19.921338102519815 ], [ 72.739096850653581, 19.923623875635034 ], [ 72.73408480019107, 19.909909236943712 ], [ 72.743750897511617, 19.902072300548671 ], [ 72.750552965996434, 19.916766556289375 ], [ 72.758429045294648, 19.882153420544604 ], [ 72.7659471209884, 19.901419222515749 ], [ 72.775255214704472, 19.900439605466371 ], [ 72.762009081339301, 19.936358897276978 ], [ 72.77453920749555, 19.94386929465556 ], [ 72.770601167846436, 19.953992004165819 ], [ 72.746972929951795, 19.95203277006706 ], [ 72.753416994832151, 19.961502401544401 ], [ 72.776687229122331, 19.961175862527941 ], [ 72.765589117383939, 19.982400898597845 ], [ 72.745898919138398, 19.980441664499086 ], [ 72.741960879489298, 19.969339337939445 ], [ 72.740170861466964, 19.98860513991059 ], [ 72.732652785773226, 19.971625111054664 ], [ 72.725850717288395, 19.98860513991059 ], [ 72.716542623572323, 19.973257806136964 ], [ 72.722628684848218, 19.99480938122333 ], [ 72.708666544274109, 20.073831823206667 ], [ 72.734800807400006, 20.09244454714489 ], [ 72.737664836235723, 20.128037299939038 ], [ 72.774897211100011, 20.131955768136557 ], [ 72.793871402136617, 20.123139214692138 ], [ 72.785279315629481, 20.144690789778501 ], [ 72.805685521083944, 20.154160421255845 ], [ 72.82465971212055, 20.14175193863036 ], [ 72.8160676256134, 20.184202010770171 ], [ 72.837189838276799, 20.188447017984149 ], [ 72.831103777000905, 20.19628395437919 ], [ 72.838979856299119, 20.208692437004675 ], [ 72.861534083380377, 20.207386280938834 ], [ 72.85867005454466, 20.224692848811216 ], [ 72.873348202327705, 20.226652082909979 ], [ 72.962849103443773, 20.209672054054053 ], [ 72.96177509263039, 20.184202010770171 ], [ 72.977527251226817, 20.179630464539727 ], [ 72.964281117861631, 20.126078065840279 ], [ 72.977527251226817, 20.112689966165416 ], [ 72.992563402614323, 20.117588051412316 ], [ 72.998291460285742, 20.143058094696201 ], [ 73.011537593650928, 20.134568080268238 ], [ 73.001513492725934, 20.111710349116034 ], [ 73.045189932470578, 20.065341808778705 ], [ 73.052708008164331, 20.064688730745786 ], [ 73.055930040604508, 20.098975327474093 ], [ 73.064522127111644, 20.098648788457631 ], [ 73.103544519998266, 20.089505695996749 ], [ 73.112136606505402, 20.074158362223127 ], [ 73.137196858817902, 20.08591376681569 ], [ 73.166195150779515, 20.054892560251982 ], [ 73.191971410300951, 20.049667935988623 ], [ 73.189107381465234, 20.077423752387727 ], [ 73.210587597733095, 20.08591376681569 ], [ 73.210587597733095, 20.120526902560457 ], [ 73.224907741911665, 20.14011924354806 ], [ 73.224907741911665, 20.123465753708597 ], [ 73.244955943761667, 20.127710760922579 ], [ 73.253548030268817, 20.112689966165416 ], [ 73.269658192469706, 20.109424576000812 ], [ 73.248893983410781, 20.122486136659216 ], [ 73.253906033873278, 20.137833470432838 ], [ 73.279324289790239, 20.149915414041864 ], [ 73.283262329439353, 20.198243188477953 ], [ 73.299372491640241, 20.209672054054053 ], [ 73.34340693498936, 20.199222805527334 ], [ 73.357011071959008, 20.212937444218657 ], [ 73.353073032309894, 20.201508578642553 ], [ 73.365245154861682, 20.195630876346272 ], [ 73.383861342293827, 20.211304749136357 ], [ 73.38958939996526, 20.192692025198131 ], [ 73.421451720762576, 20.206733202905916 ], [ 73.412143627046504, 20.265510225868727 ], [ 73.427895785642932, 20.280204481609431 ], [ 73.412501630650965, 20.360533079658609 ], [ 73.40426754774829, 20.386003122942491 ], [ 73.382787331480429, 20.372288484251168 ], [ 73.379923302644713, 20.393186981304613 ], [ 73.419303699135796, 20.413105861308679 ], [ 73.431117818083123, 20.454249777382646 ], [ 73.467992189342937, 20.496373310505994 ], [ 73.469424203760795, 20.51988411969112 ], [ 73.493768448864373, 20.538170304612883 ], [ 73.475152261432228, 20.543721467892706 ], [ 73.473004239805448, 20.584538844950217 ], [ 73.431117818083123, 20.594008476427557 ], [ 73.420377709949193, 20.626988917090024 ], [ 73.407489580188468, 20.623723526925424 ], [ 73.392095425196501, 20.649193570209309 ], [ 73.431117818083123, 20.664867442999391 ], [ 73.432549832500968, 20.677275925624876 ], [ 73.444721955052756, 20.682827088904695 ], [ 73.449734005515268, 20.717440224649462 ], [ 73.474794257827767, 20.720379075797602 ], [ 73.490188412819734, 20.686419018085758 ], [ 73.478374293872406, 20.676622847591954 ], [ 73.489472405610798, 20.65572435053851 ], [ 73.504150553393842, 20.670745145295673 ], [ 73.51811269396795, 20.667806294147532 ], [ 73.520976722803667, 20.678582081690713 ], [ 73.550691021974202, 20.648540492176387 ], [ 73.569307209406347, 20.651479343324528 ], [ 73.615489674382246, 20.624376604958343 ], [ 73.626945789725099, 20.584865383966672 ], [ 73.652364045642074, 20.56461996494615 ], [ 73.669548218656359, 20.56298726986385 ], [ 73.695324478177795, 20.578334603637472 ], [ 73.744370971989397, 20.564946503962609 ], [ 73.776591296391189, 20.600865795773217 ], [ 73.798787519867972, 20.598580022657998 ], [ 73.838167916359055, 20.620458136760824 ], [ 73.838883923567977, 20.65898974070311 ], [ 73.830649840665302, 20.674990152509654 ], [ 73.81740370730013, 20.671724762345054 ], [ 73.812033653233158, 20.692296720382039 ], [ 73.835303887523338, 20.702092890875839 ], [ 73.855352089373341, 20.692296720382039 ], [ 73.874326280409946, 20.729522168258484 ], [ 73.917286712945668, 20.724624083011584 ], [ 73.941630958049245, 20.741277572851047 ], [ 73.941272954444784, 20.75793106269051 ], [ 73.931964860728712, 20.760543374822191 ], [ 73.941272954444784, 20.839892355821988 ], [ 73.960963152690312, 20.841525050904288 ], [ 73.929100831892995, 20.84217812893721 ], [ 73.917286712945668, 20.907812471245684 ], [ 73.887930417379593, 20.933282514529569 ], [ 73.892226460633168, 20.955813706665314 ], [ 73.907978619229596, 20.966916033224955 ], [ 73.901176550744779, 20.981936827982118 ], [ 73.868956226342988, 20.984875679130258 ], [ 73.850340038910844, 20.998263778805121 ], [ 73.854278078559943, 21.032876914549888 ], [ 73.849266028097446, 20.999569934870962 ], [ 73.795565487427794, 21.044305780125992 ], [ 73.810601638815299, 21.059326574883155 ], [ 73.807379606375122, 21.084470079150581 ], [ 73.780171332435827, 21.064224660130055 ], [ 73.759765126981364, 21.069122745376959 ], [ 73.729692824206367, 21.082184306035359 ], [ 73.743654964780475, 21.114838207681366 ], [ 73.729692824206367, 21.099490873907744 ], [ 73.70534857910279, 21.108307427352166 ], [ 73.702842553871534, 21.118103597845966 ], [ 73.688880413297426, 21.100470490957122 ], [ 73.651648038433137, 21.107654349319244 ], [ 73.645919980761718, 21.121042448994107 ], [ 73.617995699613488, 21.118103597845966 ], [ 73.617279692404566, 21.142594024080474 ], [ 73.598663504972421, 21.156635201788255 ], [ 73.578257299517958, 21.150430960475514 ], [ 73.57718328870456, 21.170349840479577 ], [ 73.599737515785819, 21.181452167039222 ], [ 73.607613595084032, 21.158920974903477 ], [ 73.629093811351893, 21.154675967689496 ], [ 73.626945789725099, 21.142920563096933 ], [ 73.643055951926002, 21.139328633915873 ], [ 73.667400197029565, 21.154349428673036 ], [ 73.731482842228687, 21.140961328998173 ], [ 73.736852896295645, 21.153043272607196 ], [ 73.728260809788509, 21.161859826051618 ], [ 73.740074928735822, 21.171329457528959 ], [ 73.771937249533153, 21.164472138183299 ], [ 73.784825379293864, 21.1840644791709 ], [ 73.815613689277797, 21.17394176966064 ], [ 73.825637790202805, 21.187003330319044 ], [ 73.825637790202805, 21.199738351960985 ], [ 73.815255685673336, 21.197126039829303 ], [ 73.810243635210838, 21.207575288356026 ], [ 73.811675649628697, 21.230759558524692 ], [ 73.828143815434046, 21.239576111969114 ], [ 73.822773761367088, 21.270597318532822 ], [ 73.879338330872457, 21.265699233285918 ], [ 73.933038871542095, 21.290842737553344 ], [ 73.942346965258167, 21.299985830014226 ], [ 73.948791030138537, 21.350925916581996 ], [ 73.938766929213529, 21.404804854297907 ], [ 73.959531138272467, 21.395008683804107 ], [ 74.002491570808175, 21.42145834413737 ], [ 74.044735996134975, 21.418846032005689 ], [ 74.045452003343897, 21.445948770371878 ], [ 74.062636176358183, 21.474357664803904 ], [ 74.072302273678716, 21.457051096931519 ], [ 74.100584558431407, 21.447581465454178 ], [ 74.125286807139446, 21.466520728408859 ], [ 74.136026915273376, 21.456071479882141 ], [ 74.160729163981415, 21.468806501524082 ], [ 74.182209380249276, 21.469133040540541 ], [ 74.187579434316234, 21.4580307139809 ], [ 74.209059650584095, 21.462275721194882 ], [ 74.214071701046592, 21.481541523166023 ], [ 74.234477906501056, 21.482194601198945 ], [ 74.235551917314453, 21.467500345458241 ], [ 74.253452097537675, 21.467500345458241 ], [ 74.255958122768916, 21.476643437919122 ], [ 74.303930605767135, 21.488072303495226 ], [ 74.303930605767135, 21.49950116907133 ], [ 74.32075677517696, 21.498521552021948 ], [ 74.330422872497508, 21.552727028754319 ], [ 74.302856594953752, 21.5520739507214 ], [ 74.294980515655539, 21.569053979577323 ], [ 74.276006324618919, 21.5618701212152 ], [ 74.263476198462669, 21.539665468095919 ], [ 74.235909920918914, 21.539338929079456 ], [ 74.229107852434097, 21.55403318482016 ], [ 74.196887528032306, 21.532155070717337 ], [ 74.182567383853737, 21.542277780227597 ], [ 74.175765315368906, 21.568727440560863 ], [ 74.157507131541237, 21.568727440560863 ], [ 74.136742922482298, 21.546196248425119 ], [ 74.118842742259091, 21.556318957935382 ], [ 74.113114684587657, 21.548482021540337 ], [ 74.103090583662649, 21.556318957935382 ], [ 74.071944270074255, 21.547828943507419 ], [ 74.054760097059969, 21.5586047310506 ], [ 74.042945978112641, 21.542277780227597 ], [ 74.037575924045683, 21.55076779465556 ], [ 74.005355599643892, 21.553380106787237 ], [ 73.998195527554614, 21.538685851046537 ], [ 73.973851282451037, 21.542604319244056 ], [ 73.982443368958172, 21.521705822190611 ], [ 73.966333206757284, 21.521379283174152 ], [ 73.957025113041212, 21.540971624161756 ], [ 73.951655058974239, 21.51256272972973 ], [ 73.905114590393879, 21.524644673338752 ], [ 73.892226460633168, 21.508970800548671 ], [ 73.864302179484952, 21.512236190713271 ], [ 73.869314229947449, 21.500807325137167 ], [ 73.852130056933163, 21.49786847398903 ], [ 73.834587880314416, 21.520399666124774 ], [ 73.813823671255477, 21.600728264173949 ], [ 73.797713509054589, 21.604320193355012 ], [ 73.780171332435827, 21.628157541556597 ], [ 73.814539678464413, 21.644157953363138 ], [ 73.838525919963516, 21.633055626803497 ], [ 73.852130056933163, 21.6461171874619 ], [ 73.887930417379593, 21.653301045824023 ], [ 73.891510453424232, 21.691506110749849 ], [ 73.881128348894777, 21.714690380918512 ], [ 73.824205775784947, 21.761058921255845 ], [ 73.834229876709941, 21.775100098963627 ], [ 73.828859822642983, 21.785875886506808 ], [ 73.837809912754594, 21.789141276671408 ], [ 73.827427808225124, 21.792406666836008 ], [ 73.827069804620663, 21.810039773724853 ], [ 73.808095613584044, 21.809713234708394 ], [ 73.795923491032269, 21.824407490449097 ], [ 73.816687700091194, 21.840734441272101 ], [ 73.872894265992088, 21.841714058321479 ], [ 74.049390042993011, 21.92563458555172 ], [ 74.128150835975163, 21.949471933753301 ], [ 74.157149127936762, 21.950778089819146 ], [ 74.192949488383206, 21.92563458555172 ], [ 74.280660371476955, 21.933144982930301 ], [ 74.300708573326958, 21.967105040642146 ], [ 74.344743016676077, 21.975268516053649 ], [ 74.375889330264471, 22.000412020321075 ], [ 74.398085553741254, 22.022616673440361 ], [ 74.387703449211799, 22.033719 ], [ 74.402023593390368, 22.023269751473279 ], [ 74.431737892560903, 22.030127070818942 ], [ 74.443552011508231, 22.023269751473279 ], [ 74.452144098015367, 22.004003949502135 ], [ 74.432095896165364, 21.999432403271694 ], [ 74.439613971859117, 21.97657467211949 ], [ 74.453218108828764, 21.961880416378786 ], [ 74.469686274634128, 21.967105040642146 ], [ 74.468970267425192, 21.959921182280027 ], [ 74.488660465670733, 21.956002714082505 ], [ 74.484722426021619, 21.945880004572242 ], [ 74.508708667520736, 21.937389990144283 ], [ 74.509424674729658, 21.92073650030482 ], [ 74.524102822512702, 21.911593407843935 ], [ 74.497968559386806, 21.79012089372079 ], [ 74.514078721587694, 21.765630467486282 ], [ 74.505486635080558, 21.726119246494616 ], [ 74.547373056802883, 21.719261927148956 ], [ 74.557397157727877, 21.704241132391793 ], [ 74.554175125287699, 21.681383401239586 ], [ 74.580309388413596, 21.683016096321886 ], [ 74.582099406435916, 21.664729911400123 ], [ 74.664082231858245, 21.652321428774641 ], [ 74.68735246614844, 21.631422931721197 ], [ 74.775063349242188, 21.615422519914652 ], [ 74.828763889911841, 21.609544817618371 ], [ 74.863132235940412, 21.634035243852878 ], [ 74.901796625222559, 21.629463697622434 ], [ 74.910388711729709, 21.614442902865271 ], [ 74.979483407391328, 21.595177100894126 ], [ 75.020295818300255, 21.568727440560863 ], [ 75.05180013549311, 21.566441667445641 ], [ 75.089748517566335, 21.515175041861411 ], [ 75.108006701394018, 21.462275721194882 ], [ 75.206457692621697, 21.41362140774233 ], [ 75.159559220436876, 21.402519081182689 ], [ 75.23330796295653, 21.41492756380817 ], [ 75.253714168410994, 21.401866003149767 ], [ 75.295600590133319, 21.41362140774233 ], [ 75.299538629782433, 21.384559435277385 ], [ 75.307414709080646, 21.392396371672426 ], [ 75.351807156034226, 21.390437137573663 ], [ 75.357177210101185, 21.400559847083926 ], [ 75.382595466018145, 21.379334811014022 ], [ 75.425555898553867, 21.390763676590126 ], [ 75.520068850132446, 21.387171747409063 ], [ 75.543697088027102, 21.368559023470841 ], [ 75.607063726017287, 21.391743293639507 ], [ 75.623173888218176, 21.375089803800041 ], [ 75.670072360402997, 21.374763264783581 ], [ 75.728426947930686, 21.388477903474904 ], [ 75.832964000434274, 21.376395959865881 ], [ 75.885590530290528, 21.394355605771185 ], [ 75.910650782603028, 21.382273662162163 ], [ 75.962919308854822, 21.389784059540744 ], [ 75.986547546749463, 21.3688855624873 ], [ 76.029507979285185, 21.364640555273319 ], [ 76.048124166717329, 21.348966682483237 ], [ 76.095738646111087, 21.371171335602522 ], [ 76.12831697411734, 21.286597730339363 ], [ 76.142995121900384, 21.285618113289985 ], [ 76.159105284101273, 21.255249984759196 ], [ 76.140489096669128, 21.241208807051414 ], [ 76.140847100273589, 21.227494168360089 ], [ 76.165191345377167, 21.221289927047351 ], [ 76.158389276892336, 21.213452990652307 ], [ 76.171993413861983, 21.204962976224344 ], [ 76.165191345377167, 21.190268720483644 ], [ 76.176289457115558, 21.1840644791709 ], [ 76.171635410257522, 21.166431372282059 ], [ 76.132255013766454, 21.1759010037594 ], [ 76.110058790289656, 21.166431372282059 ], [ 76.135477046206631, 21.120715909977648 ], [ 76.169845392235203, 21.103409342105266 ], [ 76.166623359795025, 21.078918915870759 ], [ 76.259346293351285, 21.090347781446862 ], [ 76.271518415903074, 21.089041625381022 ], [ 76.279036491596827, 21.069775823409877 ], [ 76.382141529682542, 21.075653525706159 ], [ 76.381067518869159, 21.078592376854299 ], [ 76.412571836062014, 21.08806200833164 ], [ 76.410065810830758, 21.102103186039425 ], [ 76.455890272202197, 21.107654349319244 ], [ 76.451236225344161, 21.120389370961188 ], [ 76.457322286620055, 21.133124392603129 ], [ 76.47414845602988, 21.136716321784192 ], [ 76.465914373127205, 21.142267485064011 ], [ 76.47808649567898, 21.147165570310914 ], [ 76.480234517305774, 21.181778706055681 ], [ 76.490258618230769, 21.192227954582403 ], [ 76.529639014721852, 21.181778706055681 ], [ 76.565439375168282, 21.199411812944525 ], [ 76.623077955487034, 21.184717557203822 ], [ 76.636682092456681, 21.202677203109126 ], [ 76.641694142919178, 21.236963799837433 ], [ 76.66138434116472, 21.240882268034952 ], [ 76.662458351978117, 21.280393489026622 ], [ 76.621287937464714, 21.332313192643774 ], [ 76.740145134146871, 21.411335634627108 ], [ 76.744083173795985, 21.439744529059134 ], [ 76.785611591913835, 21.465214572343022 ], [ 76.795635692838843, 21.489704998577526 ], [ 76.763057364832591, 21.520726205141234 ], [ 76.789549631562949, 21.536400077931315 ], [ 76.781315548660274, 21.564482433346882 ], [ 76.795993696443304, 21.594197483844749 ], [ 76.832868067703131, 21.588972859581389 ], [ 76.854348283970992, 21.613136746799434 ], [ 76.90196276336475, 21.59680979597643 ], [ 76.928813033699569, 21.624239073359075 ], [ 77.073446489903162, 21.719261927148956 ], [ 77.129295052199595, 21.722200778297093 ], [ 77.165095412646025, 21.710445373704534 ], [ 77.175835520779955, 21.725466168461697 ], [ 77.191587679376383, 21.720894622231256 ], [ 77.188007643331744, 21.701955359276571 ], [ 77.210203866808527, 21.689873415667549 ], [ 77.227388039822813, 21.69934304714489 ], [ 77.226672032613891, 21.716976154033734 ], [ 77.259966367829065, 21.714037302885593 ], [ 77.271422483171932, 21.728078480593375 ], [ 77.28717464176836, 21.722200778297093 ], [ 77.280372573283543, 21.758446609124164 ], [ 77.403883816823736, 21.752242367811423 ], [ 77.479064573761235, 21.769875474700264 ], [ 77.479422577365696, 21.754201601910182 ], [ 77.502692811655891, 21.745711587482219 ], [ 77.525605042341596, 21.724486551412316 ], [ 77.525963045946071, 21.711751529770375 ], [ 77.543863226169279, 21.70391459337533 ], [ 77.575725546966609, 21.620973683194475 ], [ 77.576799557779992, 21.555012801869541 ], [ 77.595415745212136, 21.559584348099982 ], [ 77.611525907413039, 21.538685851046537 ], [ 77.575367543362148, 21.526603907437515 ], [ 77.503050815260352, 21.5520739507214 ], [ 77.454362325053197, 21.5537066458037 ], [ 77.44970827819516, 21.541624702194678 ], [ 77.425364033091583, 21.538032773013615 ], [ 77.422142000651405, 21.517134275960171 ], [ 77.443264213314805, 21.487092686445845 ], [ 77.441474195292486, 21.471418813655763 ], [ 77.473336516089802, 21.454438784799841 ], [ 77.487656660268385, 21.374436725767122 ], [ 77.514148926998743, 21.375742881832963 ], [ 77.532049107221951, 21.418846032005689 ], [ 77.561763406392501, 21.395988300853485 ], [ 77.56355342441482, 21.369212101503759 ], [ 77.587539665913923, 21.362681321174559 ], [ 77.607587867763925, 21.364640555273319 ], [ 77.605439846137145, 21.390763676590126 ], [ 77.653770332739825, 21.391090215606585 ], [ 77.669880494940728, 21.3688855624873 ], [ 77.692076718417511, 21.397294456919326 ], [ 77.709618895036257, 21.3574566969112 ], [ 77.737185172580013, 21.3623547821581 ], [ 77.750073302340738, 21.382600201178622 ], [ 77.796613770921098, 21.388804442491363 ], [ 77.800909814174673, 21.409376400528348 ], [ 77.883608646805925, 21.384232896260926 ], [ 77.882892639597003, 21.375742881832963 ], [ 77.941247227124677, 21.385539052326763 ], [ 77.942321237938074, 21.396641378886407 ], [ 78.030032121031837, 21.42145834413737 ], [ 78.176097591653274, 21.499174630054867 ], [ 78.18254165653363, 21.511256573663893 ], [ 78.171443544795238, 21.524971212355211 ], [ 78.181825649324708, 21.556645496951841 ], [ 78.223354067442571, 21.55240048973786 ], [ 78.273832575672046, 21.568727440560863 ], [ 78.260228438702399, 21.579176689087586 ], [ 78.266672503582754, 21.591585171713067 ], [ 78.302830867633645, 21.583748235318026 ], [ 78.306410903678298, 21.569380518593782 ], [ 78.34292727133365, 21.588646320564926 ], [ 78.362975473183653, 21.574931681873604 ], [ 78.381591660615797, 21.591585171713067 ], [ 78.372641570504186, 21.613136746799434 ], [ 78.427416121987235, 21.599095569091649 ], [ 78.418824035480085, 21.570686674659623 ], [ 78.438514233725627, 21.517787353993093 ], [ 78.433144179658669, 21.497215395956108 ], [ 78.475388604985454, 21.500807325137167 ], [ 78.511904972640821, 21.528236602519815 ], [ 78.570259560168495, 21.51419542481203 ], [ 78.585295711556, 21.486766147429385 ], [ 78.608565945846181, 21.488725381528145 ], [ 78.628614147696183, 21.475663820869741 ], [ 78.643292295479228, 21.485459991363545 ], [ 78.666920533373869, 21.477296515952045 ], [ 78.688042746037269, 21.481868062182485 ], [ 78.728139149737274, 21.462275721194882 ], [ 78.745681326356021, 21.470112657589922 ], [ 78.750693376818518, 21.492970388742126 ], [ 78.766803539019421, 21.488725381528145 ], [ 78.776111632735493, 21.464234955293641 ], [ 78.780407675989053, 21.478602672017885 ], [ 78.800455877839056, 21.490358076610448 ], [ 78.867760555478355, 21.493950005791508 ], [ 78.891030789768536, 21.485133452347085 ], [ 78.89926487267121, 21.500480786120708 ], [ 78.936497247535499, 21.485459991363545 ], [ 78.944373326833727, 21.51582811989433 ], [ 78.927189153819427, 21.522032361207074 ], [ 78.929695179050682, 21.540318546128837 ], [ 78.906782948364963, 21.553380106787237 ], [ 78.931843200677463, 21.561543582198741 ], [ 78.913943020454255, 21.570686674659623 ], [ 78.916449045685496, 21.590932093680149 ], [ 78.94329931602033, 21.591911710729526 ], [ 78.975161636817646, 21.617708293029875 ], [ 78.99843187110784, 21.619014449095715 ], [ 79.012036008077473, 21.599422108108108 ], [ 79.076118653276595, 21.605299810404389 ], [ 79.093660829895342, 21.597789413025808 ], [ 79.106906963260528, 21.60497327138793 ], [ 79.100104894775697, 21.617381754013415 ], [ 79.112277017327486, 21.623912534342615 ], [ 79.151299410214094, 21.640239485165619 ], [ 79.16848358322838, 21.636974095001015 ], [ 79.153805435445349, 21.6461171874619 ], [ 79.154879446258747, 21.660158365169682 ], [ 79.223974141920351, 21.648729499593578 ], [ 79.230776210405182, 21.670281074679945 ], [ 79.220752109480173, 21.69281226681569 ], [ 79.237578278889998, 21.713057685836212 ], [ 79.231850221218565, 21.722200778297093 ], [ 79.26800858526947, 21.715343458951434 ], [ 79.290562812350714, 21.69281226681569 ], [ 79.354287453945375, 21.684648791404186 ], [ 79.352497435923055, 21.677791472058527 ], [ 79.392593839623061, 21.673873003861004 ], [ 79.422308138793596, 21.691832649766308 ], [ 79.496414884917712, 21.673546464844545 ], [ 79.516821090372176, 21.625218690408456 ], [ 79.50357495700699, 21.614769441881734 ], [ 79.51216704351414, 21.584074774334486 ], [ 79.54402936431147, 21.559584348099982 ], [ 79.538659310244498, 21.540971624161756 ], [ 79.562645551743614, 21.54750240449096 ], [ 79.581619742780219, 21.541298163178219 ], [ 79.620284132062366, 21.557625114001219 ], [ 79.652146452859682, 21.55566587990246 ], [ 79.661096542971293, 21.576890915972363 ], [ 79.737709314326665, 21.603667115322089 ], [ 79.792125862205239, 21.586687086466167 ], [ 79.831148255091847, 21.546522787441578 ], [ 79.889860846223996, 21.518113893009552 ], [ 79.919933148999007, 21.518440432026011 ], [ 79.918143130976688, 21.526277368421056 ], [ 79.932821278759718, 21.555012801869541 ], [ 79.969695650019545, 21.558278192034141 ], [ 80.000483960003479, 21.533461226783174 ], [ 80.033062288009731, 21.556318957935382 ], [ 80.072084680896339, 21.556645496951841 ], [ 80.101082972857952, 21.589952476630767 ], [ 80.116119124245458, 21.593217866795367 ], [ 80.121489178312416, 21.611177512700671 ], [ 80.154425509923144, 21.606279427453771 ], [ 80.203830007339221, 21.635994477951638 ], [ 80.221372183957968, 21.620973683194475 ], [ 80.266838641724931, 21.618361371062793 ], [ 80.280800782299039, 21.596483256959971 ], [ 80.294762922873147, 21.592891327778908 ], [ 80.2983429589178, 21.575584759906526 ], [ 80.320539182394583, 21.576237837939445 ], [ 80.339513373431188, 21.554686262853082 ], [ 80.330563283319592, 21.547828943507419 ], [ 80.376029741086555, 21.523991595305834 ], [ 80.383905820384769, 21.490031537593985 ], [ 80.422212206062454, 21.440397607092056 ], [ 80.396077942936557, 21.408070244462508 ], [ 80.412188105137446, 21.376395959865881 ], [ 80.448346469188351, 21.3721509526519 ], [ 80.457296559299962, 21.402845620199148 ], [ 80.527465265774964, 21.394682144787645 ], [ 80.542859420766931, 21.3705182575696 ], [ 80.570067694706225, 21.3574566969112 ], [ 80.566845662266047, 21.345374753302174 ], [ 80.589399889347291, 21.343415519203415 ], [ 80.599781993876761, 21.326762029363952 ], [ 80.621262210144621, 21.320231249034748 ], [ 80.663506635471407, 21.334272426742533 ], [ 80.681406815694629, 21.313700468705548 ], [ 80.67961679767231, 21.299006212964848 ], [ 80.661358613844627, 21.290842737553344 ], [ 80.643816437225865, 21.251331516561677 ], [ 80.613744134450869, 21.226514551310711 ], [ 80.587251867720511, 21.22194300508027 ], [ 80.559685590176755, 21.202024125076207 ], [ 80.529613287401745, 21.205289515240807 ], [ 80.515293143223175, 21.183084862121522 ], [ 80.464098627784779, 21.174921386710018 ], [ 80.444766433143712, 21.121695527027029 ], [ 80.458012566508884, 21.114838207681366 ], [ 80.439038375472279, 21.096552022759603 ], [ 80.452642512441926, 21.03875461684617 ], [ 80.424360227689235, 21.008386488315384 ], [ 80.443692422330315, 20.99401877159114 ], [ 80.463740624180318, 20.929037507315588 ], [ 80.546081453207108, 20.934915209611869 ], [ 80.561475608199075, 20.822912326966065 ], [ 80.548945482042825, 20.79580958859988 ], [ 80.551809510878542, 20.763808764986791 ], [ 80.562907622616933, 20.747481814163791 ], [ 80.565055644243714, 20.710582905303802 ], [ 80.587967874929433, 20.683806705954076 ], [ 80.580091795631219, 20.672704379394432 ], [ 80.519947190081211, 20.656377428571432 ], [ 80.481282800799065, 20.618172363645602 ], [ 80.504195031484784, 20.583559227900835 ], [ 80.520663197290148, 20.580620376752695 ], [ 80.580807802840155, 20.608376193151798 ], [ 80.632002318278552, 20.598580022657998 ], [ 80.617324170495507, 20.585845001016054 ], [ 80.62663226421158, 20.563640347896772 ], [ 80.615176148868727, 20.549925709205446 ], [ 80.619830195726763, 20.504536785917498 ], [ 80.602288019108002, 20.450004770168665 ], [ 80.613744134450869, 20.434983975411502 ], [ 80.591547910974072, 20.392860442288153 ], [ 80.610880105615152, 20.37490079638285 ], [ 80.626274260607119, 20.332450724243042 ], [ 80.610522102010691, 20.318083007518798 ], [ 80.549303485647286, 20.308613376041457 ], [ 80.518873179267814, 20.265836764885186 ], [ 80.480924797194604, 20.274979857346068 ], [ 80.395361935727635, 20.244938267831742 ], [ 80.405028033048168, 20.218815146514938 ], [ 80.422212206062454, 20.205753585856534 ], [ 80.388559867242805, 20.164936208799027 ], [ 80.401806000607991, 20.147303101910182 ], [ 80.433668321405307, 20.13522115830116 ], [ 80.455506541277629, 20.137833470432838 ], [ 80.460160588135665, 20.150895031091242 ], [ 80.505269042298181, 20.144364250762042 ], [ 80.551809510878542, 20.117914590428775 ], [ 80.544291435184789, 20.095383398293031 ], [ 80.556821561341039, 20.071546050091445 ], [ 80.54250141716247, 20.010483254013412 ], [ 80.549303485647286, 19.985992827778908 ], [ 80.52997129100622, 19.939624287441578 ], [ 80.488800876492817, 19.930481194980697 ], [ 80.47304871789639, 19.950726614001219 ], [ 80.452284508837451, 19.957583933346882 ], [ 80.411472097928524, 19.938318131375738 ], [ 80.413620119555304, 19.90729692481203 ], [ 80.44977848360621, 19.896194598252389 ], [ 80.468752674642815, 19.907623463828493 ], [ 80.491306901724073, 19.902072300548671 ], [ 80.505985049507103, 19.870724554968504 ], [ 80.486294851261562, 19.863214157589923 ], [ 80.469110678247276, 19.826641787746393 ], [ 80.440828393494598, 19.810314836923389 ], [ 80.402164004212452, 19.816519078236134 ], [ 80.401806000607991, 19.795947120199148 ], [ 80.464098627784779, 19.795620581182689 ], [ 80.488800876492817, 19.770477076915263 ], [ 80.484862836843703, 19.802151361511889 ], [ 80.469110678247276, 19.810314836923389 ], [ 80.480566793590143, 19.827621404795774 ], [ 80.520305193685672, 19.831866412009756 ], [ 80.546081453207108, 19.818478312334893 ], [ 80.54250141716247, 19.779946708392604 ], [ 80.552525518087464, 19.7652524526519 ], [ 80.676394765232118, 19.699291571326967 ], [ 80.665296653493726, 19.611452575899207 ], [ 80.714701150909804, 19.61667720016257 ], [ 80.740835414035701, 19.606227951635848 ], [ 80.769833705997314, 19.586635610648244 ], [ 80.775561763668748, 19.5624717234302 ], [ 80.836064372823216, 19.566390191627718 ], [ 80.856828581882141, 19.522960502438529 ], [ 80.895492971164288, 19.519695112273929 ], [ 80.898357, 19.481816586364562 ], [ 80.874370758500902, 19.445244216521033 ], [ 80.842150434099111, 19.446876911603333 ], [ 80.813510145741958, 19.433815350944933 ], [ 80.8120781313241, 19.407039151595207 ], [ 80.828188293525002, 19.379936413229018 ], [ 80.853248545837502, 19.363936001422477 ], [ 80.775203760064272, 19.314628609937007 ], [ 80.750859514960709, 19.286872793537899 ], [ 80.689640898597304, 19.28654625452144 ], [ 80.693578938246418, 19.314628609937007 ], [ 80.679974801276771, 19.330302482727088 ], [ 80.632002318278552, 19.307118212558425 ], [ 80.613028127241932, 19.309403985673644 ], [ 80.576153755982119, 19.402141066348303 ], [ 80.544291435184789, 19.383528342410081 ], [ 80.520305193685672, 19.347935589615933 ], [ 80.482356811612462, 19.33781288010567 ], [ 80.448346469188351, 19.266627374517377 ], [ 80.389275874451741, 19.237565402052429 ], [ 80.38426382398923, 19.215034209916684 ], [ 80.393929921309777, 19.18760493253404 ], [ 80.333427312155294, 19.145481399410691 ], [ 80.327699254483875, 19.134705611867506 ], [ 80.339871377035664, 19.10009247612274 ], [ 80.328057258088336, 19.09486785185938 ], [ 80.329847276110655, 19.070050886608414 ], [ 80.297626951708864, 19.04882585053851 ], [ 80.302997005775836, 19.022049651188784 ], [ 80.273282706605301, 18.992987678723836 ], [ 80.270776681374045, 18.938455662975006 ], [ 80.349537474356197, 18.848004355415569 ], [ 80.351685495982977, 18.816330070818939 ], [ 80.299774973335659, 18.794451956716117 ], [ 80.274714721023145, 18.765716523267628 ], [ 80.24535842545707, 18.765716523267628 ], [ 80.272924703000825, 18.72326645112782 ], [ 80.248580457897248, 18.706286422271898 ], [ 80.212780097450818, 18.705633344238976 ], [ 80.196669935249929, 18.680816378988013 ], [ 80.157647542363321, 18.701061798008535 ], [ 80.118267145872238, 18.680816378988013 ], [ 80.052752486255272, 18.72489914621012 ], [ 80.018384140226701, 18.770288069498072 ], [ 79.964325595952587, 18.773879998679131 ], [ 79.914205091327574, 18.82384046819752 ], [ 79.961461567116871, 18.866617079353791 ], [ 79.940339354453471, 19.031845821682587 ], [ 79.928883239110618, 19.049152389554969 ], [ 79.870886655187391, 19.040988914143469 ], [ 79.858356529031141, 19.102704788254421 ], [ 79.873750684023108, 19.124256363340784 ], [ 79.945709408520429, 19.169645286628736 ], [ 79.924229192252582, 19.225809997459866 ], [ 79.936401314804357, 19.264015062385695 ], [ 79.965757610370446, 19.303199744360903 ], [ 79.958955541885615, 19.33618018502337 ], [ 79.97792973292222, 19.400508371266003 ], [ 79.944993401311507, 19.470061181772 ], [ 79.914563094932035, 19.495857764072344 ], [ 79.864442590307036, 19.510552019813048 ], [ 79.806446006383808, 19.5787986742532 ], [ 79.778521725235592, 19.599697171306644 ], [ 79.743079368393623, 19.608840263767526 ], [ 79.709069025969512, 19.584676376549481 ], [ 79.627802207756119, 19.573247510973381 ], [ 79.614198070786472, 19.559532872282059 ], [ 79.595939886958789, 19.507286629648448 ], [ 79.552979454423067, 19.52426665850437 ], [ 79.539733321057895, 19.554634787035155 ], [ 79.518611108394495, 19.543205921459055 ], [ 79.518611108394495, 19.520021651290389 ], [ 79.471712636209674, 19.500429310302785 ], [ 79.433406250531988, 19.537328219162774 ], [ 79.420518120771277, 19.529491282767729 ], [ 79.405481969383771, 19.535368985064011 ], [ 79.365743569288227, 19.576512901137981 ], [ 79.318487093498945, 19.576839440154441 ], [ 79.31419105024537, 19.566716730644178 ], [ 79.307030978156078, 19.596758320158507 ], [ 79.273020635731967, 19.598717554257266 ], [ 79.243306336561432, 19.61667720016257 ], [ 79.238652289703396, 19.606227951635848 ], [ 79.253330437486426, 19.593166390977444 ], [ 79.236862271681076, 19.557247099166837 ], [ 79.239726300516793, 19.535042446047552 ], [ 79.203925940070349, 19.494225068990044 ], [ 79.22361613831589, 19.469408103739077 ], [ 79.191037810309638, 19.458958855212355 ], [ 79.097956873148917, 19.532103594899411 ], [ 79.046046350501584, 19.548430545722415 ], [ 78.998073867503365, 19.540267070310914 ], [ 78.98124769809354, 19.5608390283479 ], [ 78.974087626004263, 19.549410162771796 ], [ 78.940435287184613, 19.552022474903474 ], [ 78.937929261953357, 19.561818645397278 ], [ 78.973013615190865, 19.582390603434263 ], [ 78.955471438572118, 19.600350249339566 ], [ 78.955471438572118, 19.655861882137778 ], [ 78.903560915924785, 19.670229598862022 ], [ 78.886734746514961, 19.655208804104859 ], [ 78.851650393277453, 19.658474194269459 ], [ 78.859884476180142, 19.689495400833167 ], [ 78.840910285143536, 19.7619870624873 ], [ 78.80439391748817, 19.756109360191019 ], [ 78.782197694011387, 19.778640552326763 ], [ 78.756421434489951, 19.772762850030482 ], [ 78.738521254266729, 19.783212098557204 ], [ 78.719547063230124, 19.766558608717741 ], [ 78.69914085777566, 19.788763261837026 ], [ 78.603553895383683, 19.818478312334893 ], [ 78.515485008685459, 19.819131390367811 ], [ 78.507250925782785, 19.797579815281448 ], [ 78.49042475637296, 19.792681730034545 ], [ 78.472524576149738, 19.817172156269052 ], [ 78.43171216524081, 19.814559844137371 ], [ 78.400207848047941, 19.834152185124974 ], [ 78.386245707473833, 19.846234128733997 ], [ 78.380517649802414, 19.880520725462304 ], [ 78.328965130759542, 19.887051505791508 ], [ 78.324669087505967, 19.89750075431823 ], [ 78.333977181222039, 19.90566422972973 ], [ 78.326459105528301, 19.916440017272912 ], [ 78.306052900073823, 19.911215393009552 ], [ 78.28600469822382, 19.847866823816297 ], [ 78.336483206453295, 19.837744114306037 ], [ 78.333977181222039, 19.814559844137371 ], [ 78.357605419116695, 19.805416751676489 ], [ 78.364765491205972, 19.781252864458445 ], [ 78.341495256915792, 19.735537402154034 ], [ 78.343285274938125, 19.713332749034748 ], [ 78.318583026230073, 19.705822351656167 ], [ 78.311780957745256, 19.691128095915467 ], [ 78.276338600903287, 19.692434251981304 ], [ 78.26273446393364, 19.665004974598659 ], [ 78.290300741477395, 19.646065711643978 ], [ 78.305694896469362, 19.607207568685226 ], [ 78.303904878447042, 19.569329042775859 ], [ 78.293522773917573, 19.558879794249137 ], [ 78.27526459008989, 19.5624717234302 ], [ 78.274190579276507, 19.553655169985777 ], [ 78.293164770313112, 19.542226304409674 ], [ 78.309274932514001, 19.480836969315181 ], [ 78.304620885655964, 19.456346543080677 ], [ 78.286720705432757, 19.448509606685633 ], [ 78.270610543231854, 19.456020004064214 ], [ 78.244476280105971, 19.42859072668157 ], [ 78.211539948495243, 19.42859072668157 ], [ 78.195071782689894, 19.406712612578744 ], [ 78.176097591653274, 19.412263775858566 ], [ 78.187911710600602, 19.394630668969722 ], [ 78.172159552004175, 19.349241745681773 ], [ 78.193997771876496, 19.314955148953466 ], [ 78.17645559525775, 19.278709318126399 ], [ 78.175381584444352, 19.237565402052429 ], [ 78.144593274460419, 19.229728465657388 ], [ 78.117026996916664, 19.248667728612073 ], [ 78.089460719372909, 19.239524636151188 ], [ 78.079078614843439, 19.254871969924814 ], [ 78.055808380553259, 19.237238863035969 ], [ 78.041846239979151, 19.24344310434871 ], [ 78.042562247188087, 19.270545842714895 ], [ 78.014995969644332, 19.279035857142858 ], [ 78.013563955226473, 19.29470972993294 ], [ 77.945185266773791, 19.34238442633611 ], [ 77.911532927954141, 19.316261305019307 ], [ 77.894348754939855, 19.320179773216829 ], [ 77.863560444955922, 19.304179361410284 ], [ 77.865708466582703, 19.283607403373299 ], [ 77.903656848655928, 19.277729701077018 ], [ 77.907594888305027, 19.268260069599677 ], [ 77.90258283784253, 19.256178125990655 ], [ 77.871436524254136, 19.254871969924814 ], [ 77.847808286359495, 19.189564166632799 ], [ 77.860338412515745, 19.180094535155458 ], [ 77.834204149389848, 19.134379072851047 ], [ 77.847808286359495, 19.116092887929284 ], [ 77.850314311590736, 19.088663610546639 ], [ 77.831340120554131, 19.086051298414958 ], [ 77.80985990428627, 19.10466402235318 ], [ 77.796971774525559, 19.072663198740095 ], [ 77.800193806965737, 19.051111623653728 ], [ 77.764751450123768, 19.062867028246291 ], [ 77.761887421288051, 19.033151977748425 ], [ 77.775491558257698, 19.000498076102417 ], [ 77.771553518608584, 18.979273040032513 ], [ 77.821674023233598, 18.978619961999595 ], [ 77.819167998002342, 18.945966060353587 ], [ 77.858906398097886, 18.949231450518187 ], [ 77.84351224310592, 18.908740612477139 ], [ 77.885398664828244, 18.904169066246698 ], [ 77.891484726104139, 18.881637874110954 ], [ 77.904014852260389, 18.881311335094495 ], [ 77.903298845051467, 18.866617079353791 ], [ 77.94876530281843, 18.843106270168665 ], [ 77.948407299213969, 18.829391631477343 ], [ 77.906878881096105, 18.826779319345661 ], [ 77.840290210665742, 18.80457466622638 ], [ 77.787305677205026, 18.682449074070313 ], [ 77.77191152221306, 18.688979854399513 ], [ 77.768331486168407, 18.705959883255439 ], [ 77.753295334780915, 18.700735258992076 ], [ 77.749357295131801, 18.682449074070313 ], [ 77.730025100490735, 18.666775201280227 ], [ 77.750431305945199, 18.589058915362731 ], [ 77.73825918339341, 18.556731552733186 ], [ 77.701742815738044, 18.555098857650883 ], [ 77.655918354366619, 18.530934970432838 ], [ 77.645894253441611, 18.538771906827883 ], [ 77.648042275068406, 18.554772318634424 ], [ 77.634080134494297, 18.543669992074783 ], [ 77.629426087636261, 18.553792701585046 ], [ 77.612241914621961, 18.544649609124164 ], [ 77.596131752421073, 18.548894616338142 ], [ 77.5907616983541, 18.526689963218857 ], [ 77.600427795674648, 18.52211841698842 ], [ 77.585749647891603, 18.503832232066653 ], [ 77.604723838928209, 18.496321834688072 ], [ 77.603291824510364, 18.476729493700468 ], [ 77.576441554175531, 18.486852203210731 ], [ 77.572861518130892, 18.469872174354805 ], [ 77.548517273027315, 18.468566018288968 ], [ 77.55066529465411, 18.460402542877464 ], [ 77.583601626264823, 18.456484074679945 ], [ 77.585391644287142, 18.447014443202601 ], [ 77.564269431623742, 18.437218272708801 ], [ 77.52775306396839, 18.442116357955701 ], [ 77.528111067572851, 18.429054797297297 ], [ 77.556751355930004, 18.417299392704734 ], [ 77.551739305467493, 18.388890498272708 ], [ 77.525605042341596, 18.372563547449705 ], [ 77.522383009901418, 18.346440426132901 ], [ 77.557825366743387, 18.331746170392197 ], [ 77.571787507317495, 18.308888439239993 ], [ 77.551381301863032, 18.291581871367608 ], [ 77.512716912580885, 18.309541517272912 ], [ 77.511284898163026, 18.282112239890267 ], [ 77.493026714335343, 18.267091445133104 ], [ 77.481570598992491, 18.272316069396464 ], [ 77.46223840435141, 18.263172976935582 ], [ 77.438252162852308, 18.286683786120708 ], [ 77.437536155643372, 18.310521134322293 ], [ 77.408895867286233, 18.301704580877871 ], [ 77.36557743114605, 18.30692920514123 ], [ 77.358059355452298, 18.317051914651493 ], [ 77.400303780779083, 18.347420043182282 ], [ 77.394575723107664, 18.368645079252186 ], [ 77.414265921353191, 18.392482427453771 ], [ 77.400303780779083, 18.401952058931112 ], [ 77.373095506839803, 18.400972441881731 ], [ 77.36557743114605, 18.451585989433042 ], [ 77.345171225691587, 18.433626343527738 ], [ 77.320110973379073, 18.458116769762245 ], [ 77.316888940938895, 18.442116357955701 ], [ 77.265694425500499, 18.422197477951638 ], [ 77.241708184001396, 18.412401307457834 ], [ 77.234906115516566, 18.396727434667753 ], [ 77.246362230859432, 18.370277774334486 ], [ 77.225956025404955, 18.365379689087586 ], [ 77.220227967733535, 18.349052738264582 ], [ 77.229536061449608, 18.348073121215201 ], [ 77.219153956920138, 18.325868468095916 ], [ 77.199463758674597, 18.316725375635034 ], [ 77.213067895644244, 18.280479544807967 ], [ 77.175119513571019, 18.284724552021949 ], [ 77.169749459504061, 18.260887203820364 ], [ 77.148985250445136, 18.239009089717538 ], [ 77.151491275676378, 18.217130975614712 ], [ 77.097432731402264, 18.19655901757773 ], [ 77.116764926043345, 18.169456279211545 ], [ 77.110678864767451, 18.1550885624873 ], [ 77.06413839618709, 18.150843555273319 ], [ 77.051966273635301, 18.173048208392604 ], [ 77.033350086203157, 18.181864761837026 ], [ 77.023325985278149, 18.175660520524286 ], [ 77.023325985278149, 18.1583539526519 ], [ 77.001129761801366, 18.160966264783582 ], [ 76.990389653667435, 18.190028237248526 ], [ 76.95208326798975, 18.188069003149767 ], [ 76.942417170669216, 18.156394718553141 ], [ 76.931677062535286, 18.159660108717741 ], [ 76.923800983237072, 18.1469250870758 ], [ 76.932035066139747, 18.133536987400937 ], [ 76.920578950796894, 18.118189653627311 ], [ 76.966403412168319, 18.098270773623248 ], [ 76.945281199504933, 18.083249978866085 ], [ 76.952441271594211, 18.040146828693356 ], [ 76.914134885916539, 18.035248743446456 ], [ 76.905542799409389, 18.009452161146108 ], [ 76.919146936379036, 17.916388541454989 ], [ 76.901246756155814, 17.91736815850437 ], [ 76.884420586745989, 17.894183888335704 ], [ 76.840028139792423, 17.899408512599067 ], [ 76.831436053285273, 17.885367334891285 ], [ 76.810313840621873, 17.887000029973585 ], [ 76.804227779345979, 17.870673079150581 ], [ 76.775229487384379, 17.8778569375127 ], [ 76.768427418899549, 17.901367746697826 ], [ 76.73978713054241, 17.899735051615526 ], [ 76.735849090893296, 17.904306597845967 ], [ 76.738355116124552, 17.856631901442796 ], [ 76.767711411690627, 17.852060355212355 ], [ 76.790623642376346, 17.826263772912011 ], [ 76.761983354019193, 17.787079090936803 ], [ 76.714368874625436, 17.780874849624063 ], [ 76.728331015199544, 17.737771699451333 ], [ 76.699690726842405, 17.726995911908148 ], [ 76.690740636730794, 17.680953910587281 ], [ 76.664248370000436, 17.687484690916481 ], [ 76.655656283493286, 17.717852819447266 ], [ 76.633102056412042, 17.728302067973988 ], [ 76.632028045598645, 17.754425189290796 ], [ 76.613769861770962, 17.771078679130259 ], [ 76.60052372840579, 17.725689755842311 ], [ 76.582265544578107, 17.705770875838244 ], [ 76.570451425630779, 17.705444336821785 ], [ 76.564007360750423, 17.750833260109736 ], [ 76.572957450862035, 17.760302891587077 ], [ 76.523194949841496, 17.759649813554155 ], [ 76.523910957050418, 17.714913968299125 ], [ 76.487394589395052, 17.714587429282666 ], [ 76.489900614626308, 17.660381952550296 ], [ 76.45302624336648, 17.655810406319855 ], [ 76.441570128023628, 17.649606165007114 ], [ 76.444792160463805, 17.641116150579151 ], [ 76.380351511660223, 17.659402335500914 ], [ 76.428681998262903, 17.643728462710833 ], [ 76.419731908151306, 17.603890702702703 ], [ 76.330947014244146, 17.596053766307662 ], [ 76.340613111564679, 17.54250136760821 ], [ 76.362809335041476, 17.53760328236131 ], [ 76.367463381899512, 17.519970175472466 ], [ 76.346699172840573, 17.512786317110344 ], [ 76.345983165631651, 17.492540898089821 ], [ 76.375339461197726, 17.490255124974599 ], [ 76.330589010639684, 17.470336244970536 ], [ 76.333453039475401, 17.434090414143469 ], [ 76.371401421548612, 17.436376187258688 ], [ 76.363525342250398, 17.377599164295876 ], [ 76.408991800017375, 17.371394922983136 ], [ 76.412213832457553, 17.35114950396261 ], [ 76.396461673861126, 17.347231035765088 ], [ 76.383215540495939, 17.314577134119084 ], [ 76.354217248534326, 17.314250595102621 ], [ 76.345267158422715, 17.35441489412721 ], [ 76.314478848438796, 17.348210652814469 ], [ 76.317700880878974, 17.332210241007925 ], [ 76.276530466365571, 17.334496014123147 ], [ 76.272234423111996, 17.360619135439951 ], [ 76.250754206844135, 17.360292596423491 ], [ 76.242162120336999, 17.378578781345254 ], [ 76.228557983367352, 17.375639930197114 ], [ 76.22963199418075, 17.365190681670391 ], [ 76.170203395839664, 17.35278219904491 ], [ 76.183091525600389, 17.319475219365984 ], [ 76.176289457115558, 17.300862495427758 ], [ 76.165191345377167, 17.303474807559439 ], [ 76.162685320145911, 17.345271801666328 ], [ 76.119008880401267, 17.370741844950214 ], [ 76.099676685760187, 17.364864142653932 ], [ 76.078912476701262, 17.331557162975006 ], [ 76.060654292873579, 17.355394511176591 ], [ 76.01447182789768, 17.353435277077832 ], [ 75.998361665696791, 17.338087943304206 ], [ 75.930698984453031, 17.322740609530584 ], [ 75.890602580753026, 17.356374128225973 ], [ 75.894182616797679, 17.401109973480999 ], [ 75.884516519477131, 17.417763463320465 ], [ 75.86088828158249, 17.385762639707377 ], [ 75.851222184261957, 17.410579604958343 ], [ 75.821507885091421, 17.421028853485065 ], [ 75.813631805793193, 17.372701079048973 ], [ 75.793225600338729, 17.369435688884373 ], [ 75.772103387675344, 17.385762639707377 ], [ 75.766017326399449, 17.40535498069498 ], [ 75.733797001997658, 17.420049236435684 ], [ 75.712316785729797, 17.407967292826662 ], [ 75.690836569461936, 17.409599987908962 ], [ 75.676158421678892, 17.455968528246292 ], [ 75.633197989143184, 17.477193564316195 ], [ 75.606705722412812, 17.420375775452143 ], [ 75.613507790897643, 17.391966881020117 ], [ 75.57412739440656, 17.383476866592158 ], [ 75.580571459286929, 17.35114950396261 ], [ 75.610285758457465, 17.344945262649869 ], [ 75.604557700786032, 17.305107502641739 ], [ 75.622457881009254, 17.295311332147939 ], [ 75.627827935076212, 17.274412835094495 ], [ 75.65432020180657, 17.273759757061573 ], [ 75.657900237851223, 17.262983969518391 ], [ 75.661838277500323, 17.214656195082302 ], [ 75.640000057628001, 17.188859612781954 ], [ 75.628543942285148, 17.188859612781954 ], [ 75.625679913449432, 17.174165357041254 ], [ 75.649308151344073, 17.134327597033124 ], [ 75.650740165761931, 17.115714873094902 ], [ 75.672578385634253, 17.116041412111361 ], [ 75.676874428887828, 17.06542786456005 ], [ 75.65038216215747, 17.057264389148546 ], [ 75.641074068441398, 17.037672048160942 ], [ 75.669714356798536, 17.037998587177405 ], [ 75.665776317149437, 16.979874642247513 ], [ 75.675084410865509, 16.965506925523268 ], [ 75.642148079254781, 16.954731137980087 ], [ 75.633913996352106, 16.970405010770168 ], [ 75.607779733226209, 16.97105808880309 ], [ 75.607063726017287, 17.004691607498476 ], [ 75.573053383593177, 17.009589692745379 ], [ 75.567683329526204, 16.965833464539728 ], [ 75.529376943848519, 16.96942539372079 ], [ 75.488922536544052, 16.944281889453364 ], [ 75.483552482477094, 16.97628271306645 ], [ 75.465652302253872, 16.988364656675472 ], [ 75.44166606075477, 16.982486954379191 ], [ 75.428061923785123, 16.966813081589109 ], [ 75.392261563338693, 16.980201181263972 ], [ 75.350017138011893, 16.957996528144687 ], [ 75.27949042793243, 16.956363833062387 ], [ 75.27949042793243, 16.92338339239992 ], [ 75.289872532461885, 16.904117590428775 ], [ 75.281996453163671, 16.88028024222719 ], [ 75.264812280149386, 16.862647135338346 ], [ 75.237962009814566, 16.867871759601709 ], [ 75.227937908889558, 16.843381333367201 ], [ 75.214333771919925, 16.841748638284901 ], [ 75.181755443913659, 16.843381333367201 ], [ 75.18891551600295, 16.875055617963831 ], [ 75.1763853898467, 16.867871759601709 ], [ 75.136646989751156, 16.874402539930909 ], [ 75.134856971728837, 16.894647958951435 ], [ 75.117672798714551, 16.913587221906116 ], [ 75.096550586051151, 16.913587221906116 ], [ 75.089390513961874, 16.951792286831946 ], [ 75.025307868762752, 16.927954938630361 ], [ 75.02673988318061, 16.943955350436905 ], [ 74.993087544360961, 16.952118825848405 ], [ 74.964447256003822, 16.947547279617964 ], [ 74.964447256003822, 16.92664878256452 ], [ 74.93186892799757, 16.944608428469824 ], [ 74.921844827072562, 16.929587633712661 ], [ 74.955497165892211, 16.905097207478157 ], [ 74.963731248794886, 16.909668753708598 ], [ 74.960509216354708, 16.880933320260109 ], [ 74.901438621618098, 16.862647135338346 ], [ 74.919696805445781, 16.772195827778908 ], [ 74.869576300820768, 16.774155061877668 ], [ 74.865638261171668, 16.763052735318027 ], [ 74.84988610257524, 16.772848905811827 ], [ 74.844516048508268, 16.761746579252186 ], [ 74.795827558301127, 16.747705401544401 ], [ 74.771841316802011, 16.750644252692542 ], [ 74.732460920310942, 16.718316890062997 ], [ 74.695586549051114, 16.715378038914857 ], [ 74.68950048777522, 16.686316066449908 ], [ 74.68090840126807, 16.685989527433449 ], [ 74.68950048777522, 16.677172973989027 ], [ 74.665156242671642, 16.665744108412923 ] ] ], [ [ [ 72.979317269249137, 20.215549756350335 ], [ 72.979675272853598, 20.23416248028856 ], [ 73.005809535979495, 20.231876707173342 ], [ 73.001513492725934, 20.215876295366797 ], [ 72.979317269249137, 20.215549756350335 ] ] ] ] } },
{ "type": "Feature", "properties": { "state": "Tamil Nadu", "dt_code": "602", "district": "Thiruvallur", "st_code": "33", "year": "2011_c", "st_nm": "Tamil Nadu", "total_loss_ha": 35490.049174562759, "area_km2": 130203.21173217401, "loss_per_1000km2": 272.57429907002017, "total_tree_loss_ha": 35490.049174562759, "total_emissions_Mg": 20149381.900689207, "Mg_CO2e_per_ha": 567.74736494676745 }, "geometry": { "type": "Polygon", "coordinates": [ [ [ 77.331182506301104, 8.127523403833537 ], [ 77.248980393401027, 8.170837996174317 ], [ 77.18310210433927, 8.219777860247664 ], [ 77.152203437788174, 8.251841909123305 ], [ 77.097985022896637, 8.2923438655978 ], [ 77.118972796403042, 8.321032751433901 ], [ 77.158616368581804, 8.327783077512983 ], [ 77.174940192420109, 8.350284164443257 ], [ 77.159782355998814, 8.368285033987478 ], [ 77.19709395334354, 8.419475006753853 ], [ 77.21283478347334, 8.470664979520228 ], [ 77.262389248696792, 8.506666718608667 ], [ 77.283960015911703, 8.546606147909905 ], [ 77.268802179490407, 8.578670196785547 ], [ 77.251312368235077, 8.620297207606555 ], [ 77.214000770890365, 8.648986093442655 ], [ 77.20700484638823, 8.681050142318297 ], [ 77.17902114837969, 8.7305525335649 ], [ 77.200008921886095, 8.762616582440542 ], [ 77.229741601020166, 8.78455514219756 ], [ 77.232073575854201, 8.807056229127834 ], [ 77.264138229822322, 8.84193291386976 ], [ 77.255976317903162, 8.879059707304714 ], [ 77.220996695392486, 8.903810902928017 ], [ 77.173191211294579, 8.991565141956087 ], [ 77.149288469245619, 9.009566011500308 ], [ 77.166778280500949, 9.04500522341549 ], [ 77.19243000367544, 9.043317641895719 ], [ 77.205838858971205, 9.083819598370214 ], [ 77.267636192073383, 9.153572967854066 ], [ 77.256559311611667, 9.196887560194845 ], [ 77.275215110284037, 9.234576880803054 ], [ 77.283377022203183, 9.292517179648513 ], [ 77.338178430803239, 9.368458348038189 ], [ 77.339344418220264, 9.42021084797782 ], [ 77.366162128811766, 9.460150277279059 ], [ 77.392396845694776, 9.459587750105802 ], [ 77.402307738739466, 9.525403429376855 ], [ 77.384817927484121, 9.519215630471031 ], [ 77.36557913510326, 9.551279679346672 ], [ 77.303781802001083, 9.599094489073506 ], [ 77.269385173198913, 9.572655711930432 ], [ 77.234405550688251, 9.581656146702542 ], [ 77.198259940760551, 9.61428272275144 ], [ 77.167944267917974, 9.614845249924699 ], [ 77.179604142088195, 9.656472260745707 ], [ 77.223328670226536, 9.730163320442356 ], [ 77.246648418566977, 9.798229108406437 ], [ 77.226826632477611, 9.821855249683225 ], [ 77.236154531813781, 9.860107097464692 ], [ 77.219830707975476, 9.865169842024004 ], [ 77.218081726849931, 9.905109271325243 ], [ 77.272883135449987, 9.976550222328864 ], [ 77.255393324194657, 10.01142690707079 ], [ 77.261806254988272, 10.033365466827808 ], [ 77.204089877845675, 10.088493129806981 ], [ 77.20117490930312, 10.107056526524458 ], [ 77.244316443732941, 10.13180772214776 ], [ 77.267636192073383, 10.122244760202394 ], [ 77.274632116575518, 10.184685276433905 ], [ 77.288040971871283, 10.232500086160739 ], [ 77.264721223530827, 10.235312722027023 ], [ 77.263555236113802, 10.264001607863124 ], [ 77.227992619894621, 10.315191580629499 ], [ 77.234988544396757, 10.352880901237709 ], [ 77.176106179837134, 10.358506172970278 ], [ 77.120138783820067, 10.318004216495783 ], [ 77.090406104685997, 10.314629053456242 ], [ 77.05600947588384, 10.287065221966657 ], [ 77.051345526215741, 10.264001607863124 ], [ 76.984301249736959, 10.222374597042116 ], [ 76.939410734181607, 10.238125357893308 ], [ 76.910261048756041, 10.235312722027023 ], [ 76.89685219346029, 10.262314026343354 ], [ 76.829807916981508, 10.303378509991106 ], [ 76.848463715653864, 10.367506607742389 ], [ 76.823394986187878, 10.394507912058717 ], [ 76.815816067977238, 10.423196797894818 ], [ 76.828058935855978, 10.449635575037892 ], [ 76.838552822609174, 10.595892640084676 ], [ 76.817565049102768, 10.60264296616376 ], [ 76.814067086851708, 10.635269542212658 ], [ 76.882277350747515, 10.639207232425456 ], [ 76.865953526909195, 10.684209406286005 ], [ 76.903848117962426, 10.762963210541967 ], [ 76.90093314941987, 10.807965384402516 ], [ 76.870034482868775, 10.809090438749029 ], [ 76.830973904398533, 10.870405900634029 ], [ 76.779670458049551, 10.891219406044533 ], [ 76.739443892162271, 10.894594569084074 ], [ 76.658990760387738, 10.930596308172513 ], [ 76.666569678598378, 10.968285628780723 ], [ 76.71612414382183, 11.040289106957603 ], [ 76.746439816664406, 11.056602394982052 ], [ 76.748188797789936, 11.134793672064756 ], [ 76.705630257068634, 11.142106525317097 ], [ 76.695136370315424, 11.166857720940399 ], [ 76.7301159928261, 11.193859025256728 ], [ 76.735362936202691, 11.215797585013746 ], [ 76.705630257068634, 11.240548780637049 ], [ 76.628675087545162, 11.194421552429985 ], [ 76.600691389536621, 11.197796715469526 ], [ 76.533647113057839, 11.185421117657874 ], [ 76.499250484255683, 11.21129736762769 ], [ 76.449113025323712, 11.205672095895121 ], [ 76.453193981283292, 11.239423726290534 ], [ 76.521404245179099, 11.270925247992919 ], [ 76.542392018685504, 11.296801497962734 ], [ 76.547638962062109, 11.359242014194248 ], [ 76.460189905785427, 11.389055954376861 ], [ 76.368659893549179, 11.456559215167685 ], [ 76.326101352827862, 11.454309106474657 ], [ 76.284125805815066, 11.482997992310757 ], [ 76.264887013434191, 11.481310410790988 ], [ 76.240401277676725, 11.52575005747828 ], [ 76.233405353174589, 11.567939595472545 ], [ 76.278878862438461, 11.601128698694701 ], [ 76.302198610778902, 11.571314758512086 ], [ 76.336012245872553, 11.596065954135389 ], [ 76.377987792885364, 11.602253753041214 ], [ 76.38789868593004, 11.629817584530802 ], [ 76.426959264400296, 11.633755274743599 ], [ 76.456691943534366, 11.664694269272726 ], [ 76.511493352134408, 11.705196225747221 ], [ 76.538894056434444, 11.689445464896028 ], [ 76.569792722985525, 11.618004513892407 ], [ 76.613517251123866, 11.607879024773784 ], [ 76.671233628266464, 11.615754405199379 ], [ 76.822811992479373, 11.60844155194704 ], [ 76.846714734528334, 11.594378372615619 ], [ 76.834471866649594, 11.639943073649425 ], [ 76.850212696779394, 11.686632829029744 ], [ 76.888107287832625, 11.733885111583321 ], [ 76.908512067630511, 11.795200573468321 ], [ 76.969726407024183, 11.777199703924101 ], [ 76.983135262319934, 11.800825845200889 ], [ 77.012867941454004, 11.814889024532311 ], [ 77.038519664628495, 11.794075519121806 ], [ 77.082827186475342, 11.740072910489147 ], [ 77.111976871900907, 11.742323019182175 ], [ 77.110810884483882, 11.77382454088456 ], [ 77.18893204142438, 11.792387937602037 ], [ 77.238486506647831, 11.794638046295063 ], [ 77.249563387109532, 11.81320144301254 ], [ 77.293870908956393, 11.809263752799742 ], [ 77.335263462260684, 11.771574432191532 ], [ 77.395311814237331, 11.786200138696211 ], [ 77.427959461913957, 11.767074214805477 ], [ 77.449530229128868, 11.796325627814834 ], [ 77.465271059258669, 11.875079432070795 ], [ 77.490339788724654, 11.908831062466207 ], [ 77.49267176355869, 11.941457638515107 ], [ 77.538145272822561, 11.932457203742995 ], [ 77.560882027454497, 11.942020165688362 ], [ 77.604606555592838, 11.938082475475564 ], [ 77.6757317880312, 11.952145654806987 ], [ 77.696136567829086, 12.015711225385013 ], [ 77.728201221797207, 12.062963507938591 ], [ 77.755601926097228, 12.079839323136296 ], [ 77.775423712186608, 12.11865369809102 ], [ 77.746857020469562, 12.155780491525974 ], [ 77.731116190339762, 12.179969159976018 ], [ 77.66523790127799, 12.198532556693495 ], [ 77.612768467511998, 12.205845409945834 ], [ 77.5189064804417, 12.194594866480697 ], [ 77.472266983760804, 12.209783100158631 ], [ 77.471100996343779, 12.243534730554044 ], [ 77.48859080759911, 12.280098996815742 ], [ 77.527068392360846, 12.278973942469229 ], [ 77.565545977122582, 12.305975246785557 ], [ 77.578371838709828, 12.335789186968171 ], [ 77.612768467511998, 12.36110290976473 ], [ 77.627343310224774, 12.458420110738167 ], [ 77.607521524135393, 12.475295925935875 ], [ 77.615100442346034, 12.503984811771975 ], [ 77.587116744337507, 12.514672828063855 ], [ 77.579537826126852, 12.573175654082569 ], [ 77.591197700297073, 12.615365192076835 ], [ 77.605772543009863, 12.628303317061743 ], [ 77.598776618507728, 12.667117692016467 ], [ 77.6599909579014, 12.683993507214172 ], [ 77.678646756573755, 12.660367365937384 ], [ 77.740444089675933, 12.673868018095549 ], [ 77.760848869473833, 12.696931632199082 ], [ 77.760848869473833, 12.727308099554952 ], [ 77.794079510858964, 12.757684566910822 ], [ 77.799326454235569, 12.85162660484472 ], [ 77.836055057871761, 12.870190001562197 ], [ 77.890273472763297, 12.869627474388938 ], [ 77.929334051233553, 12.891003506972702 ], [ 77.938661950569724, 12.872440110255223 ], [ 77.917091183354813, 12.838125952686553 ], [ 77.940410931695268, 12.823500246181876 ], [ 77.964313673744215, 12.833063208127243 ], [ 77.989965396918706, 12.821812664662104 ], [ 78.018532088635752, 12.831375626607471 ], [ 78.030774956514492, 12.852751659191235 ], [ 78.076248465778363, 12.839813534206325 ], [ 78.090240314782633, 12.81731244727605 ], [ 78.13454783662948, 12.781873235360868 ], [ 78.230741798533813, 12.760497202777106 ], [ 78.240069697869998, 12.702556903931649 ], [ 78.276215307797685, 12.701431849585136 ], [ 78.296620087595585, 12.671055382229266 ], [ 78.379405194204168, 12.624928154022202 ], [ 78.412635835589299, 12.62717826271523 ], [ 78.471518200148921, 12.632241007274541 ], [ 78.468020237897861, 12.676118126788577 ], [ 78.503582854117042, 12.681743398521146 ], [ 78.504165847825547, 12.725057990861924 ], [ 78.554886300466023, 12.699181740892108 ], [ 78.557218275300073, 12.757122039737567 ], [ 78.592780891519254, 12.782435762534124 ], [ 78.607938727940535, 12.821812664662104 ], [ 78.602691784563945, 12.844876278765637 ], [ 78.633590451115026, 12.931505463447195 ], [ 78.620764589527781, 12.991133343812422 ], [ 78.655744212038456, 13.01532201226247 ], [ 78.705298677261908, 13.01532201226247 ], [ 78.714626576598079, 13.068762093721871 ], [ 78.751355180234285, 13.055261441563706 ], [ 78.787500790161971, 13.064261876335816 ], [ 78.813152513336462, 13.089013071959119 ], [ 78.842302198762027, 13.078887582840494 ], [ 78.891273670276959, 13.097450979557971 ], [ 78.891856663985479, 13.032760354633432 ], [ 78.92333832424508, 13.080012637187007 ], [ 78.955402978213186, 13.076074946974209 ], [ 78.982220688804702, 13.086200436092835 ], [ 79.034690122570709, 13.069887148068386 ], [ 79.064422801704779, 13.051323751350907 ], [ 79.080746625543085, 13.026010028554349 ], [ 79.108730323551626, 13.038948153539256 ], [ 79.162948738443163, 13.02038475682178 ], [ 79.192098423868714, 13.048511115484622 ], [ 79.188600461617654, 13.087888017612604 ], [ 79.23465696459003, 13.105326359983568 ], [ 79.22882702750492, 13.1570788599232 ], [ 79.284211429813482, 13.12276470235453 ], [ 79.309863152987973, 13.11207668606265 ], [ 79.329101945368848, 13.130640082780126 ], [ 79.365247555296534, 13.130640082780126 ], [ 79.355919655960349, 13.164391713175538 ], [ 79.39206526588805, 13.192518071838382 ], [ 79.431708838066811, 13.189142908798841 ], [ 79.453862598990227, 13.216706740288426 ], [ 79.453279605281722, 13.238645300045444 ], [ 79.418299982771046, 13.2431455174315 ], [ 79.413636033102961, 13.299960761930443 ], [ 79.398478196681666, 13.330337229286314 ], [ 79.495255152294519, 13.344962935790992 ], [ 79.537230699307329, 13.338775136885168 ], [ 79.540145667849885, 13.272396930440857 ], [ 79.573959302943535, 13.258896278282691 ], [ 79.606023956911642, 13.28814769129205 ], [ 79.671319252264894, 13.280272310866454 ], [ 79.684145113852139, 13.244270571778014 ], [ 79.718541742654295, 13.216706740288426 ], [ 79.732533591658566, 13.236957718525675 ], [ 79.759934295958587, 13.207706305516318 ], [ 79.794913918469263, 13.242020463084987 ], [ 79.734865566492616, 13.275772093480398 ], [ 79.768096207877747, 13.314023941261866 ], [ 79.791415956218188, 13.293772963024619 ], [ 79.817067679392679, 13.318524158647921 ], [ 79.931334446260877, 13.351713261870076 ], [ 79.958152156852378, 13.379277093359661 ], [ 79.939496358180023, 13.424841794393469 ], [ 79.973309993273674, 13.42990453895278 ], [ 79.972144005856649, 13.46928144108076 ], [ 80.00770662207583, 13.478281875852872 ], [ 80.026945414456705, 13.513721087768054 ], [ 80.028694395582235, 13.539034810564612 ], [ 80.077082873388662, 13.526659212752961 ], [ 80.078248860805687, 13.488969892144752 ], [ 80.145293137284469, 13.491220000837778 ], [ 80.225746269059002, 13.485032201931954 ], [ 80.242070092897322, 13.472656604120303 ], [ 80.264223853820738, 13.562660951841401 ], [ 80.293373539246303, 13.495720218223834 ], [ 80.326021186922929, 13.445092772630716 ], [ 80.346425966720815, 13.315148995608379 ], [ 80.34525997930379, 13.279709783693196 ], [ 80.3196082561293, 13.186330272932556 ], [ 80.300952457456944, 13.143015680591777 ], [ 80.295122520371834, 13.092950762171917 ], [ 80.259559904152653, 12.937130735179764 ], [ 80.249649011107962, 12.857251876577287 ], [ 80.254895954484567, 12.782998289707383 ], [ 80.16861288562491, 12.537173914994131 ], [ 80.156370017746184, 12.460107692257939 ], [ 80.137714219073814, 12.410605301011334 ], [ 80.056678093590776, 12.326226225022804 ], [ 80.00770662207583, 12.254785274019181 ], [ 79.884694949579981, 12.06465108945836 ], [ 79.849715327069305, 12.051712964473452 ], [ 79.840387427733134, 12.013461116691985 ], [ 79.857294245279959, 12.006710790612903 ], [ 79.840387427733134, 11.956083345019785 ], [ 79.806573792639483, 11.96789641565818 ], [ 79.784420031716053, 11.960021035232582 ], [ 79.749440409205391, 11.922331714624374 ], [ 79.743027478411761, 11.978021904776803 ], [ 79.720290723779826, 11.99264761128148 ], [ 79.696970975439385, 11.942020165688362 ], [ 79.740695503577726, 11.905455899426666 ], [ 79.684728107560645, 11.881267230976622 ], [ 79.740112509869206, 11.864391415778915 ], [ 79.769845189003277, 11.87451690489754 ], [ 79.798411880720323, 11.827827149517219 ], [ 79.736614547618146, 11.842452856021897 ], [ 79.735448560201121, 11.809263752799742 ], [ 79.71970773007132, 11.785075084349696 ], [ 79.795496912177768, 11.77382454088456 ], [ 79.761100283375612, 11.623629785624976 ], [ 79.757019327416032, 11.557251579180665 ], [ 79.766347226752217, 11.521812367265483 ], [ 79.803075830388408, 11.454309106474657 ], [ 79.812986723433099, 11.423932639118787 ], [ 79.823480610186309, 11.378930465258238 ], [ 79.843302396275689, 11.351366633768651 ], [ 79.834557490648024, 11.321552693586037 ], [ 79.856128257862935, 11.176420682885766 ], [ 79.855545264154415, 11.00147473200288 ], [ 79.748274421788366, 10.996411987443567 ], [ 79.759351302250082, 10.960972775528385 ], [ 79.720873717488345, 10.969410683127236 ], [ 79.724371679739406, 10.929471253826 ], [ 79.776841113505412, 10.896844677777102 ], [ 79.824063603894814, 10.88446907996545 ], [ 79.821148635352259, 10.845654705010727 ], [ 79.85088131448633, 10.827653835466506 ], [ 79.853213289320379, 10.635832069385915 ], [ 79.871286094284216, 10.367506607742389 ], [ 79.882362974745931, 10.323066961055096 ], [ 79.860209213822515, 10.282565004580601 ], [ 79.768679201586252, 10.271876988288721 ], [ 79.680064157892559, 10.282002477407344 ], [ 79.636339629754218, 10.294378075218996 ], [ 79.471935403954078, 10.315754107802757 ], [ 79.37982239800931, 10.315754107802757 ], [ 79.366413542713559, 10.293815548045739 ], [ 79.300535253651802, 10.265126662209639 ], [ 79.266721618558151, 10.229124923121198 ], [ 79.278381492728371, 10.215624270963033 ], [ 79.246316838760265, 10.18749791230019 ], [ 79.22707804637939, 10.136870466707071 ], [ 79.225912058962365, 10.101431254791889 ], [ 79.251563782136856, 10.05080380919877 ], [ 79.244567857634721, 10.027177667921983 ], [ 79.152454851689967, 9.928172885428774 ], [ 79.123888159972921, 9.883733238741481 ], [ 79.121556185138871, 9.88035807570194 ], [ 79.119224210304822, 9.852794244212353 ], [ 79.116892235470786, 9.850544135519325 ], [ 79.08249560666863, 9.815667450777401 ], [ 79.059175858328175, 9.772915385609878 ], [ 79.041103053364324, 9.766165059530795 ], [ 78.980471707679172, 9.689661363967861 ], [ 78.960066927881286, 9.632283592295661 ], [ 78.93091724245572, 9.595719326033965 ], [ 78.914593418617414, 9.492776853327957 ], [ 78.90293354444718, 9.4635254403186 ], [ 78.933832210998276, 9.411772940378968 ], [ 79.016034323898353, 9.33076902742998 ], [ 79.066754776538815, 9.29814245138108 ], [ 79.161199757317632, 9.284079272049659 ], [ 79.212503203666614, 9.283516744876403 ], [ 79.264972637432621, 9.292517179648513 ], [ 79.311612134113503, 9.327956391563696 ], [ 79.334931882453958, 9.308830467672962 ], [ 79.313944108947553, 9.279016527490347 ], [ 79.346591756624179, 9.220513701471633 ], [ 79.299952259943282, 9.245827424268192 ], [ 79.256227731804955, 9.2587655492531 ], [ 79.223580084128329, 9.258203022079844 ], [ 79.190349442743184, 9.281829163356631 ], [ 79.090657518587776, 9.26045313077287 ], [ 78.979888713970652, 9.274516310104293 ], [ 78.925670299079115, 9.267203456851952 ], [ 78.908180487823785, 9.24976511448099 ], [ 78.874949846438653, 9.257640494906585 ], [ 78.727452438185324, 9.209263158006495 ], [ 78.715209570306598, 9.189012179769248 ], [ 78.685476891172527, 9.195199978675074 ], [ 78.646999306410791, 9.184511962383194 ], [ 78.649914274953346, 9.161448348279661 ], [ 78.579372036223489, 9.131071880923791 ], [ 78.536230501793668, 9.137822207002873 ], [ 78.414967810423349, 9.114196065726084 ], [ 78.385235131289278, 9.093945087488837 ], [ 78.272134351838105, 9.003378212594482 ], [ 78.226077848865728, 8.971876690892097 ], [ 78.198677144565707, 8.938687587669943 ], [ 78.171859433974191, 8.883559924690768 ], [ 78.160782553512476, 8.805368647608065 ], [ 78.169527459140141, 8.775554707425449 ], [ 78.195179182314632, 8.751928566148662 ], [ 78.163697522055031, 8.723802207485818 ], [ 78.13862879258906, 8.679925087971782 ], [ 78.135130830337985, 8.616359517393755 ], [ 78.14445872967417, 8.59779612067628 ], [ 78.1304668806699, 8.547731202256418 ], [ 78.143292742257145, 8.501603974049354 ], [ 78.125802931001814, 8.474602669733025 ], [ 78.063422604191118, 8.412162153501512 ], [ 78.065171585316648, 8.372785251373532 ], [ 77.99171437804425, 8.350284164443257 ], [ 77.970726604537845, 8.335095930765322 ], [ 77.949155837322934, 8.311469789488534 ], [ 77.890856466471817, 8.270405305840782 ], [ 77.841302001248366, 8.251841909123305 ], [ 77.80457339761216, 8.202902045049958 ], [ 77.793496517150444, 8.162400088575463 ], [ 77.757933900931263, 8.145524273377758 ], [ 77.732865171465292, 8.164087670095235 ], [ 77.634922228435414, 8.152837126630097 ], [ 77.589448719171543, 8.139899001645189 ], [ 77.566711964539607, 8.118522969061427 ], [ 77.556218077786411, 8.076895958240419 ], [ 77.533481323154476, 8.076333431067162 ], [ 77.444866279460783, 8.094896827784639 ], [ 77.331182506301104, 8.127523403833537 ] ], [ [ 79.693473013188324, 11.989834975415196 ], [ 79.692890019479805, 12.035399676449003 ], [ 79.656744409552118, 11.992085084108224 ], [ 79.693473013188324, 11.989834975415196 ] ], [ [ 79.647416510215933, 11.9532707091535 ], [ 79.638671604588268, 11.986459812375656 ], [ 79.618266824790382, 11.926269404837171 ], [ 79.625262749292517, 11.90320579073364 ], [ 79.656161415843599, 11.907706008119694 ], [ 79.669570271139364, 11.937519948302308 ], [ 79.647416510215933, 11.9532707091535 ] ] ] } }
]
}
