{"type": "FeatureCollection", "features": [{"type": "Feature", "properties": {"state": "Karnataka", "district": "Belagavi", "district_key": "Karnataka|Belagavi"}, "geometry": {"type": "Polygon", "coordinates": [[[75.34175115798594, 16.956028378193785], [75.33579511561403, 16.869485266439458], [75.39502464809019, 16.863303615599865], [75.37881097718889, 16.82393626025297], [75.38443612831792, 16.76342115203378], [75.36623710995931, 16.76016765159189], [75.3625973062876, 16.714293295361212], [75.28913945036746, 16.71494399544959], [75.27557290940923, 16.7025806937704], [75.26564617212273, 16.692494842400535], [75.26829330206579, 16.641089535418644], [75.25869745602216, 16.607903830911344], [75.25869745602216, 16.607253130822965], [75.22130674557633, 16.61701363214864], [75.17001860292937, 16.599119379718235], [75.1574447356998, 16.584153277685534], [75.15711384445692, 16.583827927641345], [75.16141543061441, 16.539905671675804], [75.16207721310018, 16.534374720924585], [75.15645206197115, 16.531121220482692], [75.1412310647985, 16.521686069201206], [75.1154215478536, 16.506069267080125], [75.11376709163918, 16.50867206743364], [75.07141301255008, 16.567560425431886], [75.06678053514972, 16.539254971587425], [75.00755100267355, 16.538278921454854], [74.9886902018292, 16.5008636663731], [74.9867048543719, 16.466376561689042], [74.98835931058632, 16.453687909965666], [75.0168159574743, 16.458568160628502], [75.01780863120295, 16.43969785806553], [75.02806625973234, 16.433516207225935], [75.07803083740775, 16.437745757800393], [75.0730674687645, 16.404560053293096], [75.03964745323326, 16.39805305240931], [75.0350149758329, 16.38666580086269], [75.04328725690497, 16.318342291582958], [75.07637638119334, 16.331681643394717], [75.12964987129759, 16.331030943306338], [75.14884156338483, 16.315414141185254], [75.1594300831571, 16.320945091936473], [75.14817978089907, 16.282553786722147], [75.23421150404879, 16.259453933584712], [75.23222615659148, 16.210000726867953], [75.28583053793862, 16.201216275674845], [75.28450697296708, 16.176489672316468], [75.29244836279629, 16.172910821830385], [75.27590380065212, 16.120204114671736], [75.32785372578483, 16.1153238640089], [75.35432502521552, 16.128663215820655], [75.35531769894416, 16.1153238640089], [75.40462049413381, 16.114022463832143], [75.41190010147724, 16.13061531608579], [75.41587079639186, 16.11564921405309], [75.4390331833937, 16.11564921405309], [75.42778288113566, 16.092874710959844], [75.43109179356449, 16.069124157734034], [75.44532011700849, 16.069124157734034], [75.44498922576561, 16.05285665552457], [75.41851792633491, 16.052531305480386], [75.4168634701205, 16.0460243045966], [75.42612842492125, 16.00925974960322], [75.43804050966504, 16.003078098763627], [75.43175357605026, 15.975423345007545], [75.43969496587947, 15.966638893814435], [75.4248048599497, 15.921415237672138], [75.44168031333678, 15.918487087274436], [75.43804050966504, 15.893760483916056], [75.45160705062328, 15.886277432899703], [75.45193794186616, 15.882698582413623], [75.45392328932346, 15.881071832192678], [75.45789398423807, 15.818604623708351], [75.4370478359364, 15.77858656827308], [75.41421634017743, 15.784768219112674], [75.42447396870682, 15.842029826889974], [75.37484028227429, 15.845283327331865], [75.3645826537449, 15.804939921852405], [75.34108937550018, 15.804939921852405], [75.33943491928575, 15.827714424945649], [75.32487570459888, 15.811121572691999], [75.30369866505433, 15.812748322912945], [75.30601490375452, 15.7658979165497], [75.31825787974121, 15.764596516372944], [75.31825787974121, 15.745075513721591], [75.31428718482661, 15.73010941168889], [75.29972797013973, 15.727506611335375], [75.29906618765396, 15.728808011512132], [75.29377192776782, 15.741171313191323], [75.27458023568057, 15.740520613102944], [75.27424934443769, 15.7177461100097], [75.27888182183807, 15.688464606032671], [75.28947034161034, 15.690742056341996], [75.27788914810941, 15.687163205855915], [75.27391845319481, 15.64877190064159], [75.24910160997855, 15.647145150420645], [75.2361968515061, 15.679029454751184], [75.20277683597484, 15.681632255104699], [75.20277683597484, 15.649097250685779], [75.10814194051015, 15.671871753779023], [75.09192826960886, 15.607777795073751], [75.05652290662033, 15.632504398432129], [75.05983181904917, 15.681957605148888], [75.04858151679112, 15.677728054574429], [75.0469270605767, 15.670570353602265], [75.02839715097522, 15.669919653513887], [75.01946308741736, 15.643891649978752], [74.966520488556, 15.654302851392806], [74.96519692358447, 15.627298797725103], [74.90232758743659, 15.63185369834375], [74.87883430919186, 15.617863646443617], [74.83052418773086, 15.610380595427266], [74.84111270750313, 15.574917440610642], [74.79809684592827, 15.548564087031316], [74.81397962558668, 15.504967181109965], [74.78684654367024, 15.486096878546991], [74.77824337135526, 15.459418174923478], [74.74879405073862, 15.496182729916857], [74.7272861199512, 15.489025028944694], [74.74449246458114, 15.463647725497937], [74.72960235865138, 15.431438071123207], [74.739198204695, 15.414194518781178], [74.74085266090943, 15.410941018339287], [74.69949125554898, 15.409964968206719], [74.68956451826247, 15.39792701657172], [74.64952667787357, 15.390118615511177], [74.61412131488503, 15.358559661224826], [74.54463415387949, 15.416797319134693], [74.48275749146026, 15.395974916306583], [74.46455847310166, 15.415170568913746], [74.45661708327246, 15.403132617278747], [74.42650598017005, 15.398577716660096], [74.42187350276969, 15.463647725497937], [74.41327033045471, 15.47405892691199], [74.37488694628023, 15.480891277839964], [74.34245960447764, 15.517981182877532], [74.27826670335823, 15.52286143354037], [74.27826670335823, 15.52286143354037], [74.27793581211535, 15.546286636721993], [74.26172214121405, 15.564831589240777], [74.24517757906987, 15.566783689505911], [74.26436927115712, 15.615586196134291], [74.24418490534123, 15.625997397548346], [74.25212629517043, 15.654302851392806], [74.2365744067549, 15.668618253337131], [74.20513973868097, 15.651049350950913], [74.20414706495231, 15.663738002674293], [74.18694072032237, 15.667642203204563], [74.19091141523697, 15.679029454751184], [74.18098467795046, 15.682282955193077], [74.16708724574936, 15.671871753779023], [74.16444011580629, 15.653652151304428], [74.13565257767542, 15.6484465505974], [74.12638762287467, 15.65267610117186], [74.11910801553124, 15.65235075112767], [74.11811534180259, 15.652025401083481], [74.11844623304547, 15.652025401083481], [74.09859275847246, 15.66536475289524], [74.08833512994308, 15.669919653513887], [74.09065136864326, 15.670570353602265], [74.12572584038891, 15.68098155501632], [74.13234366524658, 15.702454657932808], [74.12208603671719, 15.720674260407403], [74.16146209462033, 15.751257164561187], [74.20149993500924, 15.75874021557754], [74.20877954235269, 15.780864018582404], [74.20911043359557, 15.781189368626594], [74.22102251833937, 15.786069619289432], [74.22830212568282, 15.78672031937781], [74.23359638556894, 15.787045669422], [74.22797123443993, 15.767524666770647], [74.22764034319704, 15.761017665886863], [74.23955242794085, 15.744424813633213], [74.26833996607172, 15.754836015047267], [74.28720076691609, 15.74214736332389], [74.30804691521774, 15.748654364207674], [74.32326791239039, 15.772730267477673], [74.34576851690647, 15.764596516372944], [74.36198218780777, 15.781189368626594], [74.36959268639409, 15.793878020349972], [74.36992357763697, 15.802011771454701], [74.36165129656489, 15.816001823354839], [74.36098951407911, 15.817628573575783], [74.36065862283623, 15.817953923619973], [74.38315922735231, 15.849187527862135], [74.33815801832014, 15.855043828657541], [74.3633057527793, 15.874890181353082], [74.3633057527793, 15.87554088144146], [74.3672764476939, 15.889530933341597], [74.36860001266544, 15.894411184004433], [74.38812259599557, 15.854393128569162], [74.40632161435416, 15.85536917870173], [74.38679903102403, 15.905147735462677], [74.43080756632754, 15.956553042444572], [74.46323490813013, 16.039191953668627], [74.46224223440147, 16.04992850512687], [74.42981489259888, 16.05903830636417], [74.37356338130868, 16.036589153315113], [74.37753407622328, 16.055134105833897], [74.36132040532199, 16.05383270565714], [74.37223981633716, 16.07823395897133], [74.39110061718152, 16.080511409280653], [74.39010794345286, 16.089621210517954], [74.42782954514159, 16.112070363567007], [74.48341927394603, 16.091898660827276], [74.48507373016044, 16.09450146118079], [74.48937531631793, 16.11109431343444], [74.47977947027431, 16.14720816833944], [74.4940077937183, 16.186575523686333], [74.50128740106173, 16.189178324039847], [74.50492720473345, 16.19601067496782], [74.49665492366137, 16.213904927398225], [74.49632403241849, 16.214555627486604], [74.4959931411756, 16.215206327574982], [74.50294185727616, 16.225942879033227], [74.49433868496118, 16.235052680270524], [74.48044125276007, 16.250018782303226], [74.46886005925914, 16.24025828097755], [74.45496262705804, 16.25327228274512], [74.4175719166122, 16.25815253340796], [74.41459389542625, 16.282553786722147], [74.38282833610943, 16.277348186015118], [74.3732324900658, 16.261731383894038], [74.3593350578647, 16.290687537826877], [74.34576851690647, 16.29361568822458], [74.35040099430684, 16.275396085749986], [74.3249223686048, 16.271817235263903], [74.3209516736902, 16.284505886987283], [74.34279049572052, 16.298170588843227], [74.32525325984768, 16.313787390964308], [74.32889306351942, 16.323873242334173], [74.31665008753272, 16.326476042687688], [74.32260612990463, 16.334284443748228], [74.31532652256118, 16.340140744543636], [74.32723860730499, 16.34241819485296], [74.31731187001849, 16.381134850111472], [74.3249223686048, 16.378206699713772], [74.33584177961997, 16.393823501834852], [74.35337901549279, 16.36649409812296], [74.36363664402218, 16.405210753381475], [74.33517999713419, 16.401306552851203], [74.33253286719113, 16.45466396009823], [74.28951700561626, 16.463123061247153], [74.2908405705878, 16.504767866903368], [74.27959026832976, 16.504767866903368], [74.27462689968651, 16.485572214296205], [74.2607294674854, 16.48004126354499], [74.24749381777006, 16.496959465842828], [74.27793581211535, 16.504767866903368], [74.26436927115712, 16.539905671675804], [74.27065620477191, 16.548039422780533], [74.27131798725767, 16.546738022603776], [74.28323007200149, 16.52461421959891], [74.29183324431645, 16.534049370880396], [74.30142909036007, 16.52916912021756], [74.30175998160296, 16.52916912021756], [74.30606156776045, 16.5037918167708], [74.31532652256118, 16.504767866903368], [74.31565741380406, 16.554546423664316], [74.33981247453457, 16.54771407273634], [74.35635703667874, 16.559752024371342], [74.35801149289316, 16.538278921454854], [74.37985031492347, 16.52851842012918], [74.39672576831053, 16.583177227552966], [74.42220439401257, 16.584478627729723], [74.43544004372791, 16.60107147998337], [74.46687471180185, 16.606927780778776], [74.45496262705804, 16.647271186258237], [74.46886005925914, 16.663864038511885], [74.4698527329878, 16.66223728829094], [74.48904442507505, 16.63002763391621], [74.54463415387949, 16.635558584667425], [74.54364148015082, 16.595215179187967], [74.56713475839557, 16.585454677862288], [74.5562153473804, 16.563656224901614], [74.55985515105212, 16.56072807450391], [74.5704436708244, 16.554546423664316], [74.60320190386987, 16.567235075387693], [74.61875379228539, 16.584153277685534], [74.6306658770292, 16.583827927641345], [74.6389381581013, 16.607253130822965], [74.63993083182994, 16.61018128122067], [74.63993083182994, 16.610506631264858], [74.64820311290202, 16.60985593117648], [74.68724827956228, 16.608554530999722], [74.68757917080517, 16.61798968228121], [74.65349737278817, 16.63881208510932], [74.6650785662891, 16.66581613877702], [74.68956451826247, 16.676878040279455], [74.6809613459475, 16.685987841516752], [74.68956451826247, 16.68631319156094], [74.68857184453383, 16.712666545140266], [74.6951896693915, 16.713642595272834], [74.69552056063438, 16.71559469553797], [74.73224948859445, 16.71819749589148], [74.77195643774047, 16.750732500310402], [74.7957806072281, 16.7478043499127], [74.84475251117486, 16.761794401812836], [74.85004677106099, 16.772856303315265], [74.86559865947652, 16.76342115203378], [74.86956935439112, 16.774157703492023], [74.91953393206654, 16.77253095327108], [74.90166580495082, 16.862652915511486], [74.9605644461841, 16.88087251798608], [74.96354246737005, 16.90950332187473], [74.95560107754085, 16.90527377130027], [74.93276958178188, 16.918938473156217], [74.93078423432458, 16.923493373774868], [74.92515908319555, 16.934880625321487], [74.92317373573826, 16.939435525940137], [74.92979156059593, 16.941712976249462], [74.9344240379963, 16.943339726470406], [74.93674027669648, 16.944315776602974], [74.9645351410987, 16.926746874216757], [74.9645351410987, 16.947569277044867], [74.99034465804361, 16.952124177663514], [74.99166822301515, 16.951798827619328], [75.0267426947608, 16.943990426558784], [75.02541912978927, 16.928048274393515], [75.0892811396658, 16.951473477575135], [75.09622985576635, 16.913732872449188], [75.11740689531089, 16.913407522405002], [75.13494413118373, 16.894862569886214], [75.13659858739814, 16.874365517102298], [75.17663642778705, 16.86785851621851], [75.18921029501662, 16.875341567234862], [75.18193068767319, 16.843457262904323], [75.21435802947578, 16.841830512683376], [75.22759367919112, 16.843131912860134], [75.2378513077205, 16.86785851621851], [75.26465349839407, 16.862652915511486], [75.2821907342669, 16.880221817897702], [75.2901321240961, 16.903972371123515], [75.27954360432383, 16.923493373774868], [75.27954360432383, 16.956679078282164], [75.34175115798594, 16.956028378193785]]]}}, {"type": "Feature", "properties": {"state": "Karnataka", "district": "Uttara Kannada", "district_key": "Karnataka|Uttara Kannada"}, "geometry": {"type": "Polygon", "coordinates": [[[74.27826670335823, 15.52286143354037], [74.27826670335823, 15.52286143354037], [74.34245960447764, 15.517981182877532], [74.37488694628023, 15.480891277839964], [74.41327033045471, 15.47405892691199], [74.42187350276969, 15.463647725497937], [74.42650598017005, 15.398577716660096], [74.45661708327246, 15.403132617278747], [74.46455847310166, 15.415170568913746], [74.48275749146026, 15.395974916306583], [74.54463415387949, 15.416797319134693], [74.61412131488503, 15.358559661224826], [74.64952667787357, 15.390118615511177], [74.68956451826247, 15.39792701657172], [74.69949125554898, 15.409964968206719], [74.74085266090943, 15.410941018339287], [74.739198204695, 15.414194518781178], [74.74019087842366, 15.414519868825368], [74.76666217785434, 15.41712266917888], [74.76666217785434, 15.415821269002125], [74.7653386128828, 15.399553766792664], [74.79511882474232, 15.378731363964556], [74.82092834168724, 15.385238364848341], [74.83085507897374, 15.37287506316915], [74.81927388547282, 15.370272262815636], [74.82853884027357, 15.34066540879442], [74.8536865747327, 15.341316108882799], [74.87618717924879, 15.31658950552442], [74.87387094054861, 15.298369903049824], [74.88876104647836, 15.307154354242932], [74.9043129348939, 15.282102400840365], [74.90530560862254, 15.278523550354283], [74.9102689772658, 15.25119414664239], [74.87320915806283, 15.216381691914147], [74.87751074422033, 15.193281838776713], [74.84177448998891, 15.153589133385632], [74.83284042643105, 15.135369530911037], [74.83879646880295, 15.128211829938873], [74.85931172586173, 15.102834526492117], [74.89008461144991, 15.0973035757409], [74.8920699589072, 15.096978225696711], [74.87850341794898, 15.073878372559278], [74.88876104647836, 15.050453169377656], [74.9082836298085, 15.050778519421845], [74.91688680212347, 15.038740567786846], [74.93012245183881, 15.046223618803197], [74.9403800803682, 15.051754569554411], [74.94071097161108, 15.066395321542927], [75.0128452625597, 15.068347421808062], [75.05420666792014, 15.082988173796576], [75.05817736283474, 15.072251622338332], [75.08200153232235, 15.074529072647657], [75.06942766509277, 15.015315364605222], [75.07637638119334, 14.973995908993194], [75.08398687977966, 14.956427006606978], [75.09887698570941, 14.956427006606978], [75.10284768062402, 14.934303203602113], [75.06744231763548, 14.91868640148103], [75.07439103373603, 14.868907844720084], [75.06843499136413, 14.839300990698867], [75.09159737836598, 14.811320886898596], [75.05553023289167, 14.814574387340487], [75.07008944757855, 14.783015433054135], [75.04130190944768, 14.773905631816838], [75.04725795181959, 14.74462412783981], [75.03832388826173, 14.728031275586162], [75.01516150125988, 14.720548224569809], [75.01714684871718, 14.709811673111567], [75.03203695464694, 14.70785957284643], [75.0310442809183, 14.664913367013456], [75.0508977554913, 14.649621914936564], [75.02608091227503, 14.61090525967805], [75.02343378233196, 14.587805406540618], [75.02310289108908, 14.567308353756697], [75.03236784588982, 14.55787320247521], [75.06148627526358, 14.543557800530886], [75.0370003232902, 14.52956774863075], [75.04064012696192, 14.500286244653722], [75.01847041368872, 14.496707394167641], [74.98968287555785, 14.47263149089764], [74.9906755492865, 14.50126229478629], [74.97181474844214, 14.520783297437642], [74.97975613827134, 14.524362147923723], [74.97677811708539, 14.548763401237913], [74.9542775125693, 14.551366201591428], [74.93574760296782, 14.518831197172506], [74.92681353940998, 14.528917048542372], [74.90100402246506, 14.529242398586561], [74.88942282896413, 14.479463841825615], [74.92085749703807, 14.459292139085884], [74.89041550269279, 14.461894939439397], [74.87453272303438, 14.447579537495074], [74.87883430919186, 14.435541585860072], [74.91721769336635, 14.431637385329802], [74.93376225551053, 14.40398263157372], [74.94732879646875, 14.399427730955072], [74.94865236144028, 14.399102380910882], [74.94765968771164, 14.394872830336423], [74.93938740663955, 14.358433625387233], [74.9744618783852, 14.337611222559124], [74.97512366087098, 14.332730971896286], [74.97545455211386, 14.329152121410205], [74.97677811708539, 14.319716970128718], [74.9724765309279, 14.319391620084529], [74.96585870607024, 14.31906627004034], [74.92251195325248, 14.315812769598448], [74.91754858460924, 14.309305768714664], [74.9082836298085, 14.287181965709799], [74.90894541229426, 14.283277765179529], [74.91291610720887, 14.278072164472501], [74.9264826481671, 14.277421464384123], [74.92681353940998, 14.276445414251555], [74.92714443065286, 14.276770764295744], [74.92747532189574, 14.275144014074797], [74.9344240379963, 14.247489260318716], [74.93541671172494, 14.243259709744256], [74.93144601681034, 14.240982259434933], [74.90861452105138, 14.227642907623176], [74.89008461144991, 14.216906356164932], [74.87784163546321, 14.215930306032364], [74.87320915806283, 14.241307609479122], [74.85335568348982, 14.211375405413715], [74.83217864394528, 14.2299203579325], [74.79180991231348, 14.227317557578987], [74.76368415666839, 14.238054109037229], [74.72993324989426, 14.263756762528176], [74.71603581769315, 14.233173858374393], [74.71868294763622, 14.21397820576723], [74.74780137700998, 14.142726546089795], [74.66540945753198, 14.184371351746012], [74.62537161714306, 14.162572898785335], [74.62901142081478, 14.14435329631074], [74.64489420047319, 14.142075846001417], [74.64621776544473, 14.114421092245335], [74.65581361148836, 14.113445042112767], [74.63728370188687, 14.094574739549794], [74.6607769801316, 14.058460884644793], [74.65515182900259, 14.03926523203763], [74.67765243351866, 14.034710331418982], [74.66640213126063, 13.98688387492317], [74.6650785662891, 13.98232897430452], [74.64423241798742, 13.957602370946141], [74.64754133041626, 13.940358818604114], [74.64721043917338, 13.940358818604114], [74.63033498578632, 13.945564419311141], [74.59724586149797, 13.931574367411006], [74.59559140528354, 13.941334868736682], [74.58268664681108, 13.9257180666156], [74.56878921460998, 13.95011931992979], [74.54926663127985, 13.948167219664654], [74.51518483326285, 13.98688387492317], [74.46952184174492, 14.188275552276282], [74.44139608609981, 14.224389407181283], [74.39440952961036, 14.418623383562235], [74.38249744486654, 14.421226183915747], [74.38382100983807, 14.439445786390344], [74.3553643629501, 14.50907069584683], [74.31003226267505, 14.521433997526021], [74.31466474007541, 14.545835250840211], [74.26999442228613, 14.62717276188751], [74.28190650702994, 14.62717276188751], [74.28554631070166, 14.645717714406294], [74.27231066098632, 14.70005117178589], [74.25675877257079, 14.70785957284643], [74.26304570618558, 14.719246824393053], [74.23425816805472, 14.748202978325892], [74.22764034319704, 14.737466426867648], [74.20480884743809, 14.73681572677927], [74.2084486511098, 14.717945424216296], [74.20183082625213, 14.719897524481432], [74.17767576552163, 14.750480428635216], [74.15219713981959, 14.747226928193324], [74.15749139970573, 14.759915579916703], [74.14160862004732, 14.779436582568055], [74.11910801553124, 14.774556331905217], [74.11811534180259, 14.78594358345184], [74.09296760734344, 14.804163185926434], [74.11315197315933, 14.805139236059], [74.11315197315933, 14.797005484954271], [74.12473316666026, 14.80546458610319], [74.12506405790315, 14.840602390875624], [74.1118284081878, 14.849712192112921], [74.09594562852939, 14.898189348697112], [74.085688, 14.900792149050625], [74.1240713841745, 14.924868052320626], [74.16179298586322, 14.911854050553057], [74.1541824872769, 14.94341300483941], [74.16344744207764, 14.958053756827924], [74.16477100704917, 14.958053756827924], [74.17933022173605, 14.956752356651167], [74.20149993500924, 14.925518752409005], [74.2365744067549, 14.966512857976843], [74.25245718641331, 14.958704456916301], [74.26436927115712, 14.978550809611843], [74.25344986014196, 14.997746462219006], [74.26800907482884, 15.001650662749276], [74.29646572171683, 15.041343368140359], [74.2726415522292, 15.09762892578509], [74.2848845282159, 15.113896427994549], [74.28521541945878, 15.148708882722794], [74.3169809787756, 15.18644948784874], [74.30175998160296, 15.224515443018877], [74.25973679375674, 15.241108295272525], [74.25146451268466, 15.258677197658741], [74.27628135590092, 15.283078450972932], [74.32624593357635, 15.283403801017121], [74.33617267086285, 15.294791052563744], [74.3169809787756, 15.329278157247797], [74.32326791239039, 15.367669462462123], [74.27595046465804, 15.391745365732124], [74.26900174855749, 15.419074769444016], [74.27561957341516, 15.449332323553612], [74.25113362144178, 15.491302479254019], [74.25113362144178, 15.491627829298208], [74.27826670335823, 15.52286143354037]]]}}, {"type": "Feature", "properties": {"state": "Karnataka", "district": "Shimoga", "district_key": "Karnataka|Shimoga"}, "geometry": {"type": "Polygon", "coordinates": [[[74.66640213126063, 13.98688387492317], [74.67765243351866, 14.034710331418982], [74.65515182900259, 14.03926523203763], [74.6607769801316, 14.058460884644793], [74.63728370188687, 14.094574739549794], [74.65581361148836, 14.113445042112767], [74.64621776544473, 14.114421092245335], [74.64489420047319, 14.142075846001417], [74.62901142081478, 14.14435329631074], [74.62537161714306, 14.162572898785335], [74.66540945753198, 14.184371351746012], [74.74780137700998, 14.142726546089795], [74.71868294763622, 14.21397820576723], [74.71603581769315, 14.233173858374393], [74.72993324989426, 14.263756762528176], [74.76368415666839, 14.238054109037229], [74.79180991231348, 14.227317557578987], [74.83217864394528, 14.2299203579325], [74.85335568348982, 14.211375405413715], [74.87320915806283, 14.241307609479122], [74.87784163546321, 14.215930306032364], [74.89008461144991, 14.216906356164932], [74.90861452105138, 14.227642907623176], [74.93144601681034, 14.240982259434933], [74.93541671172494, 14.243259709744256], [74.9344240379963, 14.247489260318716], [74.92747532189574, 14.275144014074797], [74.92714443065286, 14.276770764295744], [74.92681353940998, 14.276445414251555], [74.9264826481671, 14.277421464384123], [74.91291610720887, 14.278072164472501], [74.90894541229426, 14.283277765179529], [74.9082836298085, 14.287181965709799], [74.91754858460924, 14.309305768714664], [74.92251195325248, 14.315812769598448], [74.96585870607024, 14.31906627004034], [74.9724765309279, 14.319391620084529], [74.97677811708539, 14.319716970128718], [74.97545455211386, 14.329152121410205], [74.97512366087098, 14.332730971896286], [74.9744618783852, 14.337611222559124], [74.93938740663955, 14.358433625387233], [74.94765968771164, 14.394872830336423], [74.94865236144028, 14.399102380910882], [74.94732879646875, 14.399427730955072], [74.93376225551053, 14.40398263157372], [74.91721769336635, 14.431637385329802], [74.87883430919186, 14.435541585860072], [74.87453272303438, 14.447579537495074], [74.89041550269279, 14.461894939439397], [74.92085749703807, 14.459292139085884], [74.88942282896413, 14.479463841825615], [74.90100402246506, 14.529242398586561], [74.92681353940998, 14.528917048542372], [74.93574760296782, 14.518831197172506], [74.9542775125693, 14.551366201591428], [74.97677811708539, 14.548763401237913], [74.97975613827134, 14.524362147923723], [74.97181474844214, 14.520783297437642], [74.9906755492865, 14.50126229478629], [74.98968287555785, 14.47263149089764], [75.01847041368872, 14.496707394167641], [75.04064012696192, 14.500286244653722], [75.0370003232902, 14.52956774863075], [75.06148627526358, 14.543557800530886], [75.03236784588982, 14.55787320247521], [75.02310289108908, 14.567308353756697], [75.02343378233196, 14.587805406540618], [75.02608091227503, 14.61090525967805], [75.0508977554913, 14.649621914936564], [75.07273657752161, 14.65515286568778], [75.09953876819519, 14.652875415378457], [75.16009186564287, 14.617412260561835], [75.16538612552901, 14.633354412727105], [75.1878867300451, 14.62261786126886], [75.20542396591792, 14.637583963301564], [75.20509307467503, 14.597565907866294], [75.1815997964303, 14.597891257910483], [75.18424692637338, 14.585853306275482], [75.20740931337522, 14.572188604419535], [75.22726278794823, 14.583901206010346], [75.22527744049093, 14.567633703800887], [75.24049843766358, 14.554945052077509], [75.24347645884953, 14.578044905214941], [75.26531528087983, 14.579671655435888], [75.29708084019666, 14.540629650133184], [75.2679624108229, 14.527940998409804], [75.26763151958002, 14.514926996642236], [75.31958144471274, 14.51362559646548], [75.34605274414342, 14.48532014262102], [75.34009670177151, 14.435866935904262], [75.35597948142993, 14.42838388488791], [75.3645826537449, 14.441723236699668], [75.38211988961773, 14.433589485594938], [75.37781830346024, 14.40788683210399], [75.35928839385876, 14.409188232280748], [75.34869987408649, 14.388040479408449], [75.47741656756818, 14.317439519819395], [75.47642389383954, 14.34379287339872], [75.50090984581293, 14.344443573487098], [75.50256430202734, 14.308004368537908], [75.53399897010128, 14.289459416019124], [75.53300629637263, 14.277421464384123], [75.52671936275785, 14.202916304264797], [75.50686588818482, 14.219183806474256], [75.50256430202734, 14.2178824062975], [75.45690131050941, 14.205844454662499], [75.48436528366875, 14.176237600641283], [75.44366566079407, 14.163548948917903], [75.39965712549056, 14.117674592687226], [75.44862902943733, 14.095550789682362], [75.49065221728354, 14.104660590919659], [75.53135184015821, 14.097502889947496], [75.54326392490202, 14.077981887296144], [75.60348613110682, 14.056508784379657], [75.6177144545508, 14.076680487119388], [75.634259016695, 14.07993398756128], [75.67297329211236, 14.064967885528576], [75.72558499973086, 14.07570443698682], [75.72128341357336, 14.083512838047362], [75.73815886696042, 14.08741703857763], [75.7388206494462, 14.101081740433578], [75.75602699407614, 14.110191541670876], [75.80599157175155, 14.098153590035874], [75.81426385282364, 14.105636641052227], [75.82088167768131, 14.064967885528576], [75.79871196440811, 14.033408931242224], [75.82385969886727, 14.0190935292979], [75.8291539587534, 13.971592422846276], [75.85959595309869, 13.910426614538707], [75.8552943669412, 13.87268600941276], [75.87150803784249, 13.851212906496274], [75.87878764518592, 13.810218800928435], [75.82551415508168, 13.818677902077354], [75.80764602796597, 13.794601998807353], [75.77753492486356, 13.788420347967758], [75.76694640509129, 13.797204799160866], [75.7646301663911, 13.781587997039786], [75.68720161555636, 13.766621895007082], [75.6865398330706, 13.750029042753434], [75.66933348844064, 13.76401909465357], [75.65576694748242, 13.746124842223164], [75.67462774832678, 13.723350339129919], [75.65113447008206, 13.71879543851127], [75.63525169042364, 13.701551886169243], [75.63492079918076, 13.701226536125054], [75.62267782319407, 13.705781436743703], [75.61738356330792, 13.72302498908573], [75.62797208308021, 13.733110840455595], [75.60911128223584, 13.746124842223164], [75.61076573845025, 13.761090944255866], [75.57138968054711, 13.75555999350465], [75.5657645294181, 13.740919241516135], [75.54094768620183, 13.727905239748567], [75.50686588818482, 13.765645844874514], [75.49826271586986, 13.758162793858164], [75.48701241361181, 13.768248645228029], [75.48701241361181, 13.76792329518384], [75.48866686982623, 13.759789544079108], [75.47344587265358, 13.750029042753434], [75.45425418056634, 13.723675689174108], [75.41917970882069, 13.706106786787892], [75.38311256334639, 13.71098703745073], [75.40726762407688, 13.666414081396809], [75.41454723142031, 13.652749379540865], [75.41156921023436, 13.641687478038431], [75.40726762407688, 13.62574532587316], [75.39105395317559, 13.624118575652215], [75.38807593198963, 13.617286224724241], [75.38708325826099, 13.615008774414918], [75.38609058453233, 13.613382024193971], [75.37351671730276, 13.626070675917349], [75.3725240435741, 13.62574532587316], [75.36987691363105, 13.59711452198451], [75.34439828792901, 13.580521669730862], [75.32619926957041, 13.592559621365861], [75.29509549273936, 13.584751220305321], [75.27888182183807, 13.56457951756559], [75.24480002382106, 13.605248273089241], [75.23553506902032, 13.598415922161267], [75.22924813540553, 13.603296172824106], [75.22329209303363, 13.602645472735727], [75.21071822580406, 13.5854019203937], [75.22660100546247, 13.56848371809586], [75.21601248569019, 13.557747166637618], [75.22593922297669, 13.5281403126164], [75.22593922297669, 13.5281403126164], [75.17630553654416, 13.499184158683562], [75.16968771168649, 13.50796860987667], [75.13626769615526, 13.472505455060048], [75.14090017355562, 13.461443553557615], [75.11575243909648, 13.456888652938966], [75.10218589813826, 13.489098307313697], [75.08001618486506, 13.49235180775559], [75.07670727243622, 13.514475610760455], [75.06049360153493, 13.519355861423293], [75.06016271029205, 13.519355861423293], [75.05950092780627, 13.519355861423293], [75.0628098402351, 13.52879101270478], [75.04924329927688, 13.547335965223564], [75.0350149758329, 13.567182317919105], [75.0370003232902, 13.569785118272618], [75.04427993063364, 13.579870969642483], [75.0611553840207, 13.602320122691538], [75.0611553840207, 13.602645472735727], [75.02343378233196, 13.628998826315051], [75.01549239250276, 13.634855127110457], [75.01549239250276, 13.634855127110457], [75.0128452625597, 13.65795498024789], [75.02839715097522, 13.667390131529377], [75.01218348007393, 13.676825282810864], [75.0108599151024, 13.691140684755188], [75.02144843487467, 13.698298385727352], [74.99100644052938, 13.710010987318162], [74.9986169391157, 13.738316441162622], [74.9281371043815, 13.768899345316406], [74.93343136426765, 13.788094997923569], [74.93243869053899, 13.790372448232894], [74.90795273856561, 13.857719907380059], [74.87883430919186, 13.867480408705735], [74.86526776823364, 13.85739455733587], [74.8397891425316, 13.89741261277114], [74.8196047767157, 13.907823814185194], [74.76269148293973, 13.915957565289924], [74.71173423153567, 13.905221013831682], [74.70776353662107, 13.927019466792357], [74.69055719199112, 13.933526467676142], [74.69882947306321, 13.950770020018169], [74.6746744123327, 13.968989622492764], [74.67169639114677, 13.975171273332357], [74.66640213126063, 13.98688387492317]]]}}, {"type": "Feature", "properties": {"state": "Karnataka", "district": "Chikkamagaluru", "district_key": "Karnataka|Chikkamagaluru"}, "geometry": {"type": "Polygon", "coordinates": [[[76.02967405194083, 13.898714012947897], [76.04059346295598, 13.899039362992086], [76.04324059289905, 13.899039362992086], [76.05548356888575, 13.880819760517491], [76.07732239091605, 13.880169060429113], [76.0984994304606, 13.863901558219652], [76.11537488384766, 13.81217090119357], [76.12960320729165, 13.814448351502895], [76.1487948993789, 13.732460140367216], [76.16997193892345, 13.726929189616001], [76.17361174259517, 13.716843338246136], [76.21960562535598, 13.713264487760053], [76.22159097281329, 13.682030883517891], [76.2632832694166, 13.648845179010593], [76.28644565641845, 13.64656772870127], [76.27321000670311, 13.604922923045052], [76.30034308861957, 13.58898077087978], [76.33310132166504, 13.596463821896133], [76.34137360273712, 13.576292119156403], [76.35295479623805, 13.579545619598294], [76.3638742072532, 13.547335965223564], [76.36255064228168, 13.530417762925726], [76.34567518889462, 13.513824910672076], [76.31589497703509, 13.539852914207213], [76.31192428212049, 13.525537512262888], [76.29306348127612, 13.527164262483833], [76.28975456884729, 13.505040459478968], [76.23383394879997, 13.50764325983248], [76.2311868188569, 13.4679505544414], [76.19809769456855, 13.468926604573968], [76.19644323835414, 13.450381652055183], [76.1871782835534, 13.452659102364507], [76.19346521716818, 13.468926604573968], [76.16236144033712, 13.469902654706534], [76.13721370587798, 13.442247900950452], [76.13952994457816, 13.40678474613383], [76.08989625814563, 13.393770744366263], [76.08890358441698, 13.371646941361398], [76.05581446012863, 13.380756742598695], [76.04158613668463, 13.37424974171491], [76.02702692199776, 13.327073985307477], [76.04290970165617, 13.323820484865585], [76.0362918767985, 13.24866462465788], [76.01643840222549, 13.250942074967204], [76.01478394601106, 13.261353276381259], [75.93603183020478, 13.256147675674232], [75.90327359715931, 13.258099775939368], [75.89930290224471, 13.266233527044097], [75.87680229772863, 13.260377226248691], [75.86158130055598, 13.240205523508962], [75.8572797143985, 13.258425125983557], [75.8390806960399, 13.251918125099772], [75.81591830903805, 13.259075826071935], [75.80566068050867, 13.216129620238961], [75.7788584898351, 13.209947969399366], [75.75834323277633, 13.217431020415717], [75.74312223560368, 13.20767051909004], [75.72889391215969, 13.183269265775852], [75.73021747713122, 13.164398963212879], [75.75371075537595, 13.136093509368418], [75.73518084577447, 13.123404857645038], [75.7384897582033, 13.110065505833282], [75.72723945594527, 13.09932895437504], [75.74246045311791, 13.069396750309632], [75.74014421441773, 13.030029394962739], [75.72790123843103, 13.023522394078956], [75.71036400255821, 13.03816314606747], [75.6964665703571, 13.036861745890713], [75.69481211414268, 13.04597154712801], [75.6905105279852, 13.033608245448821], [75.65576694748242, 13.022546343946388], [75.64253129776708, 13.031330795139496], [75.59554474127762, 12.943811633252603], [75.57238235427577, 12.934701832015305], [75.55881581331754, 12.915831529452332], [75.55683046586024, 12.912903379054628], [75.55616868337448, 12.942835583120035], [75.51414549552827, 12.978949438025035], [75.53267540512974, 13.004652091515982], [75.51513816925691, 13.066143249867741], [75.48601973988316, 13.092496603447065], [75.47973280626837, 13.077205151370173], [75.47046785146763, 13.077530501414362], [75.47079874271051, 13.097051504065714], [75.455246854295, 13.110065505833282], [75.44498922576561, 13.104859905126254], [75.43373892350756, 13.121778107424094], [75.4248048599497, 13.1064866553472], [75.40726762407688, 13.111692256054228], [75.40428960289093, 13.155289161975581], [75.38906860571828, 13.17155666418504], [75.38013454216043, 13.179039715201393], [75.34671452662919, 13.181317165510716], [75.32818461702772, 13.170905964096661], [75.31660342352679, 13.136418859412608], [75.29443371025359, 13.124380907777606], [75.28483786420996, 13.13511745923585], [75.27755825686653, 13.126983708131121], [75.25241052240739, 13.128935808396255], [75.21733605066173, 13.156590562152337], [75.20740931337522, 13.153337061710445], [75.2057548571608, 13.177087614936257], [75.2057548571608, 13.177087614936257], [75.2057548571608, 13.177087614936257], [75.16670969050054, 13.202790268427204], [75.13990749982698, 13.288031980004773], [75.11244352666765, 13.282501029253556], [75.07869261989352, 13.343016137472748], [75.08961203090868, 13.361235739947343], [75.11211263542477, 13.356355489284505], [75.12766452384028, 13.366115990610181], [75.12700274135452, 13.385311643217342], [75.14652532468465, 13.392794694233695], [75.13990749982698, 13.40678474613383], [75.15512849699962, 13.430209949315453], [75.15446671451386, 13.453309802452885], [75.14090017355562, 13.461443553557615], [75.13626769615526, 13.472505455060048], [75.16968771168649, 13.50796860987667], [75.17630553654416, 13.499184158683562], [75.22593922297669, 13.5281403126164], [75.22593922297669, 13.5281403126164], [75.21601248569019, 13.557747166637618], [75.22660100546247, 13.56848371809586], [75.21071822580406, 13.5854019203937], [75.22329209303363, 13.602645472735727], [75.22924813540553, 13.603296172824106], [75.23553506902032, 13.598415922161267], [75.24480002382106, 13.605248273089241], [75.27888182183807, 13.56457951756559], [75.29509549273936, 13.584751220305321], [75.32619926957041, 13.592559621365861], [75.34439828792901, 13.580521669730862], [75.36987691363105, 13.59711452198451], [75.3725240435741, 13.62574532587316], [75.37351671730276, 13.626070675917349], [75.38609058453233, 13.613382024193971], [75.38708325826099, 13.615008774414918], [75.38807593198963, 13.617286224724241], [75.39105395317559, 13.624118575652215], [75.40726762407688, 13.62574532587316], [75.41156921023436, 13.641687478038431], [75.41454723142031, 13.652749379540865], [75.40726762407688, 13.666414081396809], [75.38311256334639, 13.71098703745073], [75.41917970882069, 13.706106786787892], [75.45425418056634, 13.723675689174108], [75.47344587265358, 13.750029042753434], [75.48866686982623, 13.759789544079108], [75.48701241361181, 13.76792329518384], [75.48701241361181, 13.768248645228029], [75.49826271586986, 13.758162793858164], [75.50686588818482, 13.765645844874514], [75.54094768620183, 13.727905239748567], [75.5657645294181, 13.740919241516135], [75.57138968054711, 13.75555999350465], [75.61076573845025, 13.761090944255866], [75.60911128223584, 13.746124842223164], [75.62797208308021, 13.733110840455595], [75.61738356330792, 13.72302498908573], [75.62267782319407, 13.705781436743703], [75.63492079918076, 13.701226536125054], [75.63525169042364, 13.701551886169243], [75.65113447008206, 13.71879543851127], [75.67462774832678, 13.723350339129919], [75.65576694748242, 13.746124842223164], [75.66933348844064, 13.76401909465357], [75.6865398330706, 13.750029042753434], [75.68720161555636, 13.766621895007082], [75.7646301663911, 13.781587997039786], [75.76694640509129, 13.797204799160866], [75.77753492486356, 13.788420347967758], [75.80764602796597, 13.794601998807353], [75.82551415508168, 13.818677902077354], [75.87878764518592, 13.810218800928435], [75.895663098573, 13.806314600398164], [75.95224550110608, 13.81607510172384], [75.949598371163, 13.833969354154247], [75.97011362822178, 13.856418507203301], [75.98897442906615, 13.848610106142761], [76.01180592482511, 13.8684564588383], [76.01577661973971, 13.872035309324382], [76.01875464092566, 13.8684564588383], [76.02471068329757, 13.8684564588383], [76.03000494318371, 13.88570001118033], [76.02967405194083, 13.898714012947897]]]}}, {"type": "Feature", "properties": {"state": "Karnataka", "district": "Hassan", "district_key": "Karnataka|Hassan"}, "geometry": {"type": "Polygon", "coordinates": [[[75.55881581331754, 12.915831529452332], [75.57238235427577, 12.934701832015305], [75.59554474127762, 12.943811633252603], [75.64253129776708, 13.031330795139496], [75.65576694748242, 13.022546343946388], [75.6905105279852, 13.033608245448821], [75.69481211414268, 13.04597154712801], [75.6964665703571, 13.036861745890713], [75.71036400255821, 13.03816314606747], [75.72790123843103, 13.023522394078956], [75.74014421441773, 13.030029394962739], [75.74246045311791, 13.069396750309632], [75.72723945594527, 13.09932895437504], [75.7384897582033, 13.110065505833282], [75.73518084577447, 13.123404857645038], [75.75371075537595, 13.136093509368418], [75.73021747713122, 13.164398963212879], [75.72889391215969, 13.183269265775852], [75.74312223560368, 13.20767051909004], [75.75834323277633, 13.217431020415717], [75.7788584898351, 13.209947969399366], [75.80566068050867, 13.216129620238961], [75.81591830903805, 13.259075826071935], [75.8390806960399, 13.251918125099772], [75.8572797143985, 13.258425125983557], [75.86158130055598, 13.240205523508962], [75.87680229772863, 13.260377226248691], [75.89930290224471, 13.266233527044097], [75.90327359715931, 13.258099775939368], [75.93603183020478, 13.256147675674232], [76.01478394601106, 13.261353276381259], [76.01643840222549, 13.250942074967204], [76.0362918767985, 13.24866462465788], [76.04290970165617, 13.323820484865585], [76.02702692199776, 13.327073985307477], [76.04158613668463, 13.37424974171491], [76.05581446012863, 13.380756742598695], [76.08890358441698, 13.371646941361398], [76.08989625814563, 13.393770744366263], [76.13952994457816, 13.40678474613383], [76.13721370587798, 13.442247900950452], [76.16236144033712, 13.469902654706534], [76.19346521716818, 13.468926604573968], [76.1871782835534, 13.452659102364507], [76.19644323835414, 13.450381652055183], [76.19809769456855, 13.468926604573968], [76.2311868188569, 13.4679505544414], [76.23383394879997, 13.50764325983248], [76.28975456884729, 13.505040459478968], [76.29306348127612, 13.527164262483833], [76.31192428212049, 13.525537512262888], [76.31589497703509, 13.539852914207213], [76.34567518889462, 13.513824910672076], [76.36255064228168, 13.530417762925726], [76.3638742072532, 13.547335965223564], [76.40060313521327, 13.526513562395454], [76.42740532588685, 13.525537512262888], [76.41516234990016, 13.508944660009238], [76.39663244029867, 13.5040644093464], [76.39597065781291, 13.493653207932345], [76.41516234990016, 13.479012455943831], [76.40689006882806, 13.459166103248291], [76.41979482730052, 13.448429551790047], [76.40060313521327, 13.4227268982991], [76.39497798408426, 13.405808696001262], [76.39034550668389, 13.391167944012748], [76.38141144312604, 13.364163890345045], [76.34699875386615, 13.359934339770586], [76.34699875386615, 13.35830758954964], [76.34699875386615, 13.352451288754235], [76.34766053635191, 13.30137133181653], [76.35229301375229, 13.294538980888557], [76.35626370866689, 13.24931532474626], [76.36453598973897, 13.234023872669367], [76.37975698691162, 13.231746422360041], [76.37082292335376, 13.200512818117879], [76.41251521995709, 13.191728366924771], [76.44494256175967, 13.169929913964094], [76.45520019028906, 13.150083561268554], [76.47306831740478, 13.149758211224365], [76.472406534919, 13.093147303535444], [76.472406534919, 13.093147303535444], [76.4945762481922, 13.09477405375639], [76.5147606140081, 13.070047450398011], [76.51575328773676, 13.068746050221254], [76.52071665638, 13.07427700097247], [76.52733448123767, 13.07883190159112], [76.60443214082954, 13.071348850574768], [76.60939550947279, 13.068746050221254], [76.61965313800218, 13.05410529823274], [76.60608659704396, 13.054755998321118], [76.60542481455819, 13.053129248100173], [76.60542481455819, 13.052478548011795], [76.60211590212936, 13.040115246332604], [76.60476303207243, 13.031981495227875], [76.61303531314451, 13.00595349169274], [76.61303531314451, 13.00595349169274], [76.61303531314451, 13.00595349169274], [76.63222700523175, 13.004326741471793], [76.6335505702033, 12.98122688833436], [76.63189611398887, 12.979925488157603], [76.61171174817298, 12.965284736169089], [76.61634422557336, 12.937304632368818], [76.60608659704396, 12.938606032545575], [76.59649075100033, 12.921362480203548], [76.59649075100033, 12.881019074724087], [76.57895351512751, 12.873210673663547], [76.57762995015598, 12.846857320084222], [76.52038576513712, 12.841326369333006], [76.51840041767981, 12.826360267300302], [76.48994377079184, 12.80651391460476], [76.49987050807835, 12.780485911069626], [76.49292179197779, 12.767146559257869], [76.48961287954896, 12.785691511776653], [76.47472277361919, 12.771701459876518], [76.45520019028906, 12.781136611158004], [76.47141386119036, 12.79870551354422], [76.44593523548832, 12.823432116902598], [76.42541997842955, 12.825058867123545], [76.42541997842955, 12.857919221586654], [76.41350789368573, 12.864426222470438], [76.40854452504249, 12.843929169686518], [76.3860439205264, 12.845230569863276], [76.38273500809757, 12.83124051796314], [76.36949935838223, 12.828637717609626], [76.36817579341069, 12.809116714958275], [76.33243953917926, 12.807815314781518], [76.33409399539369, 12.789595712306923], [76.33475577787945, 12.787643612041787], [76.34964588380922, 12.785691511776653], [76.34302805895155, 12.761290258462463], [76.35725638239553, 12.75022835696003], [76.34137360273712, 12.732008754485435], [76.36155796855302, 12.703052600552596], [76.36288153352456, 12.70142585033165], [76.35295479623805, 12.667914795780163], [76.34203538522289, 12.655876844145162], [76.34203538522289, 12.655876844145162], [76.34236627646578, 12.655226144056783], [76.32350547562142, 12.635054441317054], [76.3278070617789, 12.611303888091243], [76.32648349680737, 12.611303888091243], [76.30629913099148, 12.610327837958675], [76.3096080434203, 12.622691139637864], [76.30034308861957, 12.629198140521648], [76.28015872280366, 12.61683483884246], [76.27982783156078, 12.633753041140297], [76.25468009710164, 12.62041368932854], [76.24574603354378, 12.637006541582188], [76.2192747341131, 12.644489592598541], [76.20570819315488, 12.628872790477459], [76.2153040391985, 12.621715089505297], [76.19214165219665, 12.594060335749216], [76.19644323835414, 12.577467483495566], [76.15243470305062, 12.579744933804891], [76.15144202932197, 12.547209929385971], [76.13324301096337, 12.528664976867187], [76.11405131887614, 12.52703822664624], [76.11537488384766, 12.512722824701916], [76.08625645447391, 12.53875082823705], [76.0905580406314, 12.545583179165025], [76.05217465645691, 12.554367630358133], [76.04555683159924, 12.577142133451376], [76.01908553216855, 12.570960482611781], [76.01875464092566, 12.570635132567594], [76.01379127228242, 12.569659082435026], [75.99228334149498, 12.588854735042188], [75.98864353782326, 12.574213983053674], [75.96879006325025, 12.576816783407187], [75.97540788810792, 12.56347743159543], [75.96250312963546, 12.561199981286107], [75.9396716338765, 12.608701087737728], [75.94893658867724, 12.623667189770432], [75.9357009389619, 12.630174190654216], [75.9479439149486, 12.664010595249893], [75.94000252511938, 12.676048546884893], [75.94000252511938, 12.676373896929082], [75.95952510844951, 12.683206247857054], [75.96515025957854, 12.710861001613138], [75.94198787257669, 12.720296152894624], [75.93305380901883, 12.763893058815976], [75.97077541070756, 12.784064761555706], [75.96912095449314, 12.804887164383814], [75.93040667907576, 12.807815314781518], [75.93007578783288, 12.807815314781518], [75.93007578783288, 12.808140664825707], [75.91981815930349, 12.828312367565438], [75.91121498698851, 12.815298365797869], [75.87978031891458, 12.833843318316653], [75.86389753925617, 12.817901166151383], [75.86389753925617, 12.816599765974626], [75.86489021298482, 12.79512666305814], [75.87812586270016, 12.776907060583543], [75.85827238812715, 12.769749359611382], [75.85992684434157, 12.757386057932193], [75.84933832456929, 12.74990300691584], [75.85496347569831, 12.723549653336516], [75.8854054700436, 12.70565540090611], [75.88672903501514, 12.705004700817732], [75.8873908175009, 12.678651347238407], [75.88672903501514, 12.678000647150029], [75.88408190507207, 12.676373896929082], [75.87779497145728, 12.671818996310433], [75.84040426101144, 12.671493646266244], [75.83411732739665, 12.671493646266244], [75.83279376242511, 12.671493646266244], [75.80764602796597, 12.701751200375838], [75.7606594714765, 12.674096446619757], [75.71301113250128, 12.707607501171244], [75.69977548278594, 12.704679350773542], [75.66668635849757, 12.697521649801379], [75.64749466641034, 12.69329209922692], [75.63359723420922, 12.690038598785028], [75.63359723420922, 12.690038598785028], [75.6259867356229, 12.705330050861921], [75.65080357883917, 12.718994752717867], [75.6521271438107, 12.723224303292326], [75.6560978387253, 12.745348106297191], [75.64683288392456, 12.757060707888003], [75.63988416782401, 12.765845159081112], [75.63359723420922, 12.773328210097462], [75.61440554212197, 12.797404113367463], [75.62135425822254, 12.855316421233141], [75.60216256613529, 12.865076922558817], [75.60282434862106, 12.87548812397287], [75.5637791819608, 12.866378322735573], [75.5637791819608, 12.866703672779762], [75.56344829071791, 12.86767972291233], [75.55451422716006, 12.907372428303413], [75.55914670456043, 12.914530129275574], [75.55881581331754, 12.915831529452332]]]}}, {"type": "Feature", "properties": {"state": "Karnataka", "district": "Dakshina Kannada", "district_key": "Karnataka|Dakshina Kannada"}, "geometry": {"type": "Polygon", "coordinates": [[[74.77625802389797, 13.071674200618958], [74.7775815888695, 13.10290780486112], [74.79180991231348, 13.096726154021525], [74.79842773717115, 13.104209205037877], [74.79214080355636, 13.116897856761256], [74.8096780394292, 13.113319006275175], [74.82622260157338, 13.129586508484634], [74.8599735083475, 13.127959758263689], [74.8781725267061, 13.095424753844767], [74.91192343348021, 13.108113405568147], [74.91059986850868, 13.132840008926525], [74.9281371043815, 13.147806110959229], [74.92979156059593, 13.14715541087085], [74.9364093854536, 13.145203310605716], [74.94269631906839, 13.14325121034058], [74.94137275409685, 13.138045609633553], [74.95163038262623, 13.123730207689228], [74.9542775125693, 13.121452757379904], [74.97479276962808, 13.129586508484634], [74.99431535295821, 13.157241262240715], [75.01516150125988, 13.130887908661391], [75.0366694320473, 13.141624460119635], [75.05850825407762, 13.13153860874977], [75.08365598853678, 13.145854010694094], [75.0810088585937, 13.161796162859364], [75.09755342073788, 13.165049663301257], [75.12071580773973, 13.136418859412608], [75.1150906566107, 13.13121325870558], [75.15016512835636, 13.125031607865985], [75.2057548571608, 13.177087614936257], [75.2057548571608, 13.177087614936257], [75.2057548571608, 13.177087614936257], [75.20740931337522, 13.153337061710445], [75.21733605066173, 13.156590562152337], [75.25241052240739, 13.128935808396255], [75.27755825686653, 13.126983708131121], [75.28483786420996, 13.13511745923585], [75.29443371025359, 13.124380907777606], [75.31660342352679, 13.136418859412608], [75.32818461702772, 13.170905964096661], [75.34671452662919, 13.181317165510716], [75.38013454216043, 13.179039715201393], [75.38906860571828, 13.17155666418504], [75.40428960289093, 13.155289161975581], [75.40726762407688, 13.111692256054228], [75.4248048599497, 13.1064866553472], [75.43373892350756, 13.121778107424094], [75.44498922576561, 13.104859905126254], [75.455246854295, 13.110065505833282], [75.47079874271051, 13.097051504065714], [75.47046785146763, 13.077530501414362], [75.47973280626837, 13.077205151370173], [75.48601973988316, 13.092496603447065], [75.51513816925691, 13.066143249867741], [75.53267540512974, 13.004652091515982], [75.51414549552827, 12.978949438025035], [75.55616868337448, 12.942835583120035], [75.55683046586024, 12.912903379054628], [75.55881581331754, 12.915831529452332], [75.55914670456043, 12.914530129275574], [75.55451422716006, 12.907372428303413], [75.56344829071791, 12.86767972291233], [75.5637791819608, 12.866703672779762], [75.5637791819608, 12.866378322735573], [75.60282434862106, 12.87548812397287], [75.60216256613529, 12.865076922558817], [75.62135425822254, 12.855316421233141], [75.61440554212197, 12.797404113367463], [75.63359723420922, 12.773328210097462], [75.63988416782401, 12.765845159081112], [75.64683288392456, 12.757060707888003], [75.6560978387253, 12.745348106297191], [75.6521271438107, 12.723224303292326], [75.65080357883917, 12.718994752717867], [75.6259867356229, 12.705330050861921], [75.63359723420922, 12.690038598785028], [75.63359723420922, 12.690038598785028], [75.64749466641034, 12.69329209922692], [75.66668635849757, 12.697521649801379], [75.64186951528131, 12.633102341051918], [75.65444338251089, 12.618461589063404], [75.65808318618261, 12.603170136986513], [75.66403922855451, 12.578768883672323], [75.67065705341219, 12.551114129916241], [75.66800992346911, 12.549162029651105], [75.6643701197974, 12.546559229297593], [75.61473643336487, 12.510120024348401], [75.59091226387724, 12.540052228413808], [75.55616868337448, 12.501335573155293], [75.5657645294181, 12.486044121078402], [75.52903560145802, 12.499383472890159], [75.52374134157189, 12.489948321608672], [75.4932993472266, 12.483766670769077], [75.48999043479776, 12.460016117543265], [75.46451180909574, 12.472054069178267], [75.46186467915267, 12.487996221343536], [75.47245319892494, 12.499383472890159], [75.43440070599333, 12.530291727088132], [75.42877555486432, 12.51500027501124], [75.41653257887762, 12.515325625055429], [75.41620168763474, 12.499708822934348], [75.41620168763474, 12.499708822934348], [75.38178899837484, 12.501986273243672], [75.36789156617374, 12.491900421873806], [75.37219315233122, 12.476934319841105], [75.35995017634453, 12.464896368206103], [75.3364568980998, 12.464245668117725], [75.33215531194232, 12.499708822934348], [75.30436044754009, 12.503287673420429], [75.30303688256856, 12.522808676071781], [75.2802053868096, 12.524110076248537], [75.26961686703733, 12.549487379695295], [75.27193310573752, 12.570309782523404], [75.28384519048132, 12.570960482611781], [75.28980123285322, 12.58397448437935], [75.3146180760695, 12.573888633009485], [75.32520659584176, 12.59210823548408], [75.31130916364066, 12.591132185351512], [75.27855093059519, 12.617485538930836], [75.27325667070905, 12.61683483884246], [75.23752041647762, 12.568357682258268], [75.22031407184768, 12.568357682258268], [75.20873287834675, 12.59243358552827], [75.20046059727467, 12.588854735042188], [75.20906376958963, 12.601543386765567], [75.19847524981736, 12.613255988356377], [75.2017841622462, 12.628872790477459], [75.16108453937153, 12.621064389416919], [75.13759126112679, 12.64481494264273], [75.16042275688575, 12.671493646266244], [75.15016512835636, 12.673771096575567], [75.15248136705655, 12.682230197724488], [75.13295878372642, 12.674421796663946], [75.11178174418187, 12.68092879754773], [75.1054948105671, 12.698172349889758], [75.08531044475119, 12.705330050861921], [75.08531044475119, 12.673771096575567], [75.06909677384989, 12.664010595249893], [75.04659616933381, 12.666613395603406], [75.03964745323326, 12.686459748298947], [75.0548684504059, 12.694593499403677], [75.05023597300554, 12.719320102762056], [75.00093317781588, 12.715415902231786], [75.01119080634528, 12.728104553955164], [74.98240326821441, 12.73851575536922], [75.00953635013086, 12.767471909302056], [75.00324941651607, 12.79089711248368], [75.0025876340303, 12.791222462527868], [74.99828604787282, 12.78601686182084], [74.98935198431496, 12.79512666305814], [74.9886902018292, 12.793825262881382], [74.98736663685766, 12.783088711423138], [74.9827341594573, 12.781461961202194], [74.97810168205692, 12.779835210981247], [74.9685058360133, 12.776581710539354], [74.96387335861293, 12.780160561025436], [74.93310047302477, 12.780485911069626], [74.88247411286358, 12.7541325574903], [74.86890757190535, 12.759012808153138], [74.86493687699075, 12.760314208329895], [74.8235754716303, 12.846857320084222], [74.77625802389797, 13.071674200618958]]]}}, {"type": "Feature", "properties": {"state": "Karnataka", "district": "Kodagu", "district_key": "Karnataka|Kodagu"}, "geometry": {"type": "Polygon", "coordinates": [[[75.66668635849757, 12.697521649801379], [75.69977548278594, 12.704679350773542], [75.71301113250128, 12.707607501171244], [75.7606594714765, 12.674096446619757], [75.80764602796597, 12.701751200375838], [75.83279376242511, 12.671493646266244], [75.83411732739665, 12.671493646266244], [75.84040426101144, 12.671493646266244], [75.87779497145728, 12.671818996310433], [75.88408190507207, 12.676373896929082], [75.88672903501514, 12.678000647150029], [75.8873908175009, 12.678651347238407], [75.88672903501514, 12.705004700817732], [75.8854054700436, 12.70565540090611], [75.85496347569831, 12.723549653336516], [75.84933832456929, 12.74990300691584], [75.85992684434157, 12.757386057932193], [75.85827238812715, 12.769749359611382], [75.87812586270016, 12.776907060583543], [75.86489021298482, 12.79512666305814], [75.86389753925617, 12.816599765974626], [75.86389753925617, 12.817901166151383], [75.87978031891458, 12.833843318316653], [75.91121498698851, 12.815298365797869], [75.91981815930349, 12.828312367565438], [75.93007578783288, 12.808140664825707], [75.93007578783288, 12.807815314781518], [75.93040667907576, 12.807815314781518], [75.96912095449314, 12.804887164383814], [75.97077541070756, 12.784064761555706], [75.93305380901883, 12.763893058815976], [75.94198787257669, 12.720296152894624], [75.96515025957854, 12.710861001613138], [75.95952510844951, 12.683206247857054], [75.94000252511938, 12.676373896929082], [75.94000252511938, 12.676048546884893], [75.9479439149486, 12.664010595249893], [75.9357009389619, 12.630174190654216], [75.94893658867724, 12.623667189770432], [75.9396716338765, 12.608701087737728], [75.96250312963546, 12.561199981286107], [75.97540788810792, 12.56347743159543], [75.96879006325025, 12.576816783407187], [75.98864353782326, 12.574213983053674], [75.99228334149498, 12.588854735042188], [76.01379127228242, 12.569659082435026], [76.01875464092566, 12.570635132567594], [76.01246770731088, 12.554367630358133], [75.9919524502521, 12.562176031418673], [75.99261423273786, 12.560874631241917], [75.99890116635265, 12.547535279430159], [75.98334927793714, 12.540377578457997], [75.9939377977094, 12.522157975983403], [75.97540788810792, 12.519880525674077], [75.95820154347798, 12.49059902169705], [75.97143719319332, 12.450906316305968], [75.97143719319332, 12.45025561621759], [75.96382669460701, 12.447978165908266], [75.92908311410423, 12.439519064759347], [75.92809044037558, 12.437241614450022], [75.9095605307741, 12.400151709412453], [75.90856785704545, 12.398199609147317], [75.91055320450275, 12.396247508882183], [75.92213439800368, 12.384209557247182], [75.96051778217817, 12.343866151767722], [76.00121740505284, 12.330526799955965], [75.99459958019517, 12.317512798188398], [76.01445305476818, 12.292460844785829], [76.02471068329757, 12.248863938864476], [76.06210139374342, 12.249189288908665], [76.10180834288944, 12.197133281838394], [76.13324301096337, 12.191602331087179], [76.14416242197854, 12.154512426049608], [76.1709646126521, 12.118723921188797], [76.1891636310107, 12.050075061864877], [76.18287669739591, 12.03250615947866], [76.15210381180773, 12.019492157711092], [76.15111113807909, 12.018516107578524], [76.15011846435044, 12.017540057445958], [76.11372042763324, 11.9801248023642], [76.07004278357262, 11.96711080059663], [76.00320275251015, 11.93132229573582], [75.93702450393343, 11.941733497149874], [75.93669361269055, 11.940757447017306], [75.87018447287096, 11.952144698563929], [75.84702208586911, 11.982076902629334], [75.82948484999628, 11.984679702982849], [75.8228670251386, 12.012985156827309], [75.8010282031083, 12.037061060097308], [75.79441037825063, 12.054629962483526], [75.79407948700775, 12.055606012616094], [75.79407948700775, 12.055931362660282], [75.80268265932271, 12.079356565841904], [75.75371075537595, 12.085538216681499], [75.71466558871569, 12.070572114648796], [75.71797450114452, 12.085538216681499], [75.70209172148611, 12.092370567609473], [75.70341528645766, 12.108312719774743], [75.66172298985433, 12.098552218449067], [75.64881823138187, 12.108638069818932], [75.63591347290941, 12.148330775210015], [75.61936891076523, 12.155813826226366], [75.59256672009167, 12.147029375033258], [75.57701483167614, 12.156789876358934], [75.55252887970275, 12.191927681131366], [75.53267540512974, 12.200386782280287], [75.5396241212303, 12.215678234357178], [75.48502706615452, 12.289858044432314], [75.41421634017743, 12.289532694388127], [75.41454723142031, 12.290183394476504], [75.43043001107873, 12.307101596774343], [75.43175357605026, 12.308728346995288], [75.41057653650572, 12.347119652209614], [75.42149594752087, 12.372822305700561], [75.37914186843177, 12.392343308351913], [75.36590621871643, 12.411864311003264], [75.36590621871643, 12.457738667233942], [75.36623710995931, 12.457738667233942], [75.39337019187577, 12.451557016394347], [75.42248862124953, 12.472704769266644], [75.42050327379222, 12.487020171210968], [75.41620168763474, 12.499708822934348], [75.41620168763474, 12.499708822934348], [75.41653257887762, 12.515325625055429], [75.42877555486432, 12.51500027501124], [75.43440070599333, 12.530291727088132], [75.47245319892494, 12.499383472890159], [75.46186467915267, 12.487996221343536], [75.46451180909574, 12.472054069178267], [75.48999043479776, 12.460016117543265], [75.4932993472266, 12.483766670769077], [75.52374134157189, 12.489948321608672], [75.52903560145802, 12.499383472890159], [75.5657645294181, 12.486044121078402], [75.55616868337448, 12.501335573155293], [75.59091226387724, 12.540052228413808], [75.61473643336487, 12.510120024348401], [75.6643701197974, 12.546559229297593], [75.66800992346911, 12.549162029651105], [75.67065705341219, 12.551114129916241], [75.66403922855451, 12.578768883672323], [75.65808318618261, 12.603170136986513], [75.65444338251089, 12.618461589063404], [75.64186951528131, 12.633102341051918], [75.66668635849757, 12.697521649801379]]]}}, {"type": "Feature", "properties": {"state": "Karnataka", "district": "Chamarajanagar", "district_key": "Karnataka|Chamarajanagar"}, "geometry": {"type": "Polygon", "coordinates": [[[76.41383878492861, 11.758886772315545], [76.41416967617151, 11.758886772315545], [76.42277284848647, 11.776130324657572], [76.42277284848647, 11.776455674701761], [76.41317700244285, 11.787842926248384], [76.42872889085838, 11.795651327308924], [76.40986809001402, 11.811268129430006], [76.46214890638961, 11.792723176911222], [76.46876673124729, 11.819076530490547], [76.49259090073491, 11.822330030932438], [76.49126733576337, 11.861046686190953], [76.53461408858111, 11.873409987870142], [76.55347488942547, 11.85876923588163], [76.55678380185431, 11.89488309078663], [76.57663727642732, 11.92351389467528], [76.55744558434007, 11.948891198122036], [76.57829173264174, 11.98825855346893], [76.64281552500404, 11.983052952761902], [76.65108780607612, 12.008104906164471], [76.69443455889386, 12.000621855148118], [76.70502307866614, 11.985330403071227], [76.71726605465282, 11.985005053027038], [76.74075933289757, 12.009406306341226], [76.79370193175893, 11.986306453203794], [76.7920474755445, 12.010707706517984], [76.81157005887464, 12.026975208727444], [76.82017323118961, 12.027300558771634], [76.82116590491826, 12.011033056562173], [76.83638690209091, 11.99997115505974], [76.8565712679068, 11.99964580501555], [76.88304256733748, 12.015587957180822], [76.88568969728055, 12.001272555236497], [76.90421960688204, 11.998995104927173], [76.93598516619885, 12.013310506871498], [76.9389631873848, 12.026324508639066], [76.91513901789719, 12.025999158594876], [76.89065306592381, 12.058208812969607], [76.85359324672085, 12.059835563190553], [76.87013780886502, 12.063089063632445], [76.88403524106614, 12.082610066283797], [76.8767556337227, 12.115145070702717], [76.84565185689165, 12.11319297043758], [76.83142353344765, 12.132063273000554], [76.84068848824839, 12.156139176270555], [76.85359324672085, 12.159392676712447], [76.84565185689165, 12.167526427817178], [76.85160789926356, 12.178913679363799], [76.87146137383657, 12.17403342870096], [76.87146137383657, 12.141498424282041], [76.8909839571667, 12.121001371498123], [76.9488899246713, 12.0975761683165], [76.98925865630311, 12.140522374149473], [76.99289845997482, 12.175660178921907], [76.99356024246059, 12.175660178921907], [77.00381787098998, 12.160043376800825], [77.01407549951936, 12.163296877242718], [77.01606084697667, 12.13401537326569], [77.01606084697667, 12.1336900232215], [77.03690699527833, 12.139220973972717], [77.03988501646428, 12.128484422514473], [77.04484838510754, 12.169153178038123], [77.08455533425357, 12.1909516309988], [77.1222769359423, 12.197133281838394], [77.1341890206861, 12.226089435771232], [77.1341890206861, 12.226740135859611], [77.13253456447168, 12.229342936213124], [77.1239313921567, 12.242682288024882], [77.10837950374118, 12.240730187759747], [77.10837950374118, 12.240730187759747], [77.16992527491752, 12.25992584036691], [77.16661636248868, 12.310029747172045], [77.16661636248868, 12.310029747172045], [77.22518411247907, 12.303522746288262], [77.26786908281105, 12.314259297746505], [77.30261266331382, 12.298642495625424], [77.32610594155855, 12.307426946818532], [77.32676772404432, 12.307752296862722], [77.34629030737445, 12.282374993415964], [77.37077625934783, 12.281073593239206], [77.41511568589422, 12.285628493857855], [77.42669687939515, 12.286929894034612], [77.43033668306687, 12.287255244078802], [77.43232203052418, 12.283025693504342], [77.44820481018257, 12.250165339041233], [77.47103630594154, 12.243658338157449], [77.47235987091308, 12.242031587936504], [77.47831591328499, 12.240079487671368], [77.47765413079921, 12.23552458705272], [77.4720289796702, 12.207869833296638], [77.47235987091308, 12.207869833296638], [77.47335254464173, 12.207219133208259], [77.50511810395855, 12.19843468201515], [77.53489831581807, 12.200386782280287], [77.55276644293377, 12.202013532501232], [77.6086870629811, 12.205917733031502], [77.60967973670975, 12.206243083075691], [77.6106724104384, 12.206243083075691], [77.61365043162435, 12.205592382987312], [77.72648434544764, 12.181516479717313], [77.73012414911936, 12.180540429584745], [77.73012414911936, 12.180540429584745], [77.73144771409089, 12.180215079540556], [77.74666871126354, 12.155813826226366], [77.74964673244949, 12.138570273884339], [77.77644892312306, 12.112216920305013], [77.70894710957481, 12.036085009964742], [77.67552709404357, 11.952144698563929], [77.65335738077037, 11.954747498917442], [77.62390806015374, 11.944661647547576], [77.58684824095079, 11.939456046840549], [77.56103872400587, 11.942058847194064], [77.53787633700402, 11.932623695912577], [77.49486047542916, 11.944010947459198], [77.49452958418628, 11.94336024737082], [77.48625730311419, 11.887400039770277], [77.46144045989791, 11.900088691493657], [77.46673471978406, 11.847056634290817], [77.42735866188092, 11.76083887258068], [77.39426953759256, 11.787842926248384], [77.36482021697593, 11.790445726601897], [77.36051863081845, 11.779709175143653], [77.33504000511641, 11.771250073994734], [77.29367859975596, 11.808990679120681], [77.28805344862694, 11.800531577971762], [77.24967006445246, 11.81322022969514], [77.23841976219441, 11.794675277176356], [77.11069574244137, 11.77352752430406], [77.11764445854192, 11.721146167189598], [77.08025374809608, 11.736112269222302], [77.05642957860846, 11.769948673817979], [77.0696652283238, 11.782311975497167], [77.06304740346613, 11.790445726601897], [77.04650284132195, 11.787842926248384], [77.03492164782104, 11.769948673817979], [77.02896560544913, 11.774828924480815], [77.03856145149275, 11.794024577087978], [77.01275193454784, 11.814846979916087], [76.98197904895967, 11.811593479474196], [76.96973607297298, 11.77710637479014], [76.95385329331457, 11.792072476822844], [76.90785941055375, 11.795325977264735], [76.88833682722363, 11.733834818912976], [76.86252731027871, 11.711060315819733], [76.83506333711938, 11.65542545826338], [76.83473244587648, 11.639483306098109], [76.85822572412123, 11.614106002651353], [76.84697542186318, 11.594585], [76.82381303486133, 11.607599001767568], [76.75697300379886, 11.618660903270001], [76.61402798687317, 11.607599001767568], [76.59218916484285, 11.618660903270001], [76.57663727642732, 11.614756702739731], [76.55976182304026, 11.622565103800271], [76.55049686823952, 11.674295760826354], [76.51178259282214, 11.705204015024327], [76.48167148971974, 11.692515363300949], [76.45817821147502, 11.664535259500678], [76.41714769735745, 11.671692960472841], [76.41681680611457, 11.671692960472841], [76.41648591487169, 11.672343660561218], [76.404242938885, 11.70845751546622], [76.40325026515634, 11.711060315819733], [76.42740532588685, 11.726026417852436], [76.41052987249978, 11.742293920061895], [76.41052987249978, 11.742293920061895], [76.41052987249978, 11.742619270106085], [76.41383878492861, 11.758886772315545]]]}}, {"type": "Feature", "properties": {"state": "Karnataka", "district": "Mysuru", "district_key": "Karnataka|Mysuru"}, "geometry": {"type": "Polygon", "coordinates": [[[76.01875464092566, 12.570635132567594], [76.01908553216855, 12.570960482611781], [76.04555683159924, 12.577142133451376], [76.05217465645691, 12.554367630358133], [76.0905580406314, 12.545583179165025], [76.08625645447391, 12.53875082823705], [76.11537488384766, 12.512722824701916], [76.11405131887614, 12.52703822664624], [76.13324301096337, 12.528664976867187], [76.15144202932197, 12.547209929385971], [76.15243470305062, 12.579744933804891], [76.19644323835414, 12.577467483495566], [76.19214165219665, 12.594060335749216], [76.2153040391985, 12.621715089505297], [76.20570819315488, 12.628872790477459], [76.2192747341131, 12.644489592598541], [76.24574603354378, 12.637006541582188], [76.25468009710164, 12.62041368932854], [76.27982783156078, 12.633753041140297], [76.28015872280366, 12.61683483884246], [76.30034308861957, 12.629198140521648], [76.3096080434203, 12.622691139637864], [76.30629913099148, 12.610327837958675], [76.32648349680737, 12.611303888091243], [76.3278070617789, 12.611303888091243], [76.32350547562142, 12.635054441317054], [76.34236627646578, 12.655226144056783], [76.34269716770866, 12.655551494100973], [76.36255064228168, 12.62854744043327], [76.37677896572566, 12.576491433362998], [76.39630154905579, 12.573237932921106], [76.39100728916965, 12.552415530092997], [76.41119165498556, 12.557946480844214], [76.42773621712973, 12.542329678723133], [76.42277284848647, 12.532569177397457], [76.45222216910311, 12.505565123729752], [76.45189127786023, 12.483766670769077], [76.56737232162658, 12.425854362903399], [76.56538697416929, 12.399175659279885], [76.5551293456399, 12.392017958307724], [76.56637964789793, 12.381932106937859], [76.56604875665505, 12.351999902872452], [76.62196937670237, 12.367616704993534], [76.6434773074898, 12.395271458749615], [76.64678621991864, 12.394946108705426], [76.65241137104766, 12.394295408617047], [76.68285336539294, 12.391041908175156], [76.6818606916643, 12.366966004905155], [76.70005971002288, 12.350698502695696], [76.71892051086725, 12.3565548034911], [76.73050170436817, 12.342564751590965], [76.73149437809683, 12.31653674805583], [76.74340646284062, 12.318163498276775], [76.75399498261291, 12.302221346111505], [76.76392171989941, 12.311656497392992], [76.76557617611383, 12.350373152651507], [76.80296688655967, 12.355253403314345], [76.81454808006059, 12.387137707644886], [76.83307798966207, 12.384534907291371], [76.83241620717631, 12.402429159721777], [76.85425502920661, 12.408610810561372], [76.87741741620846, 12.399826359368264], [76.90024891196742, 12.408936160605561], [76.9048813893678, 12.436590914361643], [76.92241862524062, 12.44179651506867], [76.93763962241327, 12.400477059456643], [76.9389631873848, 12.35265060296083], [76.92407308145505, 12.353301303049209], [76.93201447128425, 12.338335201016505], [76.92175684275486, 12.321742348762857], [76.95749309698628, 12.326947949469885], [76.95616953201475, 12.352325252916641], [76.97701568031641, 12.35297595300502], [76.97668478907353, 12.32792399960245], [76.98661152636004, 12.333454950353667], [76.99786182861807, 12.31295789756975], [76.99289845997482, 12.300594595890558], [76.97701568031641, 12.307101596774343], [76.97172142043027, 12.290508744520693], [76.99058222127464, 12.286929894034612], [76.99521469867501, 12.242356937980693], [77.03624521279256, 12.232271086610828], [77.07859929188166, 12.236500637185287], [77.0779375093959, 12.221209185108394], [77.106063265041, 12.220558485020016], [77.10837950374118, 12.240730187759747], [77.10837950374118, 12.240730187759747], [77.1239313921567, 12.242682288024882], [77.13253456447168, 12.229342936213124], [77.1341890206861, 12.226740135859611], [77.1341890206861, 12.226089435771232], [77.1222769359423, 12.197133281838394], [77.08455533425357, 12.1909516309988], [77.04484838510754, 12.169153178038123], [77.03988501646428, 12.128484422514473], [77.03690699527833, 12.139220973972717], [77.01606084697667, 12.1336900232215], [77.01606084697667, 12.13401537326569], [77.01407549951936, 12.163296877242718], [77.00381787098998, 12.160043376800825], [76.99356024246059, 12.175660178921907], [76.99289845997482, 12.175660178921907], [76.98925865630311, 12.140522374149473], [76.9488899246713, 12.0975761683165], [76.8909839571667, 12.121001371498123], [76.87146137383657, 12.141498424282041], [76.87146137383657, 12.17403342870096], [76.85160789926356, 12.178913679363799], [76.84565185689165, 12.167526427817178], [76.85359324672085, 12.159392676712447], [76.84068848824839, 12.156139176270555], [76.83142353344765, 12.132063273000554], [76.84565185689165, 12.11319297043758], [76.8767556337227, 12.115145070702717], [76.88403524106614, 12.082610066283797], [76.87013780886502, 12.063089063632445], [76.85359324672085, 12.059835563190553], [76.89065306592381, 12.058208812969607], [76.91513901789719, 12.025999158594876], [76.9389631873848, 12.026324508639066], [76.93598516619885, 12.013310506871498], [76.90421960688204, 11.998995104927173], [76.88568969728055, 12.001272555236497], [76.88304256733748, 12.015587957180822], [76.8565712679068, 11.99964580501555], [76.83638690209091, 11.99997115505974], [76.82116590491826, 12.011033056562173], [76.82017323118961, 12.027300558771634], [76.81157005887464, 12.026975208727444], [76.7920474755445, 12.010707706517984], [76.79370193175893, 11.986306453203794], [76.74075933289757, 12.009406306341226], [76.71726605465282, 11.985005053027038], [76.70502307866614, 11.985330403071227], [76.69443455889386, 12.000621855148118], [76.65108780607612, 12.008104906164471], [76.64281552500404, 11.983052952761902], [76.57829173264174, 11.98825855346893], [76.55744558434007, 11.948891198122036], [76.57663727642732, 11.92351389467528], [76.55678380185431, 11.89488309078663], [76.55347488942547, 11.85876923588163], [76.53461408858111, 11.873409987870142], [76.49126733576337, 11.861046686190953], [76.49259090073491, 11.822330030932438], [76.46876673124729, 11.819076530490547], [76.46214890638961, 11.792723176911222], [76.40986809001402, 11.811268129430006], [76.42872889085838, 11.795651327308924], [76.41317700244285, 11.787842926248384], [76.42277284848647, 11.776455674701761], [76.42277284848647, 11.776130324657572], [76.41416967617151, 11.758886772315545], [76.41383878492861, 11.758886772315545], [76.35229301375229, 11.738389719531625], [76.34567518889462, 11.74066716984095], [76.31854210697816, 11.751403721299194], [76.307622695963, 11.78491477585068], [76.28015872280366, 11.812569529606762], [76.2454151423009, 11.803134378325275], [76.22357632027058, 11.808339979032302], [76.20967888806948, 11.827535631639465], [76.20736264936929, 11.861697386279332], [76.19048719598223, 11.871132537560818], [76.15607450672233, 11.87015648742825], [76.12000736124803, 11.850310134732709], [76.1127277539046, 11.85844388583744], [76.11239686266171, 11.978823402187443], [76.11372042763324, 11.9801248023642], [76.15011846435044, 12.017540057445958], [76.15111113807909, 12.018516107578524], [76.15210381180773, 12.019492157711092], [76.18287669739591, 12.03250615947866], [76.1891636310107, 12.050075061864877], [76.1709646126521, 12.118723921188797], [76.14416242197854, 12.154512426049608], [76.13324301096337, 12.191602331087179], [76.10180834288944, 12.197133281838394], [76.06210139374342, 12.249189288908665], [76.02471068329757, 12.248863938864476], [76.01445305476818, 12.292460844785829], [75.99459958019517, 12.317512798188398], [76.00121740505284, 12.330526799955965], [75.96051778217817, 12.343866151767722], [75.92213439800368, 12.384209557247182], [75.91055320450275, 12.396247508882183], [75.90856785704545, 12.398199609147317], [75.9095605307741, 12.400151709412453], [75.92809044037558, 12.437241614450022], [75.92908311410423, 12.439519064759347], [75.96382669460701, 12.447978165908266], [75.97143719319332, 12.45025561621759], [75.97143719319332, 12.450906316305968], [75.95820154347798, 12.49059902169705], [75.97540788810792, 12.519880525674077], [75.9939377977094, 12.522157975983403], [75.98334927793714, 12.540377578457997], [75.99890116635265, 12.547535279430159], [75.99261423273786, 12.560874631241917], [75.9919524502521, 12.562176031418673], [76.01246770731088, 12.554367630358133], [76.01875464092566, 12.570635132567594]], [[76.97039785545874, 12.25537093974826], [76.98230994020255, 12.25569628979245], [76.98197904895967, 12.270337041780964], [76.96973607297298, 12.273915892267045], [76.97039785545874, 12.25537093974826]], [[76.89826356451013, 12.35688015353529], [76.91348456168278, 12.358506903756236], [76.91844793032602, 12.371195555479614], [76.91745525659738, 12.380305356716912], [76.8989253469959, 12.373798355833129], [76.89826356451013, 12.35688015353529]]]}}, {"type": "Feature", "properties": {"state": "Kerala", "district": "Wayanad", "district_key": "Kerala|Wayanad"}, "geometry": {"type": "Polygon", "coordinates": [[[75.93655479785848, 11.940957152571244], [75.93692300274924, 11.941704483204708], [76.00319988308493, 11.931615519652944], [76.07021317320213, 11.967113724742484], [76.11366135031109, 11.979818345511372], [76.11255673563883, 11.978697349561177], [76.11292494052958, 11.858377117573472], [76.1199208334539, 11.8505301459221], [76.15600491274779, 11.870334407708896], [76.1902479675879, 11.871455403659093], [76.20755359745333, 11.86174010542406], [76.20976282679786, 11.827362896284717], [76.2237546126465, 11.808305965131385], [76.24547870120098, 11.803074650697136], [76.28008996093185, 11.812416283615436], [76.30770532773839, 11.784765050177269], [76.31838326957025, 11.75150883698812], [76.34563043148603, 11.740672542802892], [76.3522581195196, 11.7384305509025], [76.4137483362755, 11.758608478006028], [76.41043449225872, 11.742914534703285], [76.41043449225872, 11.742540869386552], [76.41043449225872, 11.742540869386552], [76.42737191723339, 11.726099595450345], [76.4034385993344, 11.711152982781064], [76.4041750091159, 11.70853732556394], [76.41669397540153, 11.672291789840937], [76.41669397540153, 11.671918124524204], [76.41706218029228, 11.671918124524204], [76.44394113731731, 11.647256213619892], [76.4321585808132, 11.631188605000418], [76.38797399392273, 11.62969394373349], [76.37803246187238, 11.60204271029532], [76.34158017768775, 11.587469762942773], [76.34121197279698, 11.587469762942773], [76.33568889943568, 11.595690399910877], [76.30218225437707, 11.571402154323296], [76.29592277123426, 11.590085420159896], [76.27898534625957, 11.600921714345125], [76.23443255447836, 11.568786497106172], [76.2333279398061, 11.568039166472708], [76.2373781936044, 11.5609395254548], [76.25026536478077, 11.526935981632189], [76.23406434958761, 11.527683312265653], [76.23406434958761, 11.527683312265653], [76.23406434958761, 11.527683312265653], [76.22412281753725, 11.508626381112322], [76.19356181160468, 11.498537417560556], [76.1909843773694, 11.497790086927093], [76.19061617247866, 11.494800764393236], [76.18582950889885, 11.472754510706048], [76.14274953668065, 11.45070825701886], [76.12323467747069, 11.472754510706048], [76.08678239328606, 11.486580127425132], [76.09046444219359, 11.509373711745784], [76.07794547590797, 11.520957336564477], [76.07794547590797, 11.520957336564477], [76.03670652814354, 11.502274070727877], [75.97300708204311, 11.545619247468789], [75.95128299348863, 11.581117452558328], [75.90893943105195, 11.599800718394928], [75.89678866965707, 11.642024899185644], [75.90010251367384, 11.675281112374792], [75.91519891419476, 11.68985405972734], [75.85039485342207, 11.702185015179497], [75.8102605203299, 11.74216720406982], [75.79221848068296, 11.742540869386552], [75.79958257849805, 11.752256167621585], [75.78338156330487, 11.759729473956224], [75.79405950513673, 11.789622699294785], [75.77233541658225, 11.80195365474694], [75.79626873448126, 11.817647598049685], [75.79774155404428, 11.818021263366417], [75.79737334915352, 11.818021263366417], [75.79000925133845, 11.840814847687069], [75.80878770076689, 11.855761460356348], [75.92698147069888, 11.842309508953996], [75.93103172449717, 11.85762978694001], [75.91114866039646, 11.874071060876217], [75.93618659296773, 11.890138669495693], [75.9291907000434, 11.914800580400005], [75.92661326580813, 11.923768548001572], [75.9339773636232, 11.936099503453729], [75.93950043698452, 11.940583487254512], [75.93655479785848, 11.940957152571244]]]}}, {"type": "Feature", "properties": {"state": "Kerala", "district": "Kozhikode", "district_key": "Kerala|Kozhikode"}, "geometry": {"type": "Polygon", "coordinates": [[[75.79405950513673, 11.789622699294785], [75.78338156330487, 11.759729473956224], [75.79958257849805, 11.752256167621585], [75.79221848068296, 11.742540869386552], [75.8102605203299, 11.74216720406982], [75.85039485342207, 11.702185015179497], [75.91519891419476, 11.68985405972734], [75.90010251367384, 11.675281112374792], [75.89678866965707, 11.642024899185644], [75.90893943105195, 11.599800718394928], [75.95128299348863, 11.581117452558328], [75.97300708204311, 11.545619247468789], [76.03670652814354, 11.502274070727877], [76.07794547590797, 11.520957336564477], [76.07794547590797, 11.520957336564477], [76.09046444219359, 11.509373711745784], [76.08678239328606, 11.486580127425132], [76.12323467747069, 11.472754510706048], [76.14274953668065, 11.45070825701886], [76.14274953668065, 11.45070825701886], [76.14238133178989, 11.41894670509664], [76.13133518506729, 11.426420011431281], [76.11771160410939, 11.407736745594681], [76.10519263782375, 11.40923140686161], [76.10003776935321, 11.386811487857688], [76.09193726175661, 11.35168694808488], [76.09230546664737, 11.35168694808488], [76.11734339921863, 11.336366670098869], [76.11402955520185, 11.31432041641168], [76.08346854926927, 11.30684711007704], [76.04517524063087, 11.263875598652861], [76.01350962002604, 11.266864921186716], [75.99362655592533, 11.255654961684757], [75.97447990160613, 11.267985917136913], [75.91814455332079, 11.23547703458123], [75.9004707185646, 11.24145567964894], [75.89715687454782, 11.229124724196785], [75.85628613167414, 11.204462813292473], [75.86180920503544, 11.188021539356265], [75.88463790826219, 11.184284886188944], [75.88795175227897, 11.171580265420058], [75.86475484416148, 11.170832934786592], [75.85223587787584, 11.152523334266725], [75.85886356590942, 11.140566044131301], [75.84523998495152, 11.14206070539823], [75.82609333063232, 11.122630108928165], [75.80436924207784, 11.156633652750777], [75.80915590565765, 11.16298596313522], [75.74840209868326, 11.318430734895733], [75.73661954217913, 11.325156710596909], [75.73183287859933, 11.356170931885664], [75.69795802864998, 11.425299015481084], [75.66408317870062, 11.462665547154284], [75.6338903776588, 11.462291881837553], [75.61805756735639, 11.477238494506832], [75.53668428649978, 11.693964378211392], [75.5532535065837, 11.702558680496228], [75.56945452177688, 11.674533781741328], [75.60038373260019, 11.68611740656002], [75.58786476631457, 11.711900313414528], [75.66592420315439, 11.757861147372564], [75.6913303406164, 11.798590666896352], [75.71636827318767, 11.796348674995961], [75.7288872394733, 11.779533735743021], [75.75318876226305, 11.783644054227072], [75.74619286933873, 11.798217001579621], [75.76570772854869, 11.802700985380405], [75.79405950513673, 11.789622699294785]]]}}, {"type": "Feature", "properties": {"state": "Kerala", "district": "Malappuram", "district_key": "Kerala|Malappuram"}, "geometry": {"type": "Polygon", "coordinates": [[[76.14274953668065, 11.45070825701886], [76.18582950889885, 11.472754510706048], [76.19061617247866, 11.494800764393236], [76.1909843773694, 11.497790086927093], [76.19356181160468, 11.498537417560556], [76.22412281753725, 11.508626381112322], [76.23406434958761, 11.527683312265653], [76.23406434958761, 11.527683312265653], [76.23406434958761, 11.527683312265653], [76.25136997945305, 11.502274070727877], [76.24731972565475, 11.467896861588532], [76.28450841962089, 11.482843474257812], [76.294818156562, 11.46565486968814], [76.32611557227608, 11.454071244869448], [76.34231658746924, 11.4675231962718], [76.39791552597308, 11.436508974983045], [76.4185349998553, 11.441740289417293], [76.41558936072927, 11.423430688897424], [76.46051035740123, 11.389053479758081], [76.51758211546809, 11.371491209871676], [76.50800878830849, 11.354302605302005], [76.54777491650991, 11.358786589102788], [76.54998414585442, 11.331135355664621], [76.53709697467805, 11.31394675109495], [76.54556568716538, 11.300494799692597], [76.52678723773694, 11.288537509557173], [76.52163236926638, 11.270601574354037], [76.45314625958616, 11.23958735306528], [76.44909600578787, 11.205583809242668], [76.4424683177543, 11.201473490758616], [76.40454321400665, 11.20969412772672], [76.40233398466212, 11.187647874039532], [76.4137483362755, 11.170832934786592], [76.40859346780495, 11.118519790444113], [76.3857647645782, 11.111420149426205], [76.38834219881348, 11.098715528657317], [76.34415761192301, 11.08825289978882], [76.32942941629287, 11.074053617753005], [76.33127044074664, 11.054623021282941], [76.29444995167124, 11.050512702798889], [76.28414021473013, 11.03556609012961], [76.28414021473013, 11.035192424812877], [76.28855867341919, 11.021366808093793], [76.31175558153667, 11.029587445061898], [76.32795659672985, 11.024356130627648], [76.32427454782231, 11.004925534157586], [76.33421607987266, 10.99857322377314], [76.37103656894804, 10.996331231872748], [76.36072683200695, 10.973537647552098], [76.3283248016206, 10.979142627303077], [76.32059249891476, 10.935423785245433], [76.3331114652004, 10.921971833843081], [76.3323750554189, 10.904409563956676], [76.29555456634351, 10.91972984194269], [76.26830740442772, 10.914872192825174], [76.2524745941253, 10.885726298120078], [76.23295973491535, 10.885352632803345], [76.21565410504992, 10.91412486219171], [76.20571257299956, 10.897683588255502], [76.19319360671393, 10.896562592305305], [76.18803873824338, 10.909640878390926], [76.17404695239473, 10.905156894590142], [76.16962849370569, 10.914498527508442], [76.15085004427723, 10.889836616604128], [76.13059877528578, 10.895815261671842], [76.13096698017652, 10.877879326468705], [76.11550237476486, 10.881615979636026], [76.11182032585732, 10.86592203633328], [76.10371981826074, 10.871527016084261], [76.09672392533642, 10.842381121379166], [76.0801547052525, 10.839391798845309], [76.06726753407611, 10.838270802895114], [76.04407062595861, 10.847986101130145], [76.04370242106786, 10.84723877049668], [76.02713320098394, 10.821455863642173], [76.04996190421068, 10.80015694058845], [76.03891575748806, 10.767274392716033], [76.04075678194182, 10.761295747648322], [76.04517524063087, 10.746349134979042], [76.04664806019389, 10.742612481811722], [76.04775267486615, 10.742612481811722], [76.04885728953842, 10.741117820544794], [76.06616291940385, 10.738128498010937], [76.06837214874837, 10.73289718357669], [76.06910855852988, 10.730281526359565], [76.06874035363911, 10.730281526359565], [76.06763573896686, 10.728786865092637], [76.06689932918535, 10.72355555065839], [76.06505830473158, 10.724676546608585], [76.0514347237737, 10.704498619505058], [76.02455576674866, 10.698893639754077], [76.01203680046302, 10.690673002785974], [75.98294861409347, 10.686936349618653], [75.9803711798582, 10.690299337469241], [75.9571742717407, 10.685441688351725], [75.9100440457242, 10.793430964887273], [75.82609333063232, 11.122630108928165], [75.84523998495152, 11.14206070539823], [75.85886356590942, 11.140566044131301], [75.85223587787584, 11.152523334266725], [75.86475484416148, 11.170832934786592], [75.88795175227897, 11.171580265420058], [75.88463790826219, 11.184284886188944], [75.86180920503544, 11.188021539356265], [75.85628613167414, 11.204462813292473], [75.89715687454782, 11.229124724196785], [75.9004707185646, 11.24145567964894], [75.91814455332079, 11.23547703458123], [75.97447990160613, 11.267985917136913], [75.99362655592533, 11.255654961684757], [76.01350962002604, 11.266864921186716], [76.04517524063087, 11.263875598652861], [76.08346854926927, 11.30684711007704], [76.11402955520185, 11.31432041641168], [76.11734339921863, 11.336366670098869], [76.09230546664737, 11.35168694808488], [76.09193726175661, 11.35168694808488], [76.10003776935321, 11.386811487857688], [76.10519263782375, 11.40923140686161], [76.11771160410939, 11.407736745594681], [76.13133518506729, 11.426420011431281], [76.14238133178989, 11.41894670509664], [76.14274953668065, 11.45070825701886], [76.14274953668065, 11.45070825701886]]]}}, {"type": "Feature", "properties": {"state": "Kerala", "district": "Palakkad", "district_key": "Kerala|Palakkad"}, "geometry": {"type": "Polygon", "coordinates": [[[76.06910855852988, 10.730281526359565], [76.06837214874837, 10.73289718357669], [76.06616291940385, 10.738128498010937], [76.04885728953842, 10.741117820544794], [76.04775267486615, 10.742612481811722], [76.04664806019389, 10.742612481811722], [76.04517524063087, 10.746349134979042], [76.04075678194182, 10.761295747648322], [76.03891575748806, 10.767274392716033], [76.04996190421068, 10.80015694058845], [76.02713320098394, 10.821455863642173], [76.04370242106786, 10.84723877049668], [76.04407062595861, 10.847986101130145], [76.06726753407611, 10.838270802895114], [76.0801547052525, 10.839391798845309], [76.09672392533642, 10.842381121379166], [76.10371981826074, 10.871527016084261], [76.11182032585732, 10.86592203633328], [76.11550237476486, 10.881615979636026], [76.13096698017652, 10.877879326468705], [76.13059877528578, 10.895815261671842], [76.15085004427723, 10.889836616604128], [76.16962849370569, 10.914498527508442], [76.17404695239473, 10.905156894590142], [76.18803873824338, 10.909640878390926], [76.19319360671393, 10.896562592305305], [76.20571257299956, 10.897683588255502], [76.21565410504992, 10.91412486219171], [76.23295973491535, 10.885352632803345], [76.2524745941253, 10.885726298120078], [76.26830740442772, 10.914872192825174], [76.29555456634351, 10.91972984194269], [76.3323750554189, 10.904409563956676], [76.3331114652004, 10.921971833843081], [76.32059249891476, 10.935423785245433], [76.3283248016206, 10.979142627303077], [76.36072683200695, 10.973537647552098], [76.37103656894804, 10.996331231872748], [76.33421607987266, 10.99857322377314], [76.32427454782231, 11.004925534157586], [76.32795659672985, 11.024356130627648], [76.31175558153667, 11.029587445061898], [76.28855867341919, 11.021366808093793], [76.28414021473013, 11.035192424812877], [76.28414021473013, 11.03556609012961], [76.29444995167124, 11.050512702798889], [76.33127044074664, 11.054623021282941], [76.32942941629287, 11.074053617753005], [76.34415761192301, 11.08825289978882], [76.38834219881348, 11.098715528657317], [76.3857647645782, 11.111420149426205], [76.40859346780495, 11.118519790444113], [76.4137483362755, 11.170832934786592], [76.40233398466212, 11.187647874039532], [76.40454321400665, 11.20969412772672], [76.4424683177543, 11.201473490758616], [76.45167344002314, 11.199605164174958], [76.45830112805672, 11.187647874039532], [76.47339752857762, 11.195121180374173], [76.47229291390536, 11.208946797093256], [76.49622623180437, 11.211188788993649], [76.4991718709304, 11.211562454310382], [76.53378313066126, 11.185779547455873], [76.62877999247576, 11.194373849740709], [76.69100661901317, 11.235103369264497], [76.69726610215598, 11.23921368774855], [76.70131635595428, 11.23734536116489], [76.70683942931558, 11.238466357115085], [76.70683942931558, 11.23958735306528], [76.73555941079438, 11.215672772794433], [76.72856351787006, 11.191384527206854], [76.69505687281145, 11.166722616302541], [76.70573481464332, 11.141687040081496], [76.71199429778613, 11.151028672999796], [76.73150915699608, 11.131598076529734], [76.74807837708, 11.135334729697053], [76.74329171350021, 11.102452181824637], [76.75470606511358, 11.07891126687052], [76.74365991839096, 11.073306287119541], [76.746605557517, 11.056865013183334], [76.77827117812183, 11.042292065830786], [76.80073167645781, 11.053875690649477], [76.79189475907972, 11.03743441671327], [76.76648862161771, 11.029213779745165], [76.71714916625669, 11.040423739247125], [76.71567634669367, 11.040423739247125], [76.69984353639126, 11.026598122528041], [76.66412766198813, 10.955975377665693], [76.65565894950079, 10.939160438412753], [76.66007740818984, 10.9350501199287], [76.66928253045869, 10.9257084870104], [76.67664662827376, 10.918235180675762], [76.74071427926494, 10.890957612554326], [76.78158502213861, 10.891331277871057], [76.82834704326436, 10.872648012034457], [76.85375318072637, 10.839765464162042], [76.85007113181884, 10.81921387174178], [76.85007113181884, 10.818092875791585], [76.90088340674286, 10.80800391223982], [76.90198802141514, 10.803519928439037], [76.90677468499493, 10.782221005385313], [76.8894690551295, 10.735139175477082], [76.88836444045724, 10.732523518259958], [76.88836444045724, 10.732523518259958], [76.88799623556648, 10.731776187626494], [76.89204648936477, 10.719071566857606], [76.8894690551295, 10.716082244323749], [76.86884958124728, 10.688804676202313], [76.86590394212125, 10.68469435771826], [76.8710588105918, 10.680957704550941], [76.88210495731443, 10.639107189076958], [76.81435525741571, 10.634996870592905], [76.81030500361742, 10.623786911090946], [76.81730089654174, 10.602861653353953], [76.83865678020547, 10.596135677652779], [76.83534293618868, 10.544569863943762], [76.84307523889451, 10.536722892292389], [76.81619628186948, 10.423128636005861], [76.83313370684415, 10.407434692703118], [76.8231921747938, 10.39473007193423], [76.84859831225582, 10.367452503812794], [76.83387011662566, 10.339053939741163], [76.83239729706264, 10.336064617207306], [76.81545987208797, 10.348395572659461], [76.80367731558384, 10.336064617207306], [76.75360145044132, 10.335690951890573], [76.76354298249167, 10.36110019342835], [76.71420352713065, 10.373057483563773], [76.68695636521487, 10.36296852001201], [76.66118202286209, 10.38538843901593], [76.65418612993777, 10.376794136731094], [76.62325691911445, 10.379036128631485], [76.58827745449284, 10.435085926141285], [76.55808465345102, 10.434338595507821], [76.52310518882939, 10.468715804647166], [76.47376573346838, 10.486278074533569], [76.44099549819128, 10.52364460620677], [76.43142217103168, 10.536722892292389], [76.43878626884675, 10.556153488762455], [76.40122936998986, 10.595388347019313], [76.41264372160323, 10.59464101638585], [76.42847653190566, 10.614071612855913], [76.41743038518304, 10.62640256830807], [76.42368986832585, 10.649196152628722], [76.45056882535089, 10.664142765298001], [76.44025908840977, 10.69553065190349], [76.45609189871219, 10.698893639754077], [76.47744778237592, 10.729907861042832], [76.46897906988858, 10.751206784096556], [76.39607450151931, 10.745601804345577], [76.3809781009984, 10.767648058032766], [76.36440888091448, 10.762416743598518], [76.35336273419186, 10.74223881649499], [76.28819046852843, 10.755690767897342], [76.25136997945305, 10.745975469662309], [76.24363767674721, 10.771758376516818], [76.1902479675879, 10.78147367475185], [76.20534436810881, 10.768021723349497], [76.20313513876428, 10.751206784096556], [76.19172078715091, 10.750085788146361], [76.1718377230502, 10.713466587106625], [76.16521003501664, 10.708235272672377], [76.16373721545362, 10.707114276722182], [76.16263260078136, 10.705993280771985], [76.15710952742005, 10.717576905590677], [76.15710952742005, 10.717950570907409], [76.15379568340326, 10.711598260522965], [76.13280800463029, 10.722434554708194], [76.12249826768918, 10.71047726457277], [76.09635572044566, 10.728413199775906], [76.06947676342062, 10.729534195726101], [76.06910855852988, 10.730281526359565]]]}}, {"type": "Feature", "properties": {"state": "Kerala", "district": "Idukki", "district_key": "Kerala|Idukki"}, "geometry": {"type": "Polygon", "coordinates": [[[77.04890177282593, 10.260957888544175], [77.0507427972797, 10.266562868295154], [77.05295202662421, 10.272167848046134], [77.04374690435537, 10.284125138181558], [77.09419097438865, 10.311029040986263], [77.09566379395167, 10.30878704908587], [77.13322069280856, 10.331954298723254], [77.1807191237158, 10.357737205577761], [77.23521344754738, 10.352879556460245], [77.22748114484155, 10.316634020737242], [77.26356522413543, 10.26394721107803], [77.25914676544639, 10.23031733257215], [77.2845529029084, 10.23218565915581], [77.28823495181594, 10.23218565915581], [77.29523084474026, 10.218360042436727], [77.27461137085805, 10.185103829247577], [77.26761547793372, 10.123449051986798], [77.26724727304297, 10.122328056036602], [77.24036831601794, 10.130175027687974], [77.20722987585009, 10.118591402869281], [77.20686167095934, 10.11821773755255], [77.2039160318333, 10.08832451221399], [77.26393342902618, 10.029285392170333], [77.25472830675734, 10.012470452917395], [77.26503804369844, 10.00424981594929], [77.27277034640427, 9.964267627058966], [77.24662779916075, 9.951936671606811], [77.21827602257271, 9.904854841698578], [77.22085345680799, 9.885050579911782], [77.21238474432064, 9.877577273577142], [77.23742267689191, 9.852168032039366], [77.2230626861525, 9.84544205633819], [77.22195807148024, 9.82302213733427], [77.24110472579945, 9.816296161633094], [77.24662779916075, 9.798360226429958], [77.22269448126175, 9.788271262878194], [77.2326360133121, 9.769214331724863], [77.22011704702648, 9.744926086137282], [77.22379909593401, 9.730353138784734], [77.20354782694255, 9.722132501816631], [77.20686167095934, 9.694854933695193], [77.1807191237158, 9.657862067338726], [77.17740527969903, 9.648520434420426], [77.16746374764867, 9.612648564014155], [77.16930477210244, 9.61190123338069], [77.20870269541311, 9.613395894647619], [77.23410883287512, 9.581634342725398], [77.26982470727825, 9.573040040440562], [77.31769134307625, 9.60255960046239], [77.32984210447113, 9.599196612611802], [77.32542364578208, 9.580139681458471], [77.33941543163073, 9.573413705757295], [77.3611395201852, 9.602185935145659], [77.36592618376501, 9.596207290077947], [77.35745747127767, 9.594712628811019], [77.35966670062218, 9.577524024241347], [77.35009337346258, 9.56706139537285], [77.3651897739835, 9.552862113337035], [77.3651897739835, 9.54650980295259], [77.38507283808421, 9.519232234831154], [77.40053744349586, 9.527452871799259], [77.4027466728404, 9.52408988394867], [77.41232, 9.50914327127939], [77.39906462393286, 9.496438650510502], [77.39243693589928, 9.459445784154035], [77.37697233048762, 9.452719808452859], [77.36960823267255, 9.457951122887106], [77.36371695442048, 9.457577457570375], [77.35819388105918, 9.45122514718593], [77.34162466097526, 9.423947579064494], [77.33978363652147, 9.419837260580444], [77.33978363652147, 9.420210925897175], [77.33978363652147, 9.419837260580444], [77.33978363652147, 9.419837260580444], [77.33941543163073, 9.408253635761751], [77.33831081695847, 9.373502761305675], [77.3364697925047, 9.364908459020839], [77.32505544089133, 9.33725722558267], [77.30001750832007, 9.336883560265939], [77.29928109853856, 9.311100653411431], [77.28197546867312, 9.298769697959274], [77.28271187845463, 9.273360456421498], [77.24883702850528, 9.289801730357707], [77.23705447200115, 9.282702089339798], [77.22453550571552, 9.29615404074215], [77.24589138937924, 9.38172339827378], [77.23631806221964, 9.399285668160182], [77.22158986658948, 9.425815905648154], [77.20907090030386, 9.448235824652075], [77.20870269541311, 9.448609489968806], [77.18366476284184, 9.454214469719787], [77.18108732860657, 9.472150404922923], [77.16856836232093, 9.461687776054427], [77.15457657647228, 9.471029408972727], [77.13506171726233, 9.45869845352057], [77.10192327709449, 9.46804008643887], [77.08572226190131, 9.46056678010423], [77.06068432933004, 9.447114828701878], [77.0658391978006, 9.417221603363318], [77.01024025929676, 9.408627301078482], [77.00950384951526, 9.408627301078482], [77.00987205440602, 9.409000966395215], [77.01723615222109, 9.441509848950899], [76.96863310664158, 9.463929767954818], [76.97341977022138, 9.465798094538478], [76.98225668759947, 9.469161082389066], [76.97747002401967, 9.497559646460699], [76.9612690088265, 9.508769605962659], [76.94985465721314, 9.489339009492594], [76.90346084097814, 9.520726896098083], [76.90051520185212, 9.537541835351023], [76.88541880133121, 9.539410161934683], [76.88173675242366, 9.580139681458471], [76.89499212849081, 9.58574466120945], [76.89204648936477, 9.629837168583826], [76.90235622630588, 9.633573821751146], [76.92923518333092, 9.614143225281083], [76.93475825669222, 9.62086920098226], [76.91782083171755, 9.643289119986179], [76.92665774909564, 9.653378083537943], [76.90198802141514, 9.67691899849206], [76.88762803067573, 9.716901187382383], [76.86664035190276, 9.734837122585517], [76.86038086875995, 9.729232142834539], [76.80772756938214, 9.788644928194927], [76.77863938301259, 9.807328194031527], [76.75396965533207, 9.816669826949827], [76.74218709882796, 9.803591540864206], [76.68548354565185, 9.836847754053354], [76.67996047229055, 9.839089745953746], [76.64608562234119, 9.83983707658721], [76.6276753778035, 9.850673370772439], [76.62877999247576, 9.854036358623027], [76.62951640225727, 9.856652015840151], [76.63209383649254, 9.863377991541327], [76.6317256316018, 9.898502531314135], [76.62914819736652, 9.912701813349951], [76.63135742671103, 9.913822809300147], [76.63467127072782, 9.914943805250342], [76.64829485168572, 9.920548785001323], [76.6810650869628, 9.911580817399754], [76.69763430704673, 9.910459821449559], [76.69837071682824, 9.911207152083023], [76.68474713587035, 9.923538107535178], [76.72414505918101, 9.956420655407594], [76.71236250267688, 9.972861929343802], [76.71641275647518, 9.985192884795959], [76.74550094284473, 9.99117152986367], [76.7657522118362, 9.980708900995173], [76.76427939227318, 10.00985479570027], [76.78305784170163, 10.035264037238047], [76.82466499435682, 10.012844118234126], [76.83939318998698, 10.024427743052819], [76.79594501287802, 10.041990012939221], [76.76943426074374, 10.066278258526802], [76.8224557650123, 10.062541605359481], [76.81472346230646, 10.081972201829545], [76.82687422370134, 10.088698177530722], [76.86443112255823, 10.073004234227978], [76.86664035190276, 10.094676822598434], [76.92665774909564, 10.178377853546403], [76.98851617074229, 10.160441918343267], [77.02386384025466, 10.179498849496598], [77.02460025003617, 10.179498849496598], [77.07393970539718, 10.176883192279474], [77.0890361059181, 10.184730163930846], [77.0643663782376, 10.212381397369015], [77.03343716741426, 10.208271078884962], [77.01539512776732, 10.222470360920777], [77.05773869020402, 10.240032630807182], [77.05037459238893, 10.261705219177639], [77.04890177282593, 10.260957888544175]]]}}, {"type": "Feature", "properties": {"state": "Kerala", "district": "Pathanamthitta", "district_key": "Kerala|Pathanamthitta"}, "geometry": {"type": "Polygon", "coordinates": [[[76.97341977022138, 9.465798094538478], [76.96863310664158, 9.463929767954818], [77.01723615222109, 9.441509848950899], [77.00987205440602, 9.409000966395215], [77.00950384951526, 9.408627301078482], [77.01024025929676, 9.408627301078482], [77.0658391978006, 9.417221603363318], [77.06068432933004, 9.447114828701878], [77.08572226190131, 9.46056678010423], [77.10192327709449, 9.46804008643887], [77.13506171726233, 9.45869845352057], [77.15457657647228, 9.471029408972727], [77.16856836232093, 9.461687776054427], [77.18108732860657, 9.472150404922923], [77.18366476284184, 9.454214469719787], [77.20870269541311, 9.448609489968806], [77.20907090030386, 9.448235824652075], [77.22158986658948, 9.425815905648154], [77.23631806221964, 9.399285668160182], [77.24589138937924, 9.38172339827378], [77.22453550571552, 9.29615404074215], [77.23705447200115, 9.282702089339798], [77.24883702850528, 9.289801730357707], [77.28271187845463, 9.273360456421498], [77.28197546867312, 9.298769697959274], [77.2886031567067, 9.274107787054962], [77.27534778063955, 9.234872928798103], [77.28234367356387, 9.216936993594967], [77.25251907741281, 9.18965942547353], [77.26430163391694, 9.186296437622943], [77.26798368282448, 9.153413889750526], [77.24699600405151, 9.1238943297287], [77.21201653942988, 9.099979749457852], [77.20428423672406, 9.072328516019683], [77.2039160318333, 9.071207520069487], [77.10707814556504, 9.09400110439014], [77.05737048531326, 9.11679468871079], [77.05405664129648, 9.126883652262554], [77.01870897178411, 9.129872974796411], [76.93033979800317, 9.173965482170788], [76.92628954420489, 9.139214607714711], [76.96016439415425, 9.130246640113143], [76.94801363275937, 9.117168354027523], [76.89793776761684, 9.130620305429876], [76.8846823915497, 9.122399668461771], [76.87547726928085, 9.13136763606334], [76.84197062422226, 9.092132777806478], [76.78342604659238, 9.114179031493666], [76.76538400694544, 9.094748435023604], [76.77090708030676, 9.074944173236807], [76.77090708030676, 9.074570507920075], [76.76796144118072, 9.074196842603342], [76.75912452380263, 9.072702181336416], [76.75838811402112, 9.072702181336416], [76.75396965533207, 9.088396124639159], [76.74623735262624, 9.079801822354323], [76.69100661901317, 9.090264451222819], [76.67406919403848, 9.07755983045393], [76.67296457936622, 9.11492636212713], [76.66449586687888, 9.116421023394059], [76.652345105484, 9.113805366176935], [76.63577588540008, 9.121652337828307], [76.63356665605556, 9.122773333778502], [76.6331984511648, 9.122773333778502], [76.63356665605556, 9.12613632162909], [76.63393486094631, 9.139588273031443], [76.63651229518159, 9.144072256832228], [76.6372487049631, 9.148556240633011], [76.63908972941687, 9.148556240633011], [76.67406919403848, 9.153413889750526], [76.67443739892924, 9.168360502419807], [76.6899020043409, 9.176207474071179], [76.64719023701345, 9.206848030043203], [76.63982613919838, 9.233004602214443], [76.65860458862682, 9.243467231082938], [76.65602715439154, 9.264018823503198], [76.6810650869628, 9.278965436172479], [76.67480560381999, 9.291296391624634], [76.65344972015627, 9.291670056941367], [76.63503947561857, 9.326420931397443], [76.6412989587614, 9.340246548116527], [76.56655336593835, 9.355566826102539], [76.54998414585442, 9.350709176985022], [76.55955747301402, 9.34286220533365], [76.54998414585442, 9.32380527418032], [76.4999082807119, 9.322310612913391], [76.48260265084647, 9.328289257981103], [76.47487034814064, 9.331278580514958], [76.47339752857762, 9.331652245831691], [76.48297085573722, 9.34473053191731], [76.51647750079583, 9.352951168885415], [76.5223687790479, 9.36528212433757], [76.52273698393864, 9.365655789654303], [76.50911340298074, 9.37649208383953], [76.50911340298074, 9.376865749156263], [76.50911340298074, 9.376865749156263], [76.50911340298074, 9.376865749156263], [76.5142682714513, 9.40078032942711], [76.51574109101432, 9.407132639811554], [76.55329798987121, 9.424321244381227], [76.55918926812328, 9.410869292978875], [76.57870412733322, 9.421705587164103], [76.59306411807263, 9.412363954245803], [76.59159129850961, 9.448235824652075], [76.62583435334973, 9.461314110737694], [76.62693896802199, 9.471029408972727], [76.63503947561857, 9.462061441371159], [76.64240357343365, 9.478502715307366], [76.67591021849225, 9.484107695058347], [76.700211741282, 9.476260723406975], [76.7083122488786, 9.453467139086323], [76.74586914773549, 9.473645066189851], [76.74844658197077, 9.451598812502663], [76.76501580205469, 9.436278534516651], [76.7999952666763, 9.45832478820384], [76.8231921747938, 9.445246502118218], [76.83239729706264, 9.451598812502663], [76.84859831225582, 9.444872836801487], [76.85375318072637, 9.45683012693691], [76.92408031486036, 9.415353276779658], [76.92444851975111, 9.414979611462927], [76.98409771205324, 9.423573913747763], [76.95280029633916, 9.435157538566454], [76.94249055939805, 9.429552558815475], [76.93991312516278, 9.444125506168023], [76.93991312516278, 9.444872836801487], [76.94433158385182, 9.447862159335342], [76.96274182838953, 9.464303433271551], [76.97341977022138, 9.465798094538478]]]}}, {"type": "Feature", "properties": {"state": "Kerala", "district": "Kollam", "district_key": "Kerala|Kollam"}, "geometry": {"type": "Polygon", "coordinates": [[[76.47818419215743, 9.122399668461771], [76.47818419215743, 9.123146999095235], [76.50616776385472, 9.124641660362164], [76.50211751005642, 9.134730623913928], [76.51058622254376, 9.136598950497588], [76.5422518431486, 9.135851619864123], [76.55882106323253, 9.109695047692883], [76.58459540558529, 9.11679468871079], [76.59195950340037, 9.13136763606334], [76.63393486094631, 9.141082934298371], [76.63393486094631, 9.139588273031443], [76.63356665605556, 9.12613632162909], [76.6331984511648, 9.122773333778502], [76.63356665605556, 9.122773333778502], [76.63577588540008, 9.121652337828307], [76.652345105484, 9.113805366176935], [76.66449586687888, 9.116421023394059], [76.67296457936622, 9.11492636212713], [76.67406919403848, 9.07755983045393], [76.69100661901317, 9.090264451222819], [76.74623735262624, 9.079801822354323], [76.75396965533207, 9.088396124639159], [76.75838811402112, 9.072702181336416], [76.75912452380263, 9.072702181336416], [76.76796144118072, 9.074196842603342], [76.77090708030676, 9.074570507920075], [76.77090708030676, 9.074944173236807], [76.76538400694544, 9.094748435023604], [76.78342604659238, 9.114179031493666], [76.84197062422226, 9.092132777806478], [76.87547726928085, 9.13136763606334], [76.8846823915497, 9.122399668461771], [76.89793776761684, 9.130620305429876], [76.94801363275937, 9.117168354027523], [76.96016439415425, 9.130246640113143], [76.92628954420489, 9.139214607714711], [76.93033979800317, 9.173965482170788], [77.01870897178411, 9.129872974796411], [77.05405664129648, 9.126883652262554], [77.05737048531326, 9.11679468871079], [77.10707814556504, 9.09400110439014], [77.2039160318333, 9.071207520069487], [77.19728834379973, 9.046545609165175], [77.16709554275792, 9.045050947898247], [77.14684427376645, 9.021510032944132], [77.19618372912747, 8.954623941249103], [77.19286988511068, 8.926225377177472], [77.22122166169873, 8.927346373127667], [77.22122166169873, 8.904179123490284], [77.25730574099262, 8.87578055941865], [77.26393342902618, 8.842150680912772], [77.2318996035306, 8.807026141139964], [77.22932216929532, 8.783858891502579], [77.21312115410215, 8.778627577068331], [77.21717140790044, 8.768164948199836], [77.2134893589929, 8.768538613516567], [77.19949757314426, 8.77078060541696], [77.19102886065691, 8.772275266683888], [77.10707814556504, 8.829819725460615], [77.05037459238893, 8.845887334080091], [77.03196434785124, 8.842150680912772], [77.02054999623788, 8.816367774058264], [77.00803102995225, 8.811883790257479], [77.02460025003617, 8.774890923901012], [77.00324436637244, 8.771527936050424], [76.98115207292722, 8.78946387125356], [76.97268336043987, 8.774890923901012], [76.93439005180147, 8.760317976548464], [76.91450698770076, 8.774890923901012], [76.92076647084357, 8.784232556819312], [76.8997787920706, 8.808894467723624], [76.88394598176819, 8.803663153289376], [76.85448959050788, 8.813378451524407], [76.81619628186948, 8.858965620165712], [76.80109988134856, 8.848129325980484], [76.78268963681087, 8.861954942699567], [76.7753255389958, 8.843271676862967], [76.79410398842424, 8.827577733560224], [76.78268963681087, 8.818983431275388], [76.79226296397047, 8.813004786207674], [76.77090708030676, 8.810762794307283], [76.76022913847488, 8.790958532520488], [76.72156762494573, 8.802915822655912], [76.7090486586601, 8.790584867203755], [76.69211123368542, 8.790958532520488], [76.68253790652582, 8.777132915801403], [76.68180149674431, 8.776011919851207], [76.68143329185357, 8.775638254534476], [76.61036974793807, 8.859712950799175], [76.58164976645926, 8.880264543219436], [76.56581695615685, 8.879890877902703], [76.54777491650991, 8.902684462223355], [76.53562415511503, 8.934072348828844], [76.54409286760237, 8.936314340729234], [76.53562415511503, 8.936314340729234], [76.47818419215743, 9.122399668461771]]]}}, {"type": "Feature", "properties": {"state": "Kerala", "district": "Thiruvananthapuram", "district_key": "Kerala|Thiruvananthapuram"}, "geometry": {"type": "Polygon", "coordinates": [[[76.68180149674431, 8.776011919851207], [76.68253790652582, 8.777132915801403], [76.69211123368542, 8.790958532520488], [76.7090486586601, 8.790584867203755], [76.72156762494573, 8.802915822655912], [76.76022913847488, 8.790958532520488], [76.77090708030676, 8.810762794307283], [76.79226296397047, 8.813004786207674], [76.78268963681087, 8.818983431275388], [76.79410398842424, 8.827577733560224], [76.7753255389958, 8.843271676862967], [76.78268963681087, 8.861954942699567], [76.80109988134856, 8.848129325980484], [76.81619628186948, 8.858965620165712], [76.85448959050788, 8.813378451524407], [76.88394598176819, 8.803663153289376], [76.8997787920706, 8.808894467723624], [76.92076647084357, 8.784232556819312], [76.91450698770076, 8.774890923901012], [76.93439005180147, 8.760317976548464], [76.97268336043987, 8.774890923901012], [76.98115207292722, 8.78946387125356], [77.00324436637244, 8.771527936050424], [77.02460025003617, 8.774890923901012], [77.00803102995225, 8.811883790257479], [77.02054999623788, 8.816367774058264], [77.03196434785124, 8.842150680912772], [77.05037459238893, 8.845887334080091], [77.10707814556504, 8.829819725460615], [77.19102886065691, 8.772275266683888], [77.19949757314426, 8.77078060541696], [77.19876116336275, 8.769285944150031], [77.19802475358124, 8.769285944150031], [77.19139706554768, 8.742008376028595], [77.17261861611922, 8.749481682363236], [77.17004118188395, 8.742008376028595], [77.20686167095934, 8.684463917251868], [77.20097039270728, 8.669143639265855], [77.23447703776587, 8.62691945847514], [77.24846882361452, 8.621314478724159], [77.24625959427, 8.603752208837756], [77.26761547793372, 8.579463963250175], [77.2694565023875, 8.578716632616711], [77.26982470727825, 8.57834296729998], [77.28381649312689, 8.546955080694492], [77.26172419968167, 8.506599226487436], [77.26172419968167, 8.506225561170703], [77.23889549645492, 8.49613659761894], [77.2134893589929, 8.512204206238415], [77.20133859759802, 8.500994246736456], [77.2271129399508, 8.446812775810315], [77.20612526117783, 8.44382345327646], [77.16783195253943, 8.383663337282607], [77.150526322674, 8.384410667916072], [77.16083605961511, 8.373574373730843], [77.15236734712776, 8.354891107894243], [77.17372323079148, 8.358627761061564], [77.16635913297641, 8.342560152442088], [77.17961450904355, 8.323129555972024], [77.17961450904355, 8.322755890655293], [77.17298682100999, 8.31864557217124], [77.16856836232093, 8.332471188890324], [77.12880223411952, 8.324624217238952], [77.09787302329619, 8.292489], [76.98630694139777, 8.375816365631236], [76.95979618926349, 8.421777199589272], [76.6994753315005, 8.738645388178007], [76.68180149674431, 8.776011919851207]]]}}, {"type": "Feature", "properties": {"state": "Tamil Nadu", "district": "Erode", "district_key": "Tamil Nadu|Erode"}, "geometry": {"type": "Polygon", "coordinates": [[[77.6757317880312, 11.952145654806987], [77.68505968736737, 11.877329540763823], [77.66173993902693, 11.878454595110338], [77.66582089498651, 11.824451986477678], [77.71071141054186, 11.810388807146255], [77.7223712847121, 11.795200573468321], [77.69730255524611, 11.735572693103093], [77.68914064332695, 11.652318671461076], [77.71479236650144, 11.649506035594792], [77.74860600159509, 11.664131742099471], [77.76143186318234, 11.650068562768048], [77.73636313371635, 11.603378807387728], [77.74627402676104, 11.57075223133883], [77.72353727212911, 11.534187965077134], [77.73111619033976, 11.509999296627088], [77.69671956153759, 11.464434595593282], [77.68272771253334, 11.42337011194553], [77.717707335044, 11.378367938084981], [77.74277606450998, 11.364304758753558], [77.80923734728024, 11.266425030606865], [77.83897002641432, 11.261362286047552], [77.86578773700583, 11.23998625346379], [77.86170678104625, 11.189358807870672], [77.88444353567819, 11.156169704648518], [77.89143946018032, 11.079666009085583], [77.93283201348461, 11.070103047140217], [77.92233812673142, 11.04985206890297], [77.88094557342713, 11.02453834610641], [77.83022512078665, 11.047601960209942], [77.81798225290792, 11.070103047140217], [77.77658969960363, 11.058289976501822], [77.7381121148419, 11.085291280818153], [77.66115694531842, 11.10385467753563], [77.61626642976306, 11.12691829163916], [77.55855005262045, 11.10891742209494], [77.50025068176934, 11.10722984057517], [77.48684182647358, 11.179233318752049], [77.51074456852254, 11.187108699177646], [77.50025068176934, 11.22592307413237], [77.46352207813314, 11.258549650181267], [77.47518195230336, 11.301864242522047], [77.41863156257777, 11.3103021501209], [77.38598391490115, 11.322115220759294], [77.33468046855216, 11.317052476199983], [77.34634034272239, 11.277113046898744], [77.28629199074574, 11.29230128057668], [77.21808172684993, 11.351929160941907], [77.16736127420947, 11.317052476199983], [77.14695649441157, 11.336178400090716], [77.11489184044346, 11.378930465258238], [77.04551558913063, 11.402556606535025], [77.01345093516252, 11.368804976139614], [76.96331347623057, 11.385118264164063], [76.9808032874859, 11.401431552188512], [76.98313526231993, 11.440245927143236], [77.0122849477455, 11.45205899778163], [76.9912971742391, 11.481310410790988], [77.012867941454, 11.524062475958509], [76.960398507688, 11.571314758512086], [76.90443111167093, 11.580315193284196], [76.85371065903047, 11.577502557417912], [76.84671473452833, 11.594378372615619], [76.8344718666496, 11.639943073649425], [76.8502126967794, 11.686632829029744], [76.88810728783263, 11.733885111583321], [76.90851206763051, 11.795200573468321], [76.96972640702418, 11.7771997039241], [76.98313526231993, 11.800825845200889], [77.012867941454, 11.814889024532311], [77.0385196646285, 11.794075519121806], [77.08282718647534, 11.740072910489147], [77.11197687190091, 11.742323019182175], [77.11081088448388, 11.77382454088456], [77.18893204142438, 11.792387937602037], [77.23848650664783, 11.794638046295063], [77.24956338710953, 11.81320144301254], [77.2938709089564, 11.809263752799742], [77.33526346226068, 11.771574432191532], [77.39531181423733, 11.786200138696211], [77.42795946191396, 11.767074214805477], [77.44953022912887, 11.796325627814834], [77.46527105925867, 11.875079432070795], [77.49033978872465, 11.908831062466207], [77.49267176355869, 11.941457638515107], [77.53814527282256, 11.932457203742995], [77.5608820274545, 11.942020165688362], [77.60460655559284, 11.938082475475564], [77.6757317880312, 11.952145654806987]]]}}, {"type": "Feature", "properties": {"state": "Tamil Nadu", "district": "Nilgiris", "district_key": "Tamil Nadu|Nilgiris"}, "geometry": {"type": "Polygon", "coordinates": [[[76.84671473452833, 11.594378372615619], [76.85371065903047, 11.577502557417912], [76.90443111167093, 11.580315193284196], [76.960398507688, 11.571314758512086], [77.012867941454, 11.524062475958509], [76.9912971742391, 11.481310410790988], [77.0122849477455, 11.45205899778163], [76.98313526231993, 11.440245927143236], [76.9808032874859, 11.401431552188512], [76.96331347623057, 11.385118264164063], [76.93707875934756, 11.359242014194248], [76.9020991368369, 11.350804106595394], [76.89102225637518, 11.36599234027333], [76.8502126967794, 11.340116090303514], [76.86187257094961, 11.306926987081358], [76.84205078486023, 11.287801063190624], [76.79832625672191, 11.29230128057668], [76.78841536367722, 11.278238101245257], [76.73244796766014, 11.246174052369616], [76.70563025706863, 11.240548780637049], [76.62867508754516, 11.194421552429985], [76.60069138953662, 11.197796715469526], [76.53364711305784, 11.185421117657874], [76.49925048425568, 11.21129736762769], [76.44911302532371, 11.205672095895121], [76.45319398128329, 11.239423726290534], [76.5214042451791, 11.270925247992919], [76.5423920186855, 11.296801497962734], [76.54763896206211, 11.359242014194248], [76.46018990578543, 11.389055954376861], [76.36865989354918, 11.456559215167685], [76.32610135282786, 11.454309106474657], [76.28412580581507, 11.482997992310757], [76.26488701343419, 11.481310410790988], [76.24040127767672, 11.52575005747828], [76.23340535317459, 11.567939595472545], [76.27887886243846, 11.601128698694701], [76.3021986107789, 11.571314758512086], [76.33601224587255, 11.596065954135389], [76.37798779288536, 11.602253753041214], [76.38789868593004, 11.629817584530802], [76.4269592644003, 11.6337552747436], [76.45669194353437, 11.664694269272726], [76.51149335213441, 11.70519622574722], [76.53889405643444, 11.689445464896028], [76.56979272298553, 11.618004513892407], [76.61351725112387, 11.607879024773784], [76.67123362826646, 11.615754405199379], [76.82281199247937, 11.60844155194704], [76.84671473452833, 11.594378372615619]]]}}, {"type": "Feature", "properties": {"state": "Tamil Nadu", "district": "Coimbatore", "district_key": "Tamil Nadu|Coimbatore"}, "geometry": {"type": "Polygon", "coordinates": [[[76.96331347623057, 11.385118264164063], [77.01345093516252, 11.368804976139614], [77.04551558913063, 11.402556606535025], [77.11489184044346, 11.378930465258238], [77.14695649441157, 11.336178400090716], [77.15045445666264, 11.306364459908101], [77.11955579011155, 11.290051171883652], [77.16444630566691, 11.268112612126634], [77.16094834341584, 11.167982775286912], [77.20875382751376, 11.140418943797325], [77.24315045631592, 11.13760630793104], [77.2629722424053, 11.113980166654253], [77.1685272616265, 11.067290411273932], [77.17902114837969, 11.035788889571547], [77.1539524189137, 10.99753704179008], [77.17902114837969, 10.926658617959715], [77.2110858023478, 10.902469949509669], [77.247814405984, 10.904720058202697], [77.25947428015422, 10.851279976743296], [77.28512600332871, 10.839466906104901], [77.2944539026649, 10.813028128961829], [77.25422733677763, 10.776463862700131], [77.23032459472867, 10.777588917046645], [77.19651095963502, 10.802902639843204], [77.16094834341584, 10.793339677897837], [77.13413063282432, 10.75002508555706], [77.14112655732646, 10.680271716073207], [77.15220343778817, 10.650457775890594], [77.18135312321374, 10.64370744981151], [77.15803337487328, 10.584079569446283], [77.10206597885622, 10.58632967813931], [77.08107820534981, 10.572266498807888], [77.07291629343065, 10.540202449932247], [77.07816323680726, 10.503075656497293], [77.0589244444264, 10.477761933700734], [77.07349928713917, 10.463136227196056], [77.04143463317105, 10.427134488107615], [77.08632514872642, 10.378194624034268], [77.07641425568173, 10.33656761321326], [77.090406104686, 10.314629053456242], [77.05600947588384, 10.287065221966657], [77.05134552621574, 10.264001607863124], [76.98430124973696, 10.222374597042116], [76.9394107341816, 10.238125357893308], [76.91026104875604, 10.235312722027023], [76.89685219346029, 10.262314026343354], [76.82980791698151, 10.303378509991106], [76.84846371565386, 10.367506607742389], [76.82339498618788, 10.394507912058717], [76.81581606797724, 10.423196797894818], [76.82805893585598, 10.449635575037892], [76.83855282260917, 10.595892640084676], [76.81756504910277, 10.60264296616376], [76.81406708685171, 10.635269542212658], [76.88227735074751, 10.639207232425456], [76.8659535269092, 10.684209406286005], [76.90384811796243, 10.762963210541967], [76.90093314941987, 10.807965384402516], [76.87003448286877, 10.80909043874903], [76.83097390439853, 10.87040590063403], [76.77967045804955, 10.891219406044533], [76.73944389216227, 10.894594569084074], [76.65899076038774, 10.930596308172513], [76.66656967859838, 10.968285628780723], [76.71612414382183, 11.040289106957603], [76.7464398166644, 11.056602394982052], [76.74818879778994, 11.134793672064756], [76.70563025706863, 11.142106525317097], [76.69513637031542, 11.1668577209404], [76.7301159928261, 11.193859025256728], [76.73536293620269, 11.215797585013746], [76.70563025706863, 11.240548780637049], [76.73244796766014, 11.246174052369616], [76.78841536367722, 11.278238101245257], [76.79832625672191, 11.29230128057668], [76.84205078486023, 11.287801063190624], [76.86187257094961, 11.306926987081358], [76.8502126967794, 11.340116090303514], [76.89102225637518, 11.36599234027333], [76.9020991368369, 11.350804106595394], [76.93707875934756, 11.359242014194248], [76.96331347623057, 11.385118264164063]]]}}, {"type": "Feature", "properties": {"state": "Tamil Nadu", "district": "Dindigul", "district_key": "Tamil Nadu|Dindigul"}, "geometry": {"type": "Polygon", "coordinates": [[[78.19984313198273, 10.546952776011329], [78.19168122006357, 10.500825547804265], [78.20625606277635, 10.473824243487936], [78.23423976078489, 10.470449080448395], [78.31527588626794, 10.439510085919267], [78.27913027634024, 10.3725693523017], [78.33801264089988, 10.325317069748124], [78.33334869123178, 10.300565874124821], [78.32868474156369, 10.228562395947941], [78.2721343518381, 10.183560222087392], [78.28087925746578, 10.129557613454732], [78.25814250283385, 10.086805548287211], [78.21266899356998, 10.075555004822073], [78.15611860384439, 10.107619053697714], [78.161365547221, 10.154871336251292], [78.14329274225715, 10.182435167740879], [78.1199729939167, 10.189185493819961], [78.01969807605278, 10.184685276433905], [77.97247558566337, 10.131245194974504], [77.93341500719313, 10.11380685260354], [77.91417621481226, 10.075555004822073], [77.89260544759735, 10.078367640688358], [77.80457339761216, 10.067117097223221], [77.76376383801639, 10.055866553758083], [77.7124603916674, 10.02605261357547], [77.70254949862272, 10.102556309138404], [77.72470325954613, 10.153746281904779], [77.69671956153759, 10.206061309017667], [77.66290592644395, 10.189185493819961], [77.62559432909924, 10.21112405357698], [77.56729495824813, 10.182997694914135], [77.53581329798851, 10.179060004701338], [77.46468806555016, 10.130682667801246], [77.35974919801815, 10.150933646038494], [77.34284238047132, 10.136307939533815], [77.30261581458406, 10.136307939533815], [77.26763619207338, 10.122244760202394], [77.27463211657552, 10.184685276433905], [77.28804097187128, 10.232500086160739], [77.32943352517557, 10.27187698828872], [77.35217027980751, 10.275252151328262], [77.31602466987981, 10.355131009930737], [77.32010562583939, 10.417008998988992], [77.33293148742663, 10.455823373943716], [77.38540092119264, 10.449635575037892], [77.377822002982, 10.525576743427568], [77.36849410364582, 10.55032793905087], [77.38423493377562, 10.590267368352109], [77.41746557516075, 10.625706580267291], [77.4821778768055, 10.649895248717336], [77.50433163772891, 10.642582395464997], [77.51599151189914, 10.612768455282382], [77.54280922249065, 10.609955819416099], [77.54922215328428, 10.639207232425456], [77.58595075692048, 10.683646879112748], [77.63667120956094, 10.669021172608069], [77.65591000194182, 10.673521389994125], [77.66465490756948, 10.716273455161646], [77.69555357412058, 10.73539937905238], [77.70604746087378, 10.716273455161646], [77.69846854266314, 10.662270846528987], [77.7282012217972, 10.630206797653345], [77.75326995126318, 10.667896118261556], [77.78883256748236, 10.685334460632518], [77.80807135986323, 10.680834243246464], [77.83080811449517, 10.63301943351963], [77.87220066779946, 10.6347070150394], [77.88211156084415, 10.649332721544079], [77.95964972407613, 10.639769759598712], [77.96956061712082, 10.67239633564761], [78.0057062270485, 10.675771498687151], [78.01503412638469, 10.719648618201187], [77.99812730883787, 10.742712232304719], [77.93050003865058, 10.743837286651233], [77.94624086878038, 10.768025955101278], [77.98296947241657, 10.759588047502426], [77.99871030254639, 10.774213754007103], [78.06983553498473, 10.775901335526875], [78.09781923299327, 10.766900900754765], [78.10481515749541, 10.805152748536232], [78.18060433960186, 10.811340547442057], [78.1514546541763, 10.740462123611692], [78.1456247170912, 10.649895248717336], [78.16544650318058, 10.613893509628896], [78.13629681775501, 10.597017694431191], [78.13921178629757, 10.562703536862522], [78.18002134589335, 10.559890900996237], [78.19984313198273, 10.546952776011329]]]}}, {"type": "Feature", "properties": {"state": "Tamil Nadu", "district": "Theni", "district_key": "Tamil Nadu|Theni"}, "geometry": {"type": "Polygon", "coordinates": [[[77.26763619207338, 10.122244760202394], [77.30261581458406, 10.136307939533815], [77.34284238047132, 10.136307939533815], [77.35974919801815, 10.150933646038494], [77.46468806555016, 10.130682667801246], [77.53581329798851, 10.179060004701338], [77.56729495824813, 10.182997694914135], [77.62559432909924, 10.21112405357698], [77.66290592644395, 10.189185493819961], [77.69671956153759, 10.206061309017667], [77.72470325954613, 10.153746281904779], [77.70254949862272, 10.102556309138404], [77.7124603916674, 10.02605261357547], [77.70021752378867, 10.014239542937075], [77.67922975028226, 9.932673102814828], [77.65416102081629, 9.918609923483407], [77.64541611518861, 9.88935851047405], [77.61859840459711, 9.858419515944922], [77.6238453479737, 9.824105358376253], [77.60052559963326, 9.780790766035475], [77.56729495824813, 9.745914081293549], [77.52706839236085, 9.663222586824789], [77.46410507184164, 9.578843510836258], [77.47518195230336, 9.563092749985065], [77.45477717250547, 9.541716717401306], [77.42795946191396, 9.546779461960616], [77.40230773873947, 9.525403429376855], [77.38481792748412, 9.519215630471031], [77.36557913510326, 9.551279679346672], [77.30378180200108, 9.599094489073506], [77.26938517319891, 9.572655711930432], [77.23440555068825, 9.581656146702542], [77.19825994076055, 9.61428272275144], [77.16794426791797, 9.614845249924699], [77.1796041420882, 9.656472260745707], [77.22332867022654, 9.730163320442356], [77.24664841856698, 9.798229108406437], [77.22682663247761, 9.821855249683225], [77.23615453181378, 9.860107097464692], [77.21983070797548, 9.865169842024004], [77.21808172684993, 9.905109271325243], [77.27288313544999, 9.976550222328864], [77.25539332419466, 10.01142690707079], [77.26180625498827, 10.033365466827808], [77.20408987784568, 10.08849312980698], [77.20117490930312, 10.107056526524458], [77.24431644373294, 10.13180772214776], [77.26763619207338, 10.122244760202394]]]}}, {"type": "Feature", "properties": {"state": "Tamil Nadu", "district": "Kanyakumari", "district_key": "Tamil Nadu|Kanyakumari"}, "geometry": {"type": "Polygon", "coordinates": [[[77.58944871917154, 8.139899001645189], [77.5667119645396, 8.118522969061427], [77.55621807778641, 8.076895958240419], [77.53348132315448, 8.076333431067162], [77.44486627946078, 8.09489682778464], [77.3311825063011, 8.127523403833537], [77.24898039340103, 8.170837996174317], [77.18310210433927, 8.219777860247664], [77.15220343778817, 8.251841909123305], [77.09798502289664, 8.2923438655978], [77.11897279640304, 8.3210327514339], [77.1586163685818, 8.327783077512983], [77.17494019242011, 8.350284164443257], [77.15978235599881, 8.368285033987478], [77.19709395334354, 8.419475006753853], [77.21283478347334, 8.470664979520228], [77.26238924869679, 8.506666718608667], [77.2839600159117, 8.546606147909905], [77.26880217949041, 8.578670196785547], [77.33701244338621, 8.55279394681573], [77.37490703443945, 8.518479789247062], [77.3883158897352, 8.524105060979629], [77.43845334866715, 8.507229245781923], [77.44428328575226, 8.476290251252795], [77.4722669837608, 8.455476745842292], [77.46177309700761, 8.428475441525961], [77.4722669837608, 8.400911610036376], [77.53348132315448, 8.368285033987478], [77.54164323507364, 8.310907262315277], [77.56321400228855, 8.275468050400093], [77.54164323507364, 8.231590930886059], [77.54863915957577, 8.18996392006505], [77.53989425394809, 8.16127503422895], [77.58944871917154, 8.139899001645189]]]}}, {"type": "Feature", "properties": {"state": "Tamil Nadu", "district": "Tirunelveli", "district_key": "Tamil Nadu|Tirunelveli"}, "geometry": {"type": "Polygon", "coordinates": [[[77.70138351120569, 9.06300609295971], [77.71129440425038, 9.05063049514806], [77.68797465590993, 9.014628756059619], [77.72178829100358, 9.002815685421226], [77.72936720921422, 8.983127234357234], [77.69030663074398, 8.957813511560676], [77.69497058041206, 8.927437044204805], [77.75968288205681, 8.927999571378061], [77.76084886947383, 8.890872777943109], [77.8010754353611, 8.87962223447797], [77.85062990058455, 8.80424359326155], [77.82089722145048, 8.778367343291734], [77.8273101522441, 8.7305525335649], [77.81215231582281, 8.681050142318297], [77.81856524661643, 8.630985223898435], [77.7859175989398, 8.61917215326004], [77.78125364927172, 8.583170414171601], [77.81565027807387, 8.563481963107611], [77.83955302012284, 8.484728158851649], [77.83197410191218, 8.43241313173876], [77.8482979257505, 8.423975224139907], [77.8587918125037, 8.34072120249789], [77.88969047905479, 8.324407914473442], [77.97072660453784, 8.335095930765322], [77.94915583732293, 8.311469789488534], [77.89085646647182, 8.270405305840782], [77.84130200124837, 8.251841909123305], [77.80457339761216, 8.202902045049958], [77.79349651715044, 8.162400088575463], [77.75793390093126, 8.145524273377758], [77.73286517146529, 8.164087670095235], [77.63492222843541, 8.152837126630097], [77.58944871917154, 8.139899001645189], [77.53989425394809, 8.16127503422895], [77.54863915957577, 8.18996392006505], [77.54164323507364, 8.231590930886059], [77.56321400228855, 8.275468050400093], [77.54164323507364, 8.310907262315277], [77.53348132315448, 8.368285033987478], [77.4722669837608, 8.400911610036376], [77.46177309700761, 8.428475441525961], [77.4722669837608, 8.455476745842292], [77.44428328575226, 8.476290251252795], [77.43845334866715, 8.507229245781923], [77.3883158897352, 8.524105060979629], [77.37490703443945, 8.518479789247062], [77.33701244338621, 8.55279394681573], [77.26880217949041, 8.578670196785547], [77.25131236823508, 8.620297207606555], [77.21400077089037, 8.648986093442655], [77.20700484638823, 8.681050142318297], [77.17902114837969, 8.7305525335649], [77.2000089218861, 8.762616582440542], [77.22974160102017, 8.78455514219756], [77.2320735758542, 8.807056229127834], [77.26413822982232, 8.84193291386976], [77.25597631790316, 8.879059707304714], [77.2950368963734, 8.882434870344255], [77.31310970133725, 8.872309381225632], [77.32302059438194, 8.828432261711596], [77.30378180200108, 8.791867995449898], [77.35974919801815, 8.751928566148662], [77.39706079536286, 8.740678022683523], [77.44428328575226, 8.742365604203295], [77.46818602780122, 8.81155644651389], [77.52007246785871, 8.786805250890588], [77.56846094566514, 8.789055359583616], [77.59411266883963, 8.868371691012833], [77.56437998970557, 8.895372995329163], [77.59294668142262, 8.911123756180356], [77.60985349896943, 8.951063185481592], [77.62442834168222, 9.056818294053885], [77.6862256747844, 9.068631364692278], [77.70138351120569, 9.06300609295971]]]}}, {"type": "Feature", "properties": {"state": "Maharashtra", "district": "Nashik", "district_key": "Maharashtra|Nashik"}, "geometry": {"type": "Polygon", "coordinates": [[[74.81265372771095, 20.632213541353384], [74.81193772050202, 20.62013159774436], [74.81229572410648, 20.61686620757976], [74.80978969887524, 20.588783852164195], [74.79296352946541, 20.578008064621013], [74.79582755830113, 20.540782616744565], [74.79403754027881, 20.540456077728106], [74.7779273780779, 20.536537609530583], [74.76253322308594, 20.532945680349524], [74.7829394285404, 20.500618317719976], [74.77076730598861, 20.47220942328795], [74.79260552586095, 20.477760586567772], [74.80191361957702, 20.445433223938224], [74.83663996921005, 20.41669779048974], [74.8241098430538, 20.399064683600894], [74.85060210978416, 20.38110503769559], [74.85060210978416, 20.38110503769559], [74.85203412420202, 20.37620695244869], [74.86420624675381, 20.33506303637472], [74.86277423233595, 20.32983841211136], [74.85167612059756, 20.28738833997155], [74.85167612059756, 20.28640872292217], [74.85275013141096, 20.28542910587279], [74.87244032965648, 20.27563293537899], [74.88461245220827, 20.270081772099168], [74.93473295683329, 20.270408311115627], [74.93258493520649, 20.251142509144483], [74.90537666126721, 20.246244423897583], [74.90788268649845, 20.219468224547857], [74.92828889195292, 20.217508990449097], [74.92721488113953, 20.154160421255845], [74.90680867568507, 20.155140038305223], [74.89571056394666, 20.18028354257265], [74.85561416024666, 20.179630464539727], [74.85382414222434, 20.23024401209104], [74.8301959043297, 20.235142097337942], [74.81838178538237, 20.250162892095105], [74.7840134393538, 20.23416248028856], [74.78365543574934, 20.22697862192644], [74.79976559795023, 20.23155016815688], [74.7840134393538, 20.205753585856534], [74.76217521948148, 20.204773968807153], [74.75966919425022, 20.18583470585247], [74.72064680136361, 20.193671642247512], [74.71133870764754, 20.173426223226986], [74.71491874369218, 20.134568080268238], [74.70346262834933, 20.114649200264175], [74.73031289868415, 20.113669583214794], [74.73604095635558, 20.080362603535868], [74.71026469683414, 20.07970952550295], [74.71993079415469, 20.05358640418614], [74.70596865358058, 20.04117792156066], [74.71706676531898, 20.018320190408453], [74.68878448056628, 20.007870941881734], [74.68627845533504, 19.969012798922982], [74.6726743183654, 19.962155479577323], [74.67195831115647, 19.958890089412723], [74.67052629673861, 19.9468081458037], [74.56885327307074, 19.95464508219874], [74.5230288116993, 19.976849735318027], [74.51944877565467, 19.968033181873604], [74.47935237195466, 19.964114713676082], [74.48078438637252, 19.99513592023979], [74.45823015929126, 19.99546245925625], [74.4428360042993, 19.973910884169886], [74.3816173879359, 19.981094742532008], [74.36264319689928, 19.965420869741923], [74.34939706353411, 19.967380103840682], [74.3476070455118, 19.984360132696608], [74.3193247607591, 19.98533974974599], [74.30357260216267, 19.966727025807764], [74.28603042554393, 19.98697244482829], [74.28603042554393, 19.98697244482829], [74.28066037147696, 19.956930855313963], [74.24772403986624, 19.9631350966267], [74.2480820434707, 19.935052741211138], [74.27242628857428, 19.933420046128838], [74.27493231380554, 19.90631730776265], [74.33579292656447, 19.887051505791508], [74.33722494098232, 19.872683789067263], [74.36264319689928, 19.871377633001423], [74.37338330503322, 19.80182482249543], [74.32755884366179, 19.79562058118269], [74.31753474273678, 19.76459937461898], [74.27529031741, 19.777334396260922], [74.2692042561341, 19.76002782838854], [74.24700803265732, 19.744027416581996], [74.16717322886177, 19.730639316907133], [74.1528530846832, 19.687862705750867], [74.13495290445998, 19.690801556899004], [74.14426099817605, 19.673494989026622], [74.11955874946801, 19.641167626397074], [74.09986855122247, 19.649004562792115], [74.09772052959569, 19.640841087380615], [74.07122826286533, 19.660759967384678], [74.02074975463586, 19.673494989026622], [73.92587879945282, 19.67251537197724], [73.90762061562513, 19.684597315586263], [73.91120065166977, 19.702230422475107], [73.89473248586442, 19.716271600182893], [73.89759651470013, 19.745986650680756], [73.88542439214835, 19.745007033631378], [73.86716620832067, 19.743374338549074], [73.83995793438137, 19.741088565433856], [73.83745190915012, 19.740762026417396], [73.83745190915012, 19.740108948384474], [73.83816791635905, 19.722149302479174], [73.81883572171797, 19.71431236608413], [73.80988563160638, 19.683617698536885], [73.79270145859209, 19.687862705750867], [73.80630559556172, 19.676760379191222], [73.78160334685369, 19.6597803503353], [73.78017133243583, 19.650637257874415], [73.79305946219655, 19.642473782462915], [73.77659129639119, 19.640841087380615], [73.77515928197333, 19.62647337065637], [73.76692519907066, 19.633330690002033], [73.73792690710904, 19.61798335622841], [73.72145874130368, 19.61961605131071], [73.70391656468493, 19.596105242125585], [73.68172034120815, 19.588268305730544], [73.66131413575368, 19.584023298516563], [73.63446386541885, 19.595778703109126], [73.61620568159117, 19.585655993598863], [73.61441566356885, 19.592186773928063], [73.61369965635993, 19.595125625076204], [73.58828140044295, 19.606881029668767], [73.5757512742867, 19.602309483438326], [73.58505936800277, 19.611126036882748], [73.56322114813045, 19.61928951229425], [73.55928310848134, 19.645412633611055], [73.54388895348939, 19.65880073328592], [73.52921080570634, 19.697332337228207], [73.5156066687367, 19.697332337228207], [73.51990271199027, 19.70680196870555], [73.48517636235724, 19.724761614610852], [73.48481835875276, 19.72508815362731], [73.48696638037956, 19.726067770676693], [73.5034345461849, 19.733578168055274], [73.5034345461849, 19.736517019203415], [73.50092852095366, 19.753497048059337], [73.49591647049115, 19.75970128937208], [73.45080801632865, 19.76492591363544], [73.45009200911973, 19.76623206970128], [73.44830199109741, 19.769170920849422], [73.44472195505276, 19.774069006096322], [73.44221592982151, 19.825988709713474], [73.4203777099492, 19.834805263157897], [73.41393364506882, 19.85798953332656], [73.41393364506882, 19.858316072343023], [73.43684587575454, 19.873663406116645], [73.42109371715812, 19.916113478256452], [73.4393519009858, 19.93439966317822], [73.43970990459026, 19.95562469924812], [73.45546206318669, 19.958563550396264], [73.45080801632865, 19.982400898597845], [73.42574776401615, 19.98533974974599], [73.40641556937508, 20.018646729424916], [73.36631916567508, 20.019952885490756], [73.35772707916793, 20.04052484352774], [73.31619866105007, 20.048035240906323], [73.31476664663221, 20.04934139697216], [73.31405063942329, 20.05032101402154], [73.30832258175185, 20.056198716317823], [73.31369263581882, 20.09113839107905], [73.27109020688756, 20.09603647632595], [73.2696581924697, 20.109424576000812], [73.24889398341078, 20.122486136659216], [73.25390603387328, 20.137833470432838], [73.27932428979024, 20.149915414041864], [73.28326232943935, 20.198243188477953], [73.29937249164024, 20.209672054054053], [73.34340693498936, 20.199222805527334], [73.35701107195901, 20.212937444218657], [73.3530730323099, 20.201508578642553], [73.36524515486168, 20.19563087634627], [73.38386134229383, 20.211304749136357], [73.38958939996526, 20.19269202519813], [73.42145172076258, 20.206733202905916], [73.4121436270465, 20.265510225868727], [73.42789578564293, 20.28020448160943], [73.41250163065097, 20.36053307965861], [73.40426754774829, 20.38600312294249], [73.38278733148043, 20.37228848425117], [73.37992330264471, 20.393186981304613], [73.4193036991358, 20.41310586130868], [73.43111781808312, 20.454249777382646], [73.46799218934294, 20.496373310505994], [73.4694242037608, 20.51988411969112], [73.49376844886437, 20.538170304612883], [73.47515226143223, 20.543721467892706], [73.47300423980545, 20.584538844950217], [73.43111781808312, 20.594008476427557], [73.4203777099492, 20.626988917090024], [73.40748958018847, 20.623723526925424], [73.3920954251965, 20.64919357020931], [73.43111781808312, 20.66486744299939], [73.43254983250097, 20.677275925624876], [73.44472195505276, 20.682827088904695], [73.44973400551527, 20.71744022464946], [73.47479425782777, 20.720379075797602], [73.49018841281973, 20.686419018085758], [73.4783742938724, 20.676622847591954], [73.4894724056108, 20.65572435053851], [73.50415055339384, 20.670745145295673], [73.51811269396795, 20.667806294147532], [73.52097672280367, 20.678582081690713], [73.5506910219742, 20.648540492176387], [73.56930720940635, 20.651479343324528], [73.61548967438225, 20.624376604958343], [73.6269457897251, 20.584865383966672], [73.65236404564207, 20.56461996494615], [73.66954821865636, 20.56298726986385], [73.6953244781778, 20.578334603637472], [73.7443709719894, 20.56494650396261], [73.77659129639119, 20.600865795773217], [73.79878751986797, 20.598580022658], [73.83816791635905, 20.620458136760824], [73.83888392356798, 20.65898974070311], [73.8306498406653, 20.674990152509654], [73.81740370730013, 20.671724762345054], [73.81203365323316, 20.69229672038204], [73.83530388752334, 20.70209289087584], [73.85535208937334, 20.69229672038204], [73.87432628040995, 20.729522168258484], [73.91728671294567, 20.724624083011584], [73.94163095804925, 20.741277572851047], [73.94127295444478, 20.75793106269051], [73.93196486072871, 20.76054337482219], [73.94127295444478, 20.839892355821988], [73.96096315269031, 20.841525050904288], [73.96633320675728, 20.85197429943101], [74.02003374742694, 20.833688114509247], [74.01716971859122, 20.84577005811827], [74.02611980870283, 20.85132122139809], [74.04509399973944, 20.834994270575088], [74.06192016914926, 20.84870890926641], [74.09628851517783, 20.84119851188783], [74.10344858726712, 20.855566228612073], [74.12994085399748, 20.863076625990654], [74.13029885760194, 20.863076625990654], [74.14640901980283, 20.85001506533225], [74.15822313875016, 20.850994682381632], [74.15750713154124, 20.862097008941273], [74.2341199028966, 20.84805583123349], [74.24987206149302, 20.860790852875432], [74.2641922056716, 20.85132122139809], [74.29068447240196, 20.85654584566145], [74.31467071390107, 20.84217812893721], [74.32576882563947, 20.84805583123349], [74.33185488691535, 20.835647348608006], [74.34903905992965, 20.858505079760214], [74.35906316085465, 20.84413736303597], [74.3805433771225, 20.83956581680553], [74.39701154292787, 20.85981123582605], [74.40309760420377, 20.837280043690306], [74.38734544560732, 20.835647348608006], [74.43603393581448, 20.80201382991262], [74.44856406197073, 20.816708085653325], [74.47469832509663, 20.820626553850843], [74.47863636474573, 20.833688114509247], [74.48651244404395, 20.818667319752084], [74.50548663508056, 20.818667319752084], [74.51193069996091, 20.80821807122536], [74.53770695948235, 20.83630042664093], [74.56419922621271, 20.823565404998984], [74.57279131271984, 20.831402341394025], [74.57816136678682, 20.815401929587484], [74.61897377769574, 20.804626142044302], [74.63329392187433, 20.782748027941476], [74.66479823906718, 20.774911091546436], [74.65298412011985, 20.756951445641132], [74.66086019941807, 20.739318338752287], [74.64976208767968, 20.69392941546434], [74.70919068602076, 20.686092479069295], [74.73246092031094, 20.677275925624876], [74.73639895996004, 20.665520521032313], [74.80191361957702, 20.65996935775249], [74.8001236015547, 20.638091243649665], [74.80978969887524, 20.638091243649665], [74.81050570608416, 20.633193158402765], [74.81265372771095, 20.632213541353384]]]}}, {"type": "Feature", "properties": {"state": "Maharashtra", "district": "Pune", "district_key": "Maharashtra|Pune"}, "geometry": {"type": "Polygon", "coordinates": [[[73.77909732162244, 19.38646719355822], [73.8055895883528, 19.394304129953262], [73.8267118010162, 19.3825487253607], [73.85356207135102, 19.355445986994514], [73.87325226959656, 19.358711377159114], [73.87933833087246, 19.365895235521236], [73.8918684570287, 19.3711198597846], [73.9208667489903, 19.350221362731155], [73.93375487875103, 19.34075173125381], [73.93661890758675, 19.33879249715505], [73.99891153476354, 19.360017533224955], [74.00213356720371, 19.34075173125381], [74.02647781230729, 19.313975531904084], [74.02576180509836, 19.29764858108108], [74.01179966452425, 19.29732204206462], [74.03256387358319, 19.279362396159318], [74.02361378347157, 19.266300835500914], [74.03113185916533, 19.250300423694373], [74.04473599613497, 19.261729289270473], [74.0504640538064, 19.24376964336517], [74.08948644669302, 19.227442692542166], [74.08411639262604, 19.23919809713473], [74.1267188215573, 19.221891529262347], [74.15249508107873, 19.226136536476325], [74.15750713154124, 19.202299188274743], [74.16860524327963, 19.223850763361106], [74.21908375150909, 19.202952266307662], [74.26061216962695, 19.226789614509247], [74.31681873552786, 19.207197273521643], [74.29498051565554, 19.18597223745174], [74.26669823090285, 19.181727230237758], [74.26634022729839, 19.162134889250154], [74.23447790650106, 19.122950207274947], [74.21013366139749, 19.127848292521847], [74.17397529734659, 19.031519282666125], [74.17433330095105, 19.031192743649665], [74.20046756407694, 19.00572270036578], [74.21299769023321, 19.00898809053038], [74.21049166500195, 18.99462037380614], [74.22552781638946, 18.985150742328795], [74.22158977674034, 18.970783025604554], [74.23626792452339, 18.968170713472873], [74.23590992091891, 18.952496840682787], [74.2491560542841, 18.95510915281447], [74.27063627055196, 18.919842939036783], [74.29569652286446, 18.90318944919732], [74.30715263820731, 18.85453513574477], [74.32612682924393, 18.837881645905306], [74.34903905992965, 18.845392043283887], [74.39808555374125, 18.827105858362124], [74.38376540956268, 18.803921588193457], [74.40059157897251, 18.776492310810813], [74.39307350327876, 18.76636960130055], [74.39915956455465, 18.742858792115424], [74.4267258420984, 18.749389572444628], [74.44391001511269, 18.72163375604552], [74.47756235393234, 18.71902144391384], [74.47505632870109, 18.687347159317213], [74.50978267833413, 18.66742827931315], [74.47183429626091, 18.641631697012805], [74.5090666711252, 18.612569724547857], [74.54987908203414, 18.61191664651494], [74.54128699552699, 18.58089543995123], [74.57816136678682, 18.549221155354605], [74.54665704959395, 18.507750700264175], [74.55739715772788, 18.49207682747409], [74.581383399227, 18.472484486486486], [74.61467773444217, 18.467586401239586], [74.64618205163504, 18.449953294350742], [74.6465400552395, 18.449626755334283], [74.67446433638771, 18.463014855009146], [74.65620615256003, 18.475749876651086], [74.65692215976897, 18.478362188782768], [74.6655142462761, 18.49142374944117], [74.7066846607895, 18.502852615017275], [74.72351083019933, 18.48848489829303], [74.72637485903505, 18.48489296911197], [74.71599275450558, 18.427748641231457], [74.72852288066183, 18.403258214996953], [74.75250912216094, 18.396727434667753], [74.7779273780779, 18.409462456309694], [74.79403754027881, 18.401625519914653], [74.80943169527077, 18.38203317892705], [74.79332153306987, 18.356563135643164], [74.79403754027881, 18.355583518593782], [74.79690156911451, 18.352318128429182], [74.8029876303904, 18.34513427006706], [74.83162791874756, 18.33566463858972], [74.83234392595648, 18.334685021540338], [74.84666407013506, 18.307908822190612], [74.8441580449038, 18.30496997104247], [74.83270192956095, 18.29288802743345], [74.83234392595648, 18.29256148841699], [74.83234392595648, 18.29256148841699], [74.83162791874756, 18.291908410384067], [74.8051356520172, 18.301378041861412], [74.80083960876362, 18.29876572972973], [74.79654356551005, 18.29386764448283], [74.80871568806184, 18.275907998577527], [74.83735597641899, 18.24782564316196], [74.84236802688149, 18.24488679201382], [74.9486950974074, 18.26513221103434], [74.99058151912972, 18.23868255070108], [75.04177603456812, 18.262193359886204], [75.04356605259044, 18.25207065037594], [75.00848169935293, 18.20929403921967], [75.02208583632257, 18.188722081182686], [75.05967621479132, 18.20015094675879], [75.0800824202458, 18.218110592664093], [75.10657468697616, 18.219090209713475], [75.11158673743866, 18.19786517364357], [75.09046452477526, 18.14594547002642], [75.09225454279759, 18.121781582808374], [75.14953511951188, 18.12308773887421], [75.16457127089937, 18.11231195133103], [75.1352149753333, 18.092719610343426], [75.1312769356842, 18.076392659520423], [75.09404456081991, 18.06855572312538], [75.0800824202458, 18.038840672627515], [75.04965211386633, 18.021860643771593], [75.0199378146958, 17.96667554998984], [75.0389120057324, 17.950022060150378], [75.05359015351544, 17.951981294249137], [75.07077432652973, 17.980063649664704], [75.1001306220958, 17.975492103434263], [75.10872270860294, 17.999329451635848], [75.11445076627437, 17.999655990652307], [75.11588278069223, 17.999655990652307], [75.11946281673687, 17.999982529668767], [75.13449896812438, 17.97287979130258], [75.1352149753333, 17.97157363523674], [75.1352149753333, 17.97124709622028], [75.1312769356842, 17.97124709622028], [75.11767279871455, 17.96994094015444], [75.12984492126634, 17.956879379496037], [75.12733889603508, 17.954267067364356], [75.11838880592347, 17.945123974903474], [75.11194474104312, 17.938266655557815], [75.11087073022973, 17.938593194574274], [75.09726659326009, 17.946103591952856], [75.08079842745472, 17.940878967689496], [75.08760049593955, 17.92651125096525], [75.07328035176097, 17.91802123653729], [75.07220634094759, 17.91736815850437], [75.05001011747079, 17.92683778998171], [75.05287414630651, 17.90495967587889], [75.0238758543449, 17.895163505385085], [75.017789793069, 17.908878144076407], [74.94225103252703, 17.924552016866492], [74.93688097846007, 17.940878967689496], [74.91217872975203, 17.945123974903474], [74.8942785495288, 17.936960499491974], [74.86420624675381, 17.952634372282056], [74.84594806292613, 17.946756669985774], [74.86098421431363, 17.993451749339567], [74.8312699151431, 17.993451749339567], [74.81802378177791, 18.01500332442593], [74.80262962678594, 17.996717139504167], [74.80191361957702, 17.997370217537085], [74.76647126273505, 18.02414641688681], [74.74928708972077, 18.01761563655761], [74.72888088426629, 18.027738346067874], [74.71742476892344, 18.029044502133715], [74.70883268241629, 18.029697580166633], [74.70847467881183, 18.029697580166633], [74.70811667520736, 18.030024119183093], [74.6877104697529, 18.048963382137778], [74.67124230394754, 18.0643107159114], [74.65978618860468, 18.06855572312538], [74.65692215976897, 18.067902645092463], [74.65405813093325, 18.06724956705954], [74.64081199756806, 18.044718374923796], [74.64009599035914, 18.043738757874415], [74.62899787862075, 18.05680031853282], [74.60966568397967, 18.046024530989637], [74.5903334893386, 18.05582070148344], [74.58209940643592, 18.046677609022556], [74.58174140283145, 18.046024530989637], [74.55882917214574, 18.069535340174763], [74.46002017731358, 18.045697991973178], [74.43710794662788, 18.06398417689494], [74.38090138072697, 18.07018841820768], [74.35405111039215, 18.096964617557408], [74.3003505697225, 18.06724956705954], [74.23340389568767, 18.10120962477139], [74.2090596505841, 18.097291156573867], [74.18650542350284, 18.11198541231457], [74.16502520723498, 18.10676078805121], [74.14784103422069, 18.121128504775452], [74.13710092608676, 18.11688349756147], [74.11884274225909, 18.132883909368015], [74.07767232774569, 18.12145504379191], [74.05404408985105, 18.140067767730137], [74.02826783032961, 18.132230831335097], [74.00463959243497, 18.15900703068482], [73.98602340500283, 18.15214971133916], [73.94377897967603, 18.180232066754726], [73.90475658678942, 18.15900703068482], [73.90439858318496, 18.1599866477342], [73.89437448225995, 18.181538222820567], [73.89401647865549, 18.181538222820567], [73.89258446423763, 18.180885144787645], [73.87611629843228, 18.168150123145704], [73.90117655074478, 18.127985824121115], [73.8868564065662, 18.11557734149563], [73.86072214344031, 18.11982234870961], [73.87933833087246, 18.086515369030685], [73.85714210739566, 18.031003736232474], [73.84532798844835, 18.040146828693356], [73.82706980462066, 18.029697580166633], [73.81274966044208, 18.037861055578134], [73.79234345498762, 18.020227948689293], [73.76585118825726, 18.02284026082097], [73.75797510895904, 18.037534516561674], [73.70391656468493, 18.046024530989637], [73.66561017900725, 18.025126033936193], [73.66453616819386, 18.02447295590327], [73.65773409970903, 18.029044502133715], [73.65701809250011, 18.029697580166633], [73.61262564554653, 18.058759552631578], [73.61262564554653, 18.05908609164804], [73.62014372124028, 18.076392659520423], [73.60224354101706, 18.080964205750863], [73.60940361310635, 18.09761769559033], [73.59400945811439, 18.10872002214997], [73.60653958427064, 18.139741228713678], [73.60618158066617, 18.138108533631375], [73.60331755183046, 18.117863114610852], [73.62837780414296, 18.123414277890674], [73.61942771403135, 18.127332746088193], [73.63374785820993, 18.146272009042878], [73.64233994471707, 18.142353540845356], [73.64770999878404, 18.15900703068482], [73.66059812854475, 18.1518231723227], [73.66561017900725, 18.1599866477342], [73.65343805645546, 18.173048208392604], [73.59758949415902, 18.190028237248526], [73.59400945811439, 18.177619754623045], [73.5818373355626, 18.178599371672426], [73.56680118417509, 18.187742464133308], [73.55892510487688, 18.21386558545011], [73.5567770832501, 18.19623247856127], [73.54102492465367, 18.20766134413737], [73.53744488860902, 18.189375159215608], [73.52097672280367, 18.187089386100386], [73.52097672280367, 18.187089386100386], [73.53493886337777, 18.20472249298923], [73.52097672280367, 18.21092673430197], [73.53601287419116, 18.226927146108515], [73.52348274803491, 18.23215177037188], [73.53708688500456, 18.24325409693152], [73.50522456420723, 18.25598911857346], [73.51453265792331, 18.271989530380004], [73.50021251374473, 18.281785700873808], [73.47765828666348, 18.267417984149564], [73.47586826864115, 18.30007188579557], [73.44722798028401, 18.30203111989433], [73.43111781808312, 18.303010736943712], [73.42359974238937, 18.30366381497663], [73.4203777099492, 18.30366381497663], [73.4203777099492, 18.306276127108312], [73.42109371715812, 18.316398836618575], [73.42180972436705, 18.329786936293438], [73.44149992261258, 18.358195830725464], [73.4232417387849, 18.373216625482627], [73.42001970634472, 18.403584754013412], [73.39889749368133, 18.40064590286527], [73.3931694360099, 18.444402131070923], [73.40176152251705, 18.444402131070923], [73.4082055873974, 18.499913763869134], [73.38851538915186, 18.49175028845763], [73.37276323055544, 18.464321011074986], [73.36488715125722, 18.469545635338346], [73.36059110800365, 18.48423989107905], [73.37920729543579, 18.481627578947368], [73.37455324857775, 18.49305644452347], [73.39674947205454, 18.505138388132494], [73.38457734950275, 18.503179154033734], [73.35557905754115, 18.5328942045316], [73.34269092778042, 18.5312615094493], [73.35880108998133, 18.557711169782564], [73.33374083766883, 18.550200772403983], [73.3230007295349, 18.557711169782564], [73.33409884127329, 18.608651256350335], [73.3419749205715, 18.603753171103435], [73.36130711521257, 18.6367336117659], [73.38887339275632, 18.654693257671205], [73.38744137833847, 18.689306393415972], [73.37455324857775, 18.70922527342004], [73.36094911160811, 18.701061798008535], [73.36166511881704, 18.710531429485876], [73.35271502870543, 18.708898734403576], [73.34376493859382, 18.696163712761635], [73.33159281604203, 18.701388337024994], [73.35522105393667, 18.72130721702906], [73.35844308637685, 18.75559381375737], [73.34949299626525, 18.756573430806746], [73.3681091836974, 18.794778495732576], [73.3781332846224, 18.793145800650276], [73.38887339275632, 18.85290244066247], [73.40140351891257, 18.842779731152206], [73.43004380726973, 18.874127476732372], [73.44006790819472, 18.898291363950417], [73.4404259117992, 18.8992709809998], [73.43075981447865, 18.915597931822802], [73.44149992261258, 18.929312570514124], [73.4583260920224, 18.929639109530584], [73.4604741136492, 18.964905323308273], [73.46083211725366, 18.964905323308273], [73.47909030108134, 18.966538018390573], [73.4805223154992, 18.979926118065436], [73.5095206074608, 18.96588494035765], [73.55140702918312, 19.01029424659622], [73.54782699313849, 19.014212714793743], [73.53851889942241, 19.024335424304006], [73.53279084175098, 19.030539665616747], [73.54030891744473, 19.04784623348913], [73.51489066152777, 19.04621353840683], [73.51489066152777, 19.04621353840683], [73.51775469036349, 19.057642403982932], [73.52598877326616, 19.054377013818332], [73.52777879128848, 19.084418603332658], [73.51489066152777, 19.082785908250358], [73.5116686290876, 19.09486785185938], [73.52527276605723, 19.129154448587688], [73.52527276605723, 19.129154448587688], [73.54174093186259, 19.117725583011584], [73.54532096790723, 19.140583314163788], [73.5295688093108, 19.15593064793741], [73.54030891744473, 19.159196038102014], [73.53422285616884, 19.178461840073158], [73.60582357706171, 19.1928295567974], [73.61190963833761, 19.210462663686243], [73.623007750076, 19.216340365982525], [73.62980981856082, 19.203931883357043], [73.66059812854475, 19.239524636151188], [73.68995442411082, 19.250626962710832], [73.69281845294654, 19.255525047957732], [73.69174444213314, 19.262708906319855], [73.66775820063404, 19.29079126173542], [73.67133823667868, 19.300913971245684], [73.6720542438876, 19.301240510262144], [73.74186494675816, 19.33487402895753], [73.74258095396708, 19.322792085348507], [73.77372726755547, 19.330629021743547], [73.77265325674209, 19.34205788731965], [73.79484948021887, 19.330302482727088], [73.79413347300994, 19.360344072241414], [73.77909732162244, 19.38646719355822]]]}}, {"type": "Feature", "properties": {"state": "Maharashtra", "district": "Satara", "district_key": "Maharashtra|Satara"}, "geometry": {"type": "Polygon", "coordinates": [[[73.65701809250011, 18.029697580166633], [73.65773409970903, 18.029044502133715], [73.66453616819386, 18.02447295590327], [73.66561017900725, 18.025126033936193], [73.70391656468493, 18.046024530989637], [73.75797510895904, 18.037534516561674], [73.76585118825726, 18.02284026082097], [73.79234345498762, 18.020227948689293], [73.81274966044208, 18.037861055578134], [73.82706980462066, 18.029697580166633], [73.84532798844835, 18.040146828693356], [73.85714210739566, 18.031003736232474], [73.87933833087246, 18.086515369030685], [73.86072214344031, 18.11982234870961], [73.8868564065662, 18.11557734149563], [73.90117655074478, 18.127985824121115], [73.87611629843228, 18.168150123145704], [73.89258446423763, 18.180885144787645], [73.89401647865549, 18.181538222820567], [73.89437448225995, 18.181538222820567], [73.90439858318496, 18.1599866477342], [73.90475658678942, 18.15900703068482], [73.94377897967603, 18.180232066754726], [73.98602340500283, 18.15214971133916], [74.00463959243497, 18.15900703068482], [74.02826783032961, 18.132230831335097], [74.05404408985105, 18.140067767730137], [74.07767232774569, 18.12145504379191], [74.11884274225909, 18.132883909368015], [74.13710092608676, 18.11688349756147], [74.14784103422069, 18.121128504775452], [74.16502520723498, 18.10676078805121], [74.18650542350284, 18.11198541231457], [74.2090596505841, 18.097291156573867], [74.23340389568767, 18.10120962477139], [74.3003505697225, 18.06724956705954], [74.35405111039215, 18.096964617557408], [74.38090138072697, 18.07018841820768], [74.43710794662788, 18.06398417689494], [74.46002017731358, 18.045697991973178], [74.55882917214574, 18.069535340174763], [74.58174140283145, 18.046024530989637], [74.58209940643592, 18.046677609022556], [74.5903334893386, 18.05582070148344], [74.60966568397967, 18.046024530989637], [74.62899787862075, 18.05680031853282], [74.64009599035914, 18.043738757874415], [74.64081199756806, 18.044718374923796], [74.65405813093325, 18.06724956705954], [74.65692215976897, 18.067902645092463], [74.65978618860468, 18.06855572312538], [74.67124230394754, 18.0643107159114], [74.6877104697529, 18.048963382137778], [74.70811667520736, 18.030024119183093], [74.70847467881183, 18.029697580166633], [74.70883268241629, 18.029697580166633], [74.71098070404308, 18.028717963117252], [74.67088430034308, 18.00847254409673], [74.66300822104486, 18.004880614915667], [74.66300822104486, 18.00422753688275], [74.66444023546272, 17.989206742125585], [74.6665882570895, 17.972226713269663], [74.65907018139575, 17.944797435887015], [74.65262611651539, 17.92063354866897], [74.63508393989665, 17.901694285714285], [74.63615795071003, 17.8729588522658], [74.61073969479307, 17.859244213574478], [74.60859167316629, 17.857938057508637], [74.60715965874843, 17.844549957833774], [74.62112179932254, 17.845203035866696], [74.61360372362878, 17.83279455324121], [74.61825777048682, 17.831814936191833], [74.6204057921136, 17.83148839717537], [74.62720786059843, 17.830182241109533], [74.62720786059843, 17.83279455324121], [74.6264918533895, 17.839978411603333], [74.6264918533895, 17.84063148963625], [74.62684985699396, 17.840304950619792], [74.6365159543145, 17.82952916307661], [74.64009599035914, 17.832141475208292], [74.6404539939636, 17.83246801422475], [74.64833007326182, 17.838672255537492], [74.64331802279932, 17.839651872586874], [74.65226811291093, 17.844223418817315], [74.64439203361272, 17.847815347998374], [74.65334212372431, 17.862836142755537], [74.6655142462761, 17.86348922078846], [74.67876037964129, 17.850101121113596], [74.67697036161897, 17.835080326356433], [74.68950048777522, 17.82985570209307], [74.68305642289486, 17.812222595204226], [74.68878448056628, 17.804059119792726], [74.70238861753593, 17.808957205039626], [74.70203061393147, 17.798507956512903], [74.69236451661094, 17.797528339463526], [74.70596865358058, 17.795569105364763], [74.6977345706779, 17.789038325035563], [74.71241271846094, 17.795569105364763], [74.71420273648326, 17.786099473887422], [74.74570705367611, 17.801120268644585], [74.73568295275112, 17.79132409815078], [74.7528671257654, 17.787732168969722], [74.75573115460112, 17.77369099126194], [74.74534905007165, 17.7838137007722], [74.75071910413862, 17.7723848351961], [74.73926298879576, 17.76781328896566], [74.75501514739219, 17.76944598404796], [74.75644716181004, 17.758670196504777], [74.76110120866808, 17.768466366998577], [74.7628912266904, 17.757690579455396], [74.7790013888913, 17.7756502253607], [74.83735597641899, 17.72666937289169], [74.8692182972163, 17.72634283387523], [74.86456425035827, 17.69532162731152], [74.86456425035827, 17.694342010262144], [74.86420624675381, 17.69401547124568], [74.88389644499935, 17.68258660566958], [74.88461245220827, 17.68226006665312], [74.9064506720806, 17.626748433854907], [74.87995840535024, 17.604543780735625], [74.87566236209666, 17.569604105974395], [74.85704617466452, 17.559807935480595], [74.85991020350023, 17.511153622028043], [74.80799968085292, 17.454988911196914], [74.80620966283058, 17.45335621611461], [74.79260552586095, 17.45923391841089], [74.68520444452164, 17.48731627382646], [74.69451253823772, 17.478826259398495], [74.69594455265558, 17.441274272505588], [74.68126640487255, 17.422008470534443], [74.68592045173058, 17.395232271184717], [74.67088430034308, 17.388374951839058], [74.65978618860468, 17.39817112233286], [74.62505983897164, 17.40078343446454], [74.62398582815825, 17.415804229221703], [74.59570354340556, 17.44845813086771], [74.58353142085377, 17.413518456106484], [74.52768285855734, 17.419396158402765], [74.49761055578234, 17.383150327575695], [74.46825426021627, 17.393599576102417], [74.43137988895644, 17.390660724954277], [74.39522152490554, 17.40829383184312], [74.34366900586268, 17.40992652692542], [74.34689103830286, 17.421028853485065], [74.28388240391713, 17.420049236435684], [74.25488411195553, 17.361598752489332], [74.26097017323143, 17.353435277077832], [74.28889445437964, 17.356374128225973], [74.28889445437964, 17.356374128225973], [74.27994436426803, 17.336455248221906], [74.29211648681982, 17.311964821987402], [74.26240218764929, 17.307066736740502], [74.25560011916446, 17.293025559032717], [74.26383420206713, 17.25645318918919], [74.28853645077517, 17.246330479678928], [74.28495641473053, 17.232289301971143], [74.26598222369392, 17.221840053444424], [74.28531441833499, 17.2048600245885], [74.28316639670821, 17.19800270524284], [74.27743833903678, 17.17841036425523], [74.26634022729839, 17.187226917699654], [74.2480820434707, 17.183308449502135], [74.2541681047466, 17.171226505893113], [74.23268788847874, 17.154246477037187], [74.24736603626178, 17.15489955507011], [74.24665002905284, 17.141184916378787], [74.17719732978676, 17.149348391790287], [74.1567911243323, 17.125184504572243], [74.13101486481087, 17.11538833407844], [74.13101486481087, 17.11538833407844], [74.11096666296086, 17.124857965555783], [74.09414049355105, 17.101673695387117], [74.09342448634212, 17.101020617354198], [74.05153806461979, 17.105265624568176], [74.03077385556087, 17.090571368827476], [73.98387538337603, 17.11800064621012], [73.97957934012246, 17.131715284901443], [73.94055694723585, 17.133674519000202], [73.89974453632692, 17.15979764031701], [73.8839923777305, 17.15522609408657], [73.86967223355191, 17.190818846880717], [73.84962403170191, 17.1983292442593], [73.83422987670994, 17.226085060658402], [73.7654931846528, 17.25024894787645], [73.74580298640726, 17.277351686242636], [73.71966872328136, 17.25971857935379], [73.69389246375994, 17.26069819640317], [73.69389246375994, 17.26167781345255], [73.6781403051635, 17.294658254115017], [73.67778230155903, 17.294984793131476], [73.68386836283493, 17.35212912101199], [73.67670829074564, 17.368129532818532], [73.64126593390368, 17.39098726397074], [73.66632618621618, 17.39229342003658], [73.68959642050636, 17.422661548567365], [73.70320055747601, 17.423967704633206], [73.70642258991619, 17.465438159723632], [73.69353446015546, 17.48698973481], [73.70749660072957, 17.49417359317212], [73.70176854305815, 17.50560245874822], [73.72110073769922, 17.526500955801666], [73.74007492873582, 17.53335827514733], [73.74508697919833, 17.555889467283073], [73.71501467642332, 17.573849113188377], [73.72647079176619, 17.589522985978462], [73.71286665479654, 17.608135709916684], [73.72002672688583, 17.620544192542166], [73.69031242771528, 17.628054589920747], [73.69997852503583, 17.658422718451536], [73.68064633039475, 17.67801505943914], [73.68673239167065, 17.686831612883562], [73.65057402761975, 17.709036266002848], [73.63446386541885, 17.696627783377362], [73.61441566356885, 17.713607812233285], [73.59042942206975, 17.702832024690103], [73.56859120219741, 17.72405706076001], [73.59221944009207, 17.77662984241008], [73.5818373355626, 17.789038325035563], [73.60331755183046, 17.795242566348303], [73.58434336079385, 17.82920262406015], [73.5957994761367, 17.851080738162977], [73.57897330672688, 17.86218306472262], [73.57754129230902, 17.86512191587076], [73.5757512742867, 17.8680607670189], [73.57217123824206, 17.875244625381022], [73.56286314452599, 17.893857349319244], [73.53422285616884, 17.898102356533226], [73.56357915173491, 17.916715080471448], [73.57897330672688, 17.945777052936396], [73.59758949415902, 17.939246272607193], [73.63840190506797, 17.97157363523674], [73.62837780414296, 17.989533281142045], [73.65594408168671, 18.012391012294252], [73.64878400959742, 18.02284026082097], [73.65701809250011, 18.029697580166633]]]}}, {"type": "Feature", "properties": {"state": "Maharashtra", "district": "Ratnagiri", "district_key": "Maharashtra|Ratnagiri"}, "geometry": {"type": "Polygon", "coordinates": [[[73.57217123824206, 17.875244625381022], [73.5757512742867, 17.8680607670189], [73.57754129230902, 17.86512191587076], [73.57897330672688, 17.86218306472262], [73.5957994761367, 17.851080738162977], [73.58434336079385, 17.82920262406015], [73.60331755183046, 17.795242566348303], [73.5818373355626, 17.789038325035563], [73.59221944009207, 17.77662984241008], [73.56859120219741, 17.72405706076001], [73.59042942206975, 17.702832024690103], [73.61441566356885, 17.713607812233285], [73.63446386541885, 17.696627783377362], [73.65057402761975, 17.709036266002848], [73.68673239167065, 17.686831612883562], [73.68064633039475, 17.67801505943914], [73.69997852503583, 17.658422718451536], [73.69031242771528, 17.628054589920747], [73.72002672688583, 17.620544192542166], [73.71286665479654, 17.608135709916684], [73.72647079176619, 17.589522985978462], [73.71501467642332, 17.573849113188377], [73.74508697919833, 17.555889467283073], [73.74007492873582, 17.53335827514733], [73.72110073769922, 17.526500955801666], [73.70176854305815, 17.50560245874822], [73.70749660072957, 17.49417359317212], [73.69353446015546, 17.48698973481], [73.70642258991619, 17.465438159723632], [73.70320055747601, 17.423967704633206], [73.68959642050636, 17.422661548567365], [73.66632618621618, 17.39229342003658], [73.64126593390368, 17.39098726397074], [73.67670829074564, 17.368129532818532], [73.68386836283493, 17.35212912101199], [73.67778230155903, 17.294984793131476], [73.6781403051635, 17.294658254115017], [73.69389246375994, 17.26167781345255], [73.69389246375994, 17.26069819640317], [73.69353446015546, 17.261024735419632], [73.69281845294654, 17.230656606888843], [73.71501467642332, 17.20714579770372], [73.69353446015546, 17.179716520321072], [73.693176456551, 17.179716520321072], [73.69460847096886, 17.179063442288154], [73.70713859712511, 17.17089996687665], [73.70749660072957, 17.17089996687665], [73.68601638446171, 17.15849148425117], [73.6881644060885, 17.141184916378787], [73.71036062956529, 17.142817611461087], [73.73685289629564, 17.120612958341802], [73.74759300442958, 17.127796816703924], [73.74830901163851, 17.128123355720383], [73.8055895883528, 17.084040588498272], [73.80272555951709, 17.06118285734607], [73.83029183706084, 17.058244006197928], [73.82098374334477, 17.037998587177405], [73.83243985868762, 17.024610487502542], [73.8317238514787, 16.997181210119894], [73.83136584787424, 16.990323890774235], [73.82527978659834, 16.990650429790694], [73.78625739371172, 16.992936202905913], [73.76262915581708, 16.959955762243446], [73.79592349103227, 16.92860801666328], [73.7894794261519, 16.909995292725057], [73.78804741173406, 16.906729902560457], [73.76477717744386, 16.910321831741516], [73.76119714139922, 16.901831817313553], [73.74007492873582, 16.912281065840276], [73.7382849107135, 16.906729902560457], [73.73864291431798, 16.902811434362935], [73.7493830224519, 16.901178739280635], [73.74651899361619, 16.88485178845763], [73.76799920988405, 16.86787175960171], [73.7654931846528, 16.851544808778705], [73.76513518104834, 16.848932496647024], [73.75224705128761, 16.8352178579557], [73.73685289629564, 16.844687489433042], [73.70964462235636, 16.82934015565942], [73.76119714139922, 16.801910878276775], [73.75367906570547, 16.78525738843731], [73.76083913779476, 16.77056313269661], [73.78124534324922, 16.77840006909165], [73.78160334685369, 16.77872660810811], [73.7866153973162, 16.77056313269661], [73.79234345498762, 16.762726196301564], [73.81239165683762, 16.768603898597846], [73.81310766404656, 16.768277359581386], [73.81525568567334, 16.766318125482627], [73.82885982264298, 16.753909642857142], [73.83279786229208, 16.7428073162975], [73.8356618911278, 16.73497037990246], [73.83637789833674, 16.73399076285308], [73.83422987670994, 16.73170498973786], [73.8106016388153, 16.707541102519812], [73.85857412181352, 16.681744520219468], [73.84998203530638, 16.673581044807968], [73.86322816867155, 16.669662576610445], [73.8628701650671, 16.669009498577527], [73.86072214344031, 16.664437952347086], [73.85463608216442, 16.65170293070514], [73.85356207135102, 16.651376391688682], [73.8517720533287, 16.648111001524082], [73.85141404972424, 16.649417157589923], [73.84640199926173, 16.6503967746393], [73.83100784426976, 16.64843754054054], [73.77480127836887, 16.664111413330623], [73.77193724953315, 16.664764491363545], [73.7644191738394, 16.64353945529364], [73.75260505489209, 16.64092714316196], [73.76871521709297, 16.624600192338956], [73.76728320267512, 16.60239553921967], [73.70892861514743, 16.602069000203212], [73.69997852503583, 16.624926731355416], [73.69138643852868, 16.624600192338956], [73.67026422586528, 16.58378281528145], [73.66059812854475, 16.589007439544808], [73.66525217540278, 16.580843964133308], [73.6480680023885, 16.574966261837027], [73.64556197715724, 16.564190474293845], [73.64484596994832, 16.561578162162164], [73.62050172484474, 16.58215012019915], [73.59973751578582, 16.54427159428978], [73.59902150857688, 16.54361851625686], [73.57861530312242, 16.544598133306238], [73.54353094988491, 16.515209621824834], [73.51990271199027, 16.524352714285715], [73.51274263990098, 16.513576926742534], [73.49663247770009, 16.519781168055275], [73.46799218934294, 16.49398458575493], [73.46620217132062, 16.49463766378785], [73.417155677509, 16.514883082808375], [73.36882519090632, 16.51325038772607], [73.36452914765275, 16.51325038772607], [73.34627096382508, 16.529577338549075], [73.31834668267686, 16.593905524791708], [73.3197786970947, 16.607620163483034], [73.33946889534025, 16.60402823430197], [73.3519990214965, 16.615130560861616], [73.34949299626525, 16.623294036273116], [73.33016080162417, 16.620028646108516], [73.34161691696704, 16.63831483103028], [73.32335873313936, 16.63635559693152], [73.32156871511704, 16.6438659943101], [73.33302483045989, 16.6503967746393], [73.32944479441525, 16.68533644940053], [73.34125891336257, 16.680111825137168], [73.34483894940722, 16.69088761268035], [73.34125891336257, 16.69709185399309], [73.33016080162417, 16.68696914448283], [73.31834668267686, 16.69676531497663], [73.30545855291614, 16.73039883367202], [73.31834668267686, 16.805502807457835], [73.2957924555956, 16.816605134017475], [73.28827437990185, 16.857095972058524], [73.30044650245364, 16.860687901239586], [73.28612635827507, 16.88028024222719], [73.30331053128936, 16.89138256878683], [73.29436044117774, 16.898566427148953], [73.276818264559, 16.892035646819753], [73.28684236548399, 16.916526073054257], [73.28218831862596, 16.950486130766105], [73.29221241955096, 16.956037294045927], [73.2957924555956, 16.98411964946149], [73.27896628618578, 16.992936202905913], [73.27180621409649, 16.986405422576713], [73.26894218526078, 16.998487366185735], [73.28147231141703, 16.998160827169276], [73.28290432583489, 17.01318162192644], [73.25533804829114, 17.02689626061776], [73.25820207712685, 17.048121296687665], [73.276818264559, 17.035712814062183], [73.28755837269293, 17.05301938193457], [73.28934839071525, 17.11538833407844], [73.28469434385721, 17.101020617354198], [73.27789227537238, 17.11342909997968], [73.26751017084293, 17.112449482930298], [73.26393013479827, 17.154246477037187], [73.26607815642507, 17.15489955507011], [73.25211601585096, 17.190165768847795], [73.23135180679202, 17.1983292442593], [73.24388193294827, 17.200288478358058], [73.24495594376167, 17.222493131477343], [73.22383373109827, 17.24763663574477], [73.2234757274938, 17.265596281650073], [73.20664955808398, 17.281596693456613], [73.2045015364572, 17.26951474984759], [73.20414353285274, 17.289433629851658], [73.18982338867416, 17.298903261329], [73.19662545715899, 17.30674019772404], [73.22311772388935, 17.3021686514936], [73.22669775993398, 17.281596693456613], [73.2496099906197, 17.280943615423695], [73.23958588969471, 17.30282172952652], [73.24423993655275, 17.321760992481202], [73.21917968424023, 17.329271389859784], [73.2306357995831, 17.335475631172528], [73.21524164459113, 17.34592487969925], [73.22598175272506, 17.35376181609429], [73.20736556529292, 17.386089178723836], [73.18409533100274, 17.384783022658], [73.16798516880183, 17.404375363645602], [73.18731736344292, 17.414498073155862], [73.1883913742563, 17.43115156299533], [73.21166160854648, 17.43768234332453], [73.18695935983845, 17.44225388955497], [73.18409533100274, 17.455641989229832], [73.19447743553219, 17.464785081690714], [73.17908328054023, 17.506582075797603], [73.15509703904112, 17.529113267933347], [73.13755486242238, 17.556542545315992], [73.14364092369826, 17.570583723023777], [73.15617104985452, 17.566338715809795], [73.16798516880183, 17.577114503352977], [73.17013319042863, 17.569604105974395], [73.1772932625179, 17.5826656666328], [73.13755486242238, 17.610748022048366], [73.12681475428845, 17.637524221398092], [73.14471493451165, 17.63850383844747], [73.11464263173666, 17.68421930075188], [73.1171486569679, 17.697933939443203], [73.14006088765362, 17.702505485673644], [73.13504883719112, 17.71524050731559], [73.14471493451165, 17.72242436567771], [73.13433282998218, 17.717852819447266], [73.11249461010986, 17.789364864052022], [73.09566844070004, 17.811242978154848], [73.08922437581968, 17.808304127006707], [73.09387842267772, 17.841284567669174], [73.07168219920094, 17.893530810302785], [73.05270800816433, 17.904633136862426], [73.05557203700003, 17.932062414245074], [73.03838786398575, 17.934674726376755], [73.02872176666521, 17.950022060150378], [73.030869788292, 17.969287862121522], [73.04483192886612, 17.982349422779922], [73.0459059396795, 17.983329039829304], [73.08564433977504, 17.989859820158504], [73.11500063534112, 17.980063649664704], [73.12072869301255, 17.987574047043285], [73.17299721926433, 18.05908609164804], [73.17442923368219, 18.058759552631578], [73.19161340669649, 18.0577799355822], [73.2045015364572, 18.069208801158304], [73.22633975632952, 18.05647377951636], [73.28755837269293, 18.071494574273522], [73.2947184447822, 18.05810647459866], [73.28970639431971, 18.035901821479374], [73.30044650245364, 18.02414641688681], [73.32765477639293, 18.024799494919733], [73.33409884127329, 18.01108485622841], [73.34555495661614, 18.026105650985574], [73.35880108998133, 18.00586023196505], [73.35915909358579, 18.00520715393213], [73.34161691696704, 17.972226713269663], [73.37383724136882, 17.92553163391587], [73.37097321253312, 17.887979647022963], [73.40605756577061, 17.88373463980898], [73.42646377122509, 17.909204683092867], [73.43684587575454, 17.903653519813048], [73.44543796226169, 17.851407277179437], [73.46119012085812, 17.86708114996952], [73.4894724056108, 17.86708114996952], [73.50629857502062, 17.851080738162977], [73.53386485256438, 17.883408100792522], [73.55283904360098, 17.8664280719366], [73.55928310848134, 17.86936692308474], [73.57217123824206, 17.875244625381022]]]}}, {"type": "Feature", "properties": {"state": "Maharashtra", "district": "Sangli", "district_key": "Maharashtra|Sangli"}, "geometry": {"type": "Polygon", "coordinates": [[[74.9064506720806, 17.626748433854907], [74.90931470091631, 17.619564575492788], [74.92327684149042, 17.618911497459866], [74.9154007621922, 17.580053354501118], [74.96050921635471, 17.59180875909368], [74.96122522356364, 17.564706020727495], [74.98521146506275, 17.544787140723432], [74.93688097846007, 17.509847465962203], [74.96731128483954, 17.473601635135136], [74.97124932448864, 17.469030088904695], [74.9737553497199, 17.465764698740095], [74.97554536774221, 17.466744315789473], [75.02709788678507, 17.4951532102215], [75.02852990120293, 17.49417359317212], [75.0328259444565, 17.49090820300752], [75.03855400212794, 17.476540486283277], [75.03461596247882, 17.419069619386306], [75.02280184353151, 17.407640753810202], [75.00597567412169, 17.413518456106484], [74.997741591219, 17.406008058727902], [74.99344554796544, 17.39229342003658], [75.007765692144, 17.368129532818532], [74.97017531367526, 17.344292184616947], [74.95907720193685, 17.293352098049176], [74.9365229748556, 17.284862083621217], [74.93616497125115, 17.275065913127413], [74.90824069010291, 17.274086296078032], [74.88532845941721, 17.220860436395043], [74.84845408815738, 17.203880407539117], [74.8692182972163, 17.21008464885186], [74.86277423233595, 17.196370010160535], [74.8713663188431, 17.189839229831335], [74.89463655313328, 17.194737315078235], [74.88604446662613, 17.180043059337535], [74.89964860359578, 17.184614605567976], [74.92077081625918, 17.16632842064621], [74.93330094241543, 17.16861419376143], [74.94833709380292, 17.174818435074172], [74.95048511542971, 17.192125002946558], [74.93902900008685, 17.192778080979476], [74.95048511542971, 17.202247712456817], [74.977693389369, 17.192451541963017], [75.00919770656186, 17.20877849278602], [75.01456776062882, 17.225758521641943], [75.077934398619, 17.221840053444424], [75.07972441664133, 17.246983557711847], [75.09332855361097, 17.25090202590937], [75.1151667734833, 17.240126238366187], [75.17924941868242, 17.235554692135747], [75.19321155925653, 17.268208593781754], [75.20395166739046, 17.270820905913432], [75.22614789086724, 17.25351433804105], [75.2476281071351, 17.25677972820565], [75.23867801702349, 17.21563581213168], [75.21397576831545, 17.19963540032514], [75.2225678548226, 17.183308449502135], [75.26910832340296, 17.184288066551513], [75.27018233421636, 17.147715696707987], [75.29595859373778, 17.146083001625687], [75.30419267664047, 17.17024688884373], [75.283786471186, 17.192778080979476], [75.28700850362618, 17.21563581213168], [75.32996893616189, 17.218901202296284], [75.33426497941547, 17.239146621316806], [75.36576929660833, 17.236207770168665], [75.36970733625743, 17.190492307864258], [75.40586570030834, 17.185267683600895], [75.40192766065923, 17.21106426590124], [75.42125985530029, 17.265596281650073], [75.47173836352977, 17.243065089514328], [75.51684681769227, 17.240126238366187], [75.54405509163156, 17.278004764275554], [75.60455770078603, 17.30510750264174], [75.62245788100925, 17.29531133214794], [75.62782793507621, 17.274412835094495], [75.65432020180657, 17.273759757061573], [75.65790023785122, 17.26298396951839], [75.66183827750032, 17.214656195082302], [75.640000057628, 17.188859612781954], [75.62854394228515, 17.188859612781954], [75.62567991344943, 17.174165357041254], [75.64930815134407, 17.134327597033124], [75.65074016576193, 17.115714873094902], [75.67257838563425, 17.11604141211136], [75.67687442888783, 17.06542786456005], [75.65038216215747, 17.057264389148546], [75.6410740684414, 17.037672048160942], [75.66971435679854, 17.037998587177405], [75.66577631714944, 16.979874642247513], [75.67508441086551, 16.965506925523268], [75.64214807925478, 16.954731137980087], [75.6339139963521, 16.97040501077017], [75.60777973322621, 16.97105808880309], [75.60706372601729, 17.004691607498476], [75.57305338359318, 17.00958969274538], [75.5676833295262, 16.965833464539728], [75.52937694384852, 16.96942539372079], [75.48892253654405, 16.944281889453364], [75.4835524824771, 16.97628271306645], [75.46565230225387, 16.988364656675472], [75.44166606075477, 16.98248695437919], [75.42806192378512, 16.96681308158911], [75.39226156333869, 16.980201181263972], [75.35001713801189, 16.957996528144687], [75.27949042793243, 16.956363833062387], [75.27949042793243, 16.92338339239992], [75.28987253246189, 16.904117590428775], [75.28199645316367, 16.88028024222719], [75.26481228014939, 16.862647135338346], [75.23796200981457, 16.86787175960171], [75.22793790888956, 16.8433813333672], [75.21433377191993, 16.8417486382849], [75.18175544391366, 16.8433813333672], [75.18891551600295, 16.87505561796383], [75.1763853898467, 16.86787175960171], [75.13664698975116, 16.87440253993091], [75.13485697172884, 16.894647958951435], [75.11767279871455, 16.913587221906116], [75.09655058605115, 16.913587221906116], [75.08939051396187, 16.951792286831946], [75.02530786876275, 16.92795493863036], [75.02673988318061, 16.943955350436905], [74.99308754436096, 16.952118825848405], [74.96444725600382, 16.947547279617964], [74.96444725600382, 16.92664878256452], [74.93186892799757, 16.944608428469824], [74.92184482707256, 16.92958763371266], [74.95549716589221, 16.905097207478157], [74.96373124879489, 16.909668753708598], [74.96050921635471, 16.88093332026011], [74.9014386216181, 16.862647135338346], [74.91969680544578, 16.77219582777891], [74.86957630082077, 16.774155061877668], [74.86563826117167, 16.763052735318027], [74.84988610257524, 16.772848905811827], [74.84451604850827, 16.761746579252186], [74.79582755830113, 16.7477054015444], [74.77184131680201, 16.750644252692542], [74.73246092031094, 16.718316890062997], [74.69558654905111, 16.715378038914857], [74.69236451661094, 16.715378038914857], [74.69880858149129, 16.734317301869538], [74.64403403000824, 16.753256564824223], [74.62684985699396, 16.788522778601912], [74.56061919016807, 16.806155885490753], [74.5541751252877, 16.82476860942898], [74.51694275042341, 16.858728667140827], [74.51479472879663, 16.840769021235523], [74.4990425702002, 16.82934015565942], [74.49653654496895, 16.856116355009146], [74.47505632870109, 16.868198298618168], [74.45858816289572, 16.852197886811624], [74.40739364745733, 16.846646723531805], [74.41598573396448, 16.87538215698029], [74.40202359339037, 16.882566015342412], [74.36228519329482, 16.853504042877464], [74.35405111039215, 16.872116766815687], [74.29247449042428, 16.896280654033735], [74.28209238589481, 16.91848530715302], [74.23877394975463, 16.885831405507012], [74.22230578394928, 16.913260682889657], [74.21049166500195, 16.89301526386913], [74.17469130455552, 16.902158356330016], [74.14605101619837, 16.88321909337533], [74.12063276028141, 16.912934143873198], [74.09091846111087, 16.917832229120098], [74.0655002051939, 16.902158356330016], [74.0655002051939, 16.902484895346475], [74.03864993485908, 16.922730314366998], [74.03578590602336, 16.938730726173542], [74.02289777626265, 16.9406899602723], [74.02361378347157, 16.98411964946149], [73.99139345906978, 16.997181210119894], [73.97564130047336, 16.989344273724853], [73.9742092860555, 16.988691195691935], [73.97385128245104, 16.989997351757772], [73.97349327884658, 16.991956585856535], [73.969197235593, 17.00665084159724], [73.97564130047336, 17.00828353667954], [73.979221336518, 17.030814728815283], [73.979221336518, 17.034406657996342], [73.93196486072871, 17.07293826193863], [73.92945883549746, 17.07457095702093], [73.91406468050549, 17.07065248882341], [73.90081854714032, 17.098734844238976], [73.87325226959656, 17.11669449014428], [73.8757582948278, 17.127143738671002], [73.86645020111173, 17.135633753098965], [73.84783401367959, 17.15196070392197], [73.77587528918227, 17.182002293436295], [73.76764120627958, 17.17351227900833], [73.77193724953315, 17.147715696707987], [73.74830901163851, 17.153919938020728], [73.74651899361619, 17.154246477037187], [73.74258095396708, 17.176451130156472], [73.72074273409476, 17.16894073277789], [73.71071863316975, 17.172859200975413], [73.70713859712511, 17.17089996687665], [73.69460847096886, 17.179063442288154], [73.693176456551, 17.179716520321072], [73.69353446015546, 17.179716520321072], [73.71501467642332, 17.20714579770372], [73.69281845294654, 17.230656606888843], [73.69353446015546, 17.261024735419632], [73.69389246375994, 17.26069819640317], [73.71966872328136, 17.25971857935379], [73.74580298640726, 17.277351686242636], [73.7654931846528, 17.25024894787645], [73.83422987670994, 17.226085060658402], [73.84962403170191, 17.1983292442593], [73.86967223355191, 17.190818846880717], [73.8839923777305, 17.15522609408657], [73.89974453632692, 17.15979764031701], [73.94055694723585, 17.133674519000202], [73.97957934012246, 17.131715284901443], [73.98387538337603, 17.11800064621012], [74.03077385556087, 17.090571368827476], [74.05153806461979, 17.105265624568176], [74.09342448634212, 17.101020617354198], [74.09414049355105, 17.101673695387117], [74.11096666296086, 17.124857965555783], [74.13101486481087, 17.11538833407844], [74.13101486481087, 17.11538833407844], [74.1567911243323, 17.125184504572243], [74.17719732978676, 17.149348391790287], [74.24665002905284, 17.141184916378787], [74.24736603626178, 17.15489955507011], [74.23268788847874, 17.154246477037187], [74.2541681047466, 17.171226505893113], [74.2480820434707, 17.183308449502135], [74.26634022729839, 17.187226917699654], [74.27743833903678, 17.17841036425523], [74.28316639670821, 17.19800270524284], [74.28531441833499, 17.2048600245885], [74.26598222369392, 17.221840053444424], [74.28495641473053, 17.232289301971143], [74.28853645077517, 17.246330479678928], [74.26383420206713, 17.25645318918919], [74.25560011916446, 17.293025559032717], [74.26240218764929, 17.307066736740502], [74.29211648681982, 17.311964821987402], [74.27994436426803, 17.336455248221906], [74.28889445437964, 17.356374128225973], [74.28889445437964, 17.356374128225973], [74.26097017323143, 17.353435277077832], [74.25488411195553, 17.361598752489332], [74.28388240391713, 17.420049236435684], [74.34689103830286, 17.421028853485065], [74.34366900586268, 17.40992652692542], [74.39522152490554, 17.40829383184312], [74.43137988895644, 17.390660724954277], [74.46825426021627, 17.393599576102417], [74.49761055578234, 17.383150327575695], [74.52768285855734, 17.419396158402765], [74.58353142085377, 17.413518456106484], [74.59570354340556, 17.44845813086771], [74.62398582815825, 17.415804229221703], [74.62505983897164, 17.40078343446454], [74.65978618860468, 17.39817112233286], [74.67088430034308, 17.388374951839058], [74.68592045173058, 17.395232271184717], [74.68126640487255, 17.422008470534443], [74.69594455265558, 17.441274272505588], [74.69451253823772, 17.478826259398495], [74.68520444452164, 17.48731627382646], [74.79260552586095, 17.45923391841089], [74.80620966283058, 17.45335621611461], [74.80799968085292, 17.454988911196914], [74.85991020350023, 17.511153622028043], [74.85704617466452, 17.559807935480595], [74.87566236209666, 17.569604105974395], [74.87995840535024, 17.604543780735625], [74.9064506720806, 17.626748433854907]]]}}, {"type": "Feature", "properties": {"state": "Maharashtra", "district": "Kolhapur", "district_key": "Maharashtra|Kolhapur"}, "geometry": {"type": "Polygon", "coordinates": [[[73.8517720533287, 16.648111001524082], [73.85356207135102, 16.651376391688682], [73.85463608216442, 16.65170293070514], [73.86072214344031, 16.664437952347086], [73.8628701650671, 16.669009498577527], [73.86322816867155, 16.669662576610445], [73.84998203530638, 16.673581044807968], [73.85857412181352, 16.681744520219468], [73.8106016388153, 16.707541102519812], [73.83422987670994, 16.73170498973786], [73.83637789833674, 16.73399076285308], [73.8356618911278, 16.73497037990246], [73.83279786229208, 16.7428073162975], [73.82885982264298, 16.753909642857142], [73.81525568567334, 16.766318125482627], [73.81310766404656, 16.768277359581386], [73.81239165683762, 16.768603898597846], [73.79234345498762, 16.762726196301564], [73.7866153973162, 16.77056313269661], [73.78160334685369, 16.77872660810811], [73.78124534324922, 16.77840006909165], [73.76083913779476, 16.77056313269661], [73.75367906570547, 16.78525738843731], [73.76119714139922, 16.801910878276775], [73.70964462235636, 16.82934015565942], [73.73685289629564, 16.844687489433042], [73.75224705128761, 16.8352178579557], [73.76513518104834, 16.848932496647024], [73.7654931846528, 16.851544808778705], [73.76799920988405, 16.86787175960171], [73.74651899361619, 16.88485178845763], [73.7493830224519, 16.901178739280635], [73.73864291431798, 16.902811434362935], [73.7382849107135, 16.906729902560457], [73.74007492873582, 16.912281065840276], [73.76119714139922, 16.901831817313553], [73.76477717744386, 16.910321831741516], [73.78804741173406, 16.906729902560457], [73.7894794261519, 16.909995292725057], [73.79592349103227, 16.92860801666328], [73.76262915581708, 16.959955762243446], [73.78625739371172, 16.992936202905913], [73.82527978659834, 16.990650429790694], [73.83136584787424, 16.990323890774235], [73.8317238514787, 16.997181210119894], [73.83243985868762, 17.024610487502542], [73.82098374334477, 17.037998587177405], [73.83029183706084, 17.058244006197928], [73.80272555951709, 17.06118285734607], [73.8055895883528, 17.084040588498272], [73.74830901163851, 17.128123355720383], [73.74759300442958, 17.127796816703924], [73.73685289629564, 17.120612958341802], [73.71036062956529, 17.142817611461087], [73.6881644060885, 17.141184916378787], [73.68601638446171, 17.15849148425117], [73.70749660072957, 17.17089996687665], [73.70713859712511, 17.17089996687665], [73.71071863316975, 17.172859200975413], [73.72074273409476, 17.16894073277789], [73.74258095396708, 17.176451130156472], [73.74651899361619, 17.154246477037187], [73.74830901163851, 17.153919938020728], [73.77193724953315, 17.147715696707987], [73.76764120627958, 17.17351227900833], [73.77587528918227, 17.182002293436295], [73.84783401367959, 17.15196070392197], [73.86645020111173, 17.135633753098965], [73.8757582948278, 17.127143738671002], [73.87325226959656, 17.11669449014428], [73.90081854714032, 17.098734844238976], [73.91406468050549, 17.07065248882341], [73.92945883549746, 17.07457095702093], [73.93196486072871, 17.07293826193863], [73.979221336518, 17.034406657996342], [73.979221336518, 17.030814728815283], [73.97564130047336, 17.00828353667954], [73.969197235593, 17.00665084159724], [73.97349327884658, 16.991956585856535], [73.97385128245104, 16.989997351757772], [73.9742092860555, 16.988691195691935], [73.97564130047336, 16.989344273724853], [73.99139345906978, 16.997181210119894], [74.02361378347157, 16.98411964946149], [74.02289777626265, 16.9406899602723], [74.03578590602336, 16.938730726173542], [74.03864993485908, 16.922730314366998], [74.0655002051939, 16.902484895346475], [74.0655002051939, 16.902158356330016], [74.09091846111087, 16.917832229120098], [74.12063276028141, 16.912934143873198], [74.14605101619837, 16.88321909337533], [74.17469130455552, 16.902158356330016], [74.21049166500195, 16.89301526386913], [74.22230578394928, 16.913260682889657], [74.23877394975463, 16.885831405507012], [74.28209238589481, 16.91848530715302], [74.29247449042428, 16.896280654033735], [74.35405111039215, 16.872116766815687], [74.36228519329482, 16.853504042877464], [74.40202359339037, 16.882566015342412], [74.41598573396448, 16.87538215698029], [74.40739364745733, 16.846646723531805], [74.45858816289572, 16.852197886811624], [74.47505632870109, 16.868198298618168], [74.49653654496895, 16.856116355009146], [74.4990425702002, 16.82934015565942], [74.51479472879663, 16.840769021235523], [74.51694275042341, 16.858728667140827], [74.5541751252877, 16.82476860942898], [74.56061919016807, 16.806155885490753], [74.62684985699396, 16.788522778601912], [74.64403403000824, 16.753256564824223], [74.69880858149129, 16.734317301869538], [74.69236451661094, 16.715378038914857], [74.69558654905111, 16.715378038914857], [74.68950048777522, 16.68631606644991], [74.68090840126807, 16.68598952743345], [74.68950048777522, 16.677172973989027], [74.66515624267164, 16.665744108412923], [74.65370012732879, 16.638641370046738], [74.68735246614844, 16.618069412009756], [74.68878448056628, 16.608273241515953], [74.6393799831502, 16.610232475614712], [74.63579994710557, 16.583456276264986], [74.61897377769574, 16.584109354297908], [74.60107359747253, 16.564843552326764], [74.57243330911538, 16.55341468675066], [74.55596514331002, 16.562884318228004], [74.56706325504842, 16.58541551036375], [74.54379302075824, 16.59521168085755], [74.54450902796717, 16.635375979882138], [74.48937647287966, 16.63015135561878], [74.47183429626091, 16.664111413330623], [74.45500812685108, 16.6471313844747], [74.46682224579841, 16.606967085450112], [74.43531792860554, 16.60108938315383], [74.42207179524037, 16.584762432330827], [74.3966535393234, 16.583129737248527], [74.37982736991358, 16.528597721499697], [74.35798915004125, 16.538393891993497], [74.35619913201893, 16.5596189280634], [74.33973096621358, 16.54753698445438], [74.31610272831892, 16.5547208428165], [74.31502871750554, 16.504433834281652], [74.30643663099839, 16.50378075624873], [74.3014245805359, 16.529250799532615], [74.29175848321535, 16.533822345763056], [74.28316639670821, 16.524679253302175], [74.27242628857428, 16.54753698445438], [74.2641922056716, 16.540026587075797], [74.27851234985017, 16.50476037329811], [74.24736603626178, 16.496923436903067], [74.26097017323143, 16.479943408047145], [74.2742163065966, 16.485494571326967], [74.27958636066357, 16.50476037329811], [74.29104247600642, 16.50476037329811], [74.2892524579841, 16.463289918207682], [74.33257089412429, 16.45479990377972], [74.33507691935554, 16.40124750508027], [74.36371720771268, 16.40483943426133], [74.35333510318321, 16.3666343693355], [74.33615093016893, 16.393737107701686], [74.32469481482607, 16.378389773928063], [74.31717673913232, 16.381328625076204], [74.32720084005732, 16.342470482117456], [74.31538672111, 16.340184709002237], [74.32254679319928, 16.334307006705956], [74.31681873552786, 16.326796609327374], [74.32899085807965, 16.323857758179233], [74.325410822035, 16.31373504866897], [74.34259499504928, 16.298061175878885], [74.32075677517696, 16.284673076204022], [74.32469481482607, 16.271611515545622], [74.35082907795197, 16.27552998374314], [74.34581702748946, 16.293816168664907], [74.3594211644591, 16.290550778500304], [74.37302530142875, 16.26148880603536], [74.38269139874929, 16.27716267882544], [74.41455371954662, 16.282713842105263], [74.4177757519868, 16.2578968768543], [74.45500812685108, 16.25332533062386], [74.46861226382073, 16.240263769965456], [74.48078438637252, 16.250059940459256], [74.50333861345376, 16.225242975208293], [74.49617854136449, 16.214140648648648], [74.50835066391627, 16.202385244056085], [74.48006837916358, 16.146873611257874], [74.49080848729751, 16.11650548272709], [74.48436442241716, 16.091361978459663], [74.4277998529118, 16.111933936496648], [74.39020947444304, 16.089402744360903], [74.39092548165198, 16.080259651900022], [74.3726672978243, 16.07830041780126], [74.3615691860859, 16.054136530583214], [74.37732134468233, 16.055116147632596], [74.37338330503322, 16.03650342369437], [74.42994787453858, 16.059034615830118], [74.46216819894038, 16.049891523369233], [74.46324220975376, 16.03944227484251], [74.43102188535198, 15.956827903678114], [74.38698744200286, 15.905234739077423], [74.40631963664394, 15.855274269559033], [74.38841945642072, 15.854294652509653], [74.36479121852608, 15.893805873501321], [74.36371720771268, 15.875193149563097], [74.33829895179572, 15.854947730542573], [74.38304940235376, 15.849070028246292], [74.3604951752725, 15.816742665616745], [74.3705192761975, 15.810538424304005], [74.36908726177965, 15.78833377118472], [74.34581702748946, 15.764496422983134], [74.32326280040822, 15.772659898394636], [74.30786864541625, 15.748496011176591], [74.28567242193947, 15.741638691830929], [74.2681302453207, 15.754700252489332], [74.23841594615017, 15.743924464946149], [74.22767583801624, 15.756659486588092], [74.22839184522516, 15.78833377118472], [74.1729012865332, 15.773312976427556], [74.15356909189212, 15.787027615118879], [74.1589391459591, 15.821967289880106], [74.14318698736265, 15.821640750863645], [74.14569301259391, 15.832416538406829], [74.10846063772962, 15.821967289880106], [74.10309058366265, 15.84058001381833], [74.0816103673948, 15.83600846758789], [74.07230227367872, 15.830457304308068], [74.06693221961176, 15.814783431517984], [74.0343538916055, 15.802701487908962], [74.03077385556087, 15.834375772505588], [74.09342448634212, 15.872254298414957], [74.09414049355105, 15.897724341698842], [74.07337628449211, 15.948337889250153], [74.06227817275372, 15.941807108920951], [74.04509399973944, 15.956827903678114], [74.09449849715551, 16.007114912212966], [74.08626441425284, 16.017890699756148], [74.07337628449211, 16.02376840205243], [74.05977214752247, 16.050871140418614], [74.04401998892604, 16.030625721398092], [74.00141755999479, 16.038462657793133], [73.99855353115908, 16.03911573582605], [73.99461549150996, 16.060993849928877], [74.00750362127069, 16.0714430984556], [73.99031944825639, 16.0796065738671], [73.99210946627872, 16.092668134525503], [73.90511459039388, 16.099851992887626], [73.8979545183046, 16.088423127311522], [73.86322816867155, 16.094953907640726], [73.87253626238763, 16.106382773216826], [73.86072214344031, 16.106382773216826], [73.8417479524037, 16.091035439443203], [73.85964813262692, 16.06948386435684], [73.83351386950102, 16.093321212558422], [73.83315586589656, 16.093974290591344], [73.85248806053762, 16.137077440764074], [73.84425397763495, 16.152424774537696], [73.8628701650671, 16.138710135846374], [73.86609219750727, 16.146873611257874], [73.9079786192296, 16.137077440764074], [73.91621270213227, 16.17234365454176], [73.9430629724671, 16.174302888640522], [73.93661890758675, 16.185731754216622], [73.95093905176532, 16.201732166023167], [73.9219407598037, 16.201732166023167], [73.91871872736353, 16.21805911684617], [73.94055694723585, 16.243202621113596], [73.88864642458853, 16.228508365372893], [73.91657070573675, 16.245161855212356], [73.89079444621531, 16.255937642755537], [73.87862232366352, 16.279448451940663], [73.90081854714032, 16.30622465129039], [73.9040405795805, 16.327449687360293], [73.88614039935727, 16.328755843426134], [73.86251216146263, 16.308510424405608], [73.85463608216442, 16.31602082178419], [73.84532798844835, 16.30002040997765], [73.8467600028662, 16.31210235358667], [73.83995793438137, 16.31536774375127], [73.83852591996352, 16.31602082178419], [73.83816791635905, 16.31602082178419], [73.84604399565727, 16.325816992277993], [73.8317238514787, 16.345082794249137], [73.86358617227602, 16.36957322048364], [73.83387187310548, 16.40157404409673], [73.88721441017067, 16.448922201483438], [73.88757241377513, 16.4623103011583], [73.88363437412602, 16.476024939849626], [73.86251216146263, 16.474065705750863], [73.83888392356798, 16.507699224446252], [73.84461198123941, 16.527291565433856], [73.81453967846441, 16.54394505527332], [73.83100784426976, 16.54949621855314], [73.84640199926173, 16.573660105771186], [73.84067394159031, 16.586395127413127], [73.86143815064924, 16.612844787746393], [73.84819201728405, 16.64158022119488], [73.8517720533287, 16.648111001524082]]]}}, {"type": "Feature", "properties": {"state": "Maharashtra", "district": "Sindhudurg", "district_key": "Maharashtra|Sindhudurg"}, "geometry": {"type": "Polygon", "coordinates": [[[73.34627096382508, 16.529577338549075], [73.36452914765275, 16.51325038772607], [73.36882519090632, 16.51325038772607], [73.417155677509, 16.514883082808375], [73.46620217132062, 16.49463766378785], [73.46799218934294, 16.49398458575493], [73.49663247770009, 16.519781168055275], [73.51274263990098, 16.513576926742534], [73.51990271199027, 16.524352714285715], [73.54353094988491, 16.515209621824834], [73.57861530312242, 16.544598133306238], [73.59902150857688, 16.54361851625686], [73.59973751578582, 16.54427159428978], [73.62050172484474, 16.58215012019915], [73.64484596994832, 16.561578162162164], [73.64556197715724, 16.564190474293845], [73.6480680023885, 16.574966261837027], [73.66525217540278, 16.580843964133308], [73.66059812854475, 16.589007439544808], [73.67026422586528, 16.58378281528145], [73.69138643852868, 16.624600192338956], [73.69997852503583, 16.624926731355416], [73.70892861514743, 16.602069000203212], [73.76728320267512, 16.60239553921967], [73.76871521709297, 16.624600192338956], [73.75260505489209, 16.64092714316196], [73.7644191738394, 16.64353945529364], [73.77193724953315, 16.664764491363545], [73.77480127836887, 16.664111413330623], [73.83100784426976, 16.64843754054054], [73.84640199926173, 16.6503967746393], [73.85141404972424, 16.649417157589923], [73.8517720533287, 16.648111001524082], [73.84819201728405, 16.64158022119488], [73.86143815064924, 16.612844787746393], [73.84067394159031, 16.586395127413127], [73.84640199926173, 16.573660105771186], [73.83100784426976, 16.54949621855314], [73.81453967846441, 16.54394505527332], [73.84461198123941, 16.527291565433856], [73.83888392356798, 16.507699224446252], [73.86251216146263, 16.474065705750863], [73.88363437412602, 16.476024939849626], [73.88757241377513, 16.4623103011583], [73.88721441017067, 16.448922201483438], [73.83387187310548, 16.40157404409673], [73.86358617227602, 16.36957322048364], [73.8317238514787, 16.345082794249137], [73.84604399565727, 16.325816992277993], [73.83816791635905, 16.31602082178419], [73.83852591996352, 16.31602082178419], [73.83995793438137, 16.31536774375127], [73.8467600028662, 16.31210235358667], [73.84532798844835, 16.30002040997765], [73.85463608216442, 16.31602082178419], [73.86251216146263, 16.308510424405608], [73.88614039935727, 16.328755843426134], [73.9040405795805, 16.327449687360293], [73.90081854714032, 16.30622465129039], [73.87862232366352, 16.279448451940663], [73.89079444621531, 16.255937642755537], [73.91657070573675, 16.245161855212356], [73.88864642458853, 16.228508365372893], [73.94055694723585, 16.243202621113596], [73.91871872736353, 16.21805911684617], [73.9219407598037, 16.201732166023167], [73.95093905176532, 16.201732166023167], [73.93661890758675, 16.185731754216622], [73.9430629724671, 16.174302888640522], [73.91621270213227, 16.17234365454176], [73.9079786192296, 16.137077440764074], [73.86609219750727, 16.146873611257874], [73.8628701650671, 16.138710135846374], [73.84425397763495, 16.152424774537696], [73.85248806053762, 16.137077440764074], [73.83315586589656, 16.093974290591344], [73.83351386950102, 16.093321212558422], [73.85964813262692, 16.06948386435684], [73.8417479524037, 16.091035439443203], [73.86072214344031, 16.106382773216826], [73.87253626238763, 16.106382773216826], [73.86322816867155, 16.094953907640726], [73.8979545183046, 16.088423127311522], [73.90511459039388, 16.099851992887626], [73.99210946627872, 16.092668134525503], [73.99031944825639, 16.0796065738671], [74.00750362127069, 16.0714430984556], [73.99461549150996, 16.060993849928877], [73.99855353115908, 16.03911573582605], [74.00141755999479, 16.038462657793133], [74.04401998892604, 16.030625721398092], [74.05977214752247, 16.050871140418614], [74.07337628449211, 16.02376840205243], [74.08626441425284, 16.017890699756148], [74.09449849715551, 16.007114912212966], [74.04509399973944, 15.956827903678114], [74.06227817275372, 15.941807108920951], [74.07337628449211, 15.948337889250153], [74.09414049355105, 15.897724341698842], [74.09342448634212, 15.872254298414957], [74.03077385556087, 15.834375772505588], [74.0343538916055, 15.802701487908962], [74.06693221961176, 15.814783431517984], [74.07230227367872, 15.830457304308068], [74.0816103673948, 15.83600846758789], [74.10309058366265, 15.84058001381833], [74.10846063772962, 15.821967289880106], [74.14569301259391, 15.832416538406829], [74.14318698736265, 15.821640750863645], [74.1589391459591, 15.821967289880106], [74.15356909189212, 15.787027615118879], [74.1729012865332, 15.773312976427556], [74.2090596505841, 15.781149912822597], [74.20154157489034, 15.758618720686853], [74.1618031747948, 15.75143486232473], [74.12206477469927, 15.720740194777484], [74.13208887562426, 15.702454009855721], [74.1256448107439, 15.681228973785817], [74.08805443227516, 15.672412420341395], [74.11848473865462, 15.65184046230441], [74.11311468458766, 15.645962760008128], [74.03077385556087, 15.622451950823004], [74.02110775824032, 15.606125], [73.99103545546532, 15.61167616327982], [73.96740721757068, 15.630288887218045], [73.96382718152603, 15.69102514427962], [73.94377897967603, 15.69820900264174], [73.95165505897424, 15.716168648547043], [73.93876692921353, 15.74261830888031], [73.87540029122334, 15.750781784291812], [73.87933833087246, 15.773966054460477], [73.8628701650671, 15.79845648069498], [73.85535208937334, 15.800089175777282], [73.85141404972424, 15.780823373806138], [73.8295758298519, 15.764496422983134], [73.82492178299387, 15.740659074781549], [73.79270145859209, 15.736087528551108], [73.78518338289834, 15.725311741007925], [73.74258095396708, 15.735760989534647], [73.72826080978851, 15.720087116744564], [73.69389246375994, 15.722699428876245], [73.65379606005993, 15.74359792592969], [73.66596818261172, 15.755026791505792], [73.62658778612064, 15.851682340377973], [73.61369965635993, 15.854621191526114], [73.58863940404741, 15.909806285307864], [73.57002321661527, 15.912745136456005], [73.54030891744473, 15.93723556269051], [73.51023661466974, 15.93723556269051], [73.48983040921527, 15.987849110241822], [73.4833863443349, 16.03617688467791], [73.45689407760455, 16.053809991566755], [73.46620217132062, 16.072422715504977], [73.4583260920224, 16.080259651900022], [73.45653607400008, 16.12858742633611], [73.41178562344204, 16.272917671611463], [73.41464965227776, 16.284673076204022], [73.4343398505233, 16.284346537187563], [73.44937600191079, 16.30916350243853], [73.43362384331436, 16.284999615220485], [73.417155677509, 16.292510012599067], [73.40999560541972, 16.274223827677304], [73.38565136031615, 16.337245857854096], [73.38923139636078, 16.36108320605568], [73.39782348286793, 16.354552425726478], [73.43899389738134, 16.371858993598863], [73.4031935369349, 16.35945051097338], [73.39281143240544, 16.36075666703922], [73.39495945403222, 16.36794052540134], [73.38386134229383, 16.35879743294046], [73.3681091836974, 16.364022057203822], [73.37168921974204, 16.388839022454786], [73.37276323055544, 16.376104000812845], [73.38744137833847, 16.394390185734608], [73.39997150449472, 16.388512483438326], [73.4082055873974, 16.40679866836009], [73.48159632631258, 16.40941098049177], [73.49913850293134, 16.418227533936193], [73.46477015690276, 16.416268299837434], [73.47407825061883, 16.439126030989637], [73.4633381424849, 16.416268299837434], [73.42682177482955, 16.410390597541152], [73.4142916486733, 16.41267637065637], [73.41608166669562, 16.419860229018493], [73.3992554972858, 16.402553661146108], [73.36631916567508, 16.396675958849826], [73.35557905754115, 16.442391421154237], [73.36739317648846, 16.436513718857956], [73.38565136031615, 16.4492487404999], [73.3519990214965, 16.443697577220078], [73.32479074755722, 16.51292384870961], [73.3158406574456, 16.51292384870961], [73.31047060337863, 16.541332743141638], [73.33230882325097, 16.561904701178623], [73.34627096382508, 16.529577338549075]]]}}, {"type": "Feature", "properties": {"state": "Maharashtra", "district": "Raigad", "district_key": "Maharashtra|Raigad"}, "geometry": {"type": "Polygon", "coordinates": [[[73.52527276605723, 19.129154448587688], [73.52527276605723, 19.129154448587688], [73.5116686290876, 19.09486785185938], [73.51489066152777, 19.082785908250358], [73.52777879128848, 19.084418603332658], [73.52598877326616, 19.054377013818332], [73.51775469036349, 19.057642403982932], [73.51489066152777, 19.04621353840683], [73.51489066152777, 19.04621353840683], [73.54030891744473, 19.04784623348913], [73.53279084175098, 19.030539665616747], [73.53851889942241, 19.024335424304006], [73.54782699313849, 19.014212714793743], [73.55140702918312, 19.01029424659622], [73.5095206074608, 18.96588494035765], [73.4805223154992, 18.979926118065436], [73.47909030108134, 18.966538018390573], [73.46083211725366, 18.964905323308273], [73.4604741136492, 18.964905323308273], [73.4583260920224, 18.929639109530584], [73.44149992261258, 18.929312570514124], [73.43075981447865, 18.915597931822802], [73.4404259117992, 18.8992709809998], [73.44006790819472, 18.898291363950417], [73.43004380726973, 18.874127476732372], [73.40140351891257, 18.842779731152206], [73.38887339275632, 18.85290244066247], [73.3781332846224, 18.793145800650276], [73.3681091836974, 18.794778495732576], [73.34949299626525, 18.756573430806746], [73.35844308637685, 18.75559381375737], [73.35522105393667, 18.72130721702906], [73.33159281604203, 18.701388337024994], [73.34376493859382, 18.696163712761635], [73.35271502870543, 18.708898734403576], [73.36166511881704, 18.710531429485876], [73.36094911160811, 18.701061798008535], [73.37455324857775, 18.70922527342004], [73.38744137833847, 18.689306393415972], [73.38887339275632, 18.654693257671205], [73.36130711521257, 18.6367336117659], [73.3419749205715, 18.603753171103435], [73.33409884127329, 18.608651256350335], [73.3230007295349, 18.557711169782564], [73.33374083766883, 18.550200772403983], [73.35880108998133, 18.557711169782564], [73.34269092778042, 18.5312615094493], [73.35557905754115, 18.5328942045316], [73.38457734950275, 18.503179154033734], [73.39674947205454, 18.505138388132494], [73.37455324857775, 18.49305644452347], [73.37920729543579, 18.481627578947368], [73.36059110800365, 18.48423989107905], [73.36488715125722, 18.469545635338346], [73.37276323055544, 18.464321011074986], [73.38851538915186, 18.49175028845763], [73.4082055873974, 18.499913763869134], [73.40176152251705, 18.444402131070923], [73.3931694360099, 18.444402131070923], [73.39889749368133, 18.40064590286527], [73.42001970634472, 18.403584754013412], [73.4232417387849, 18.373216625482627], [73.44149992261258, 18.358195830725464], [73.42180972436705, 18.329786936293438], [73.42109371715812, 18.316398836618575], [73.4203777099492, 18.306276127108312], [73.4203777099492, 18.30366381497663], [73.42359974238937, 18.30366381497663], [73.43111781808312, 18.303010736943712], [73.44722798028401, 18.30203111989433], [73.47586826864115, 18.30007188579557], [73.47765828666348, 18.267417984149564], [73.50021251374473, 18.281785700873808], [73.51453265792331, 18.271989530380004], [73.50522456420723, 18.25598911857346], [73.53708688500456, 18.24325409693152], [73.52348274803491, 18.23215177037188], [73.53601287419116, 18.226927146108515], [73.52097672280367, 18.21092673430197], [73.53493886337777, 18.20472249298923], [73.52097672280367, 18.187089386100386], [73.52097672280367, 18.187089386100386], [73.53744488860902, 18.189375159215608], [73.54102492465367, 18.20766134413737], [73.5567770832501, 18.19623247856127], [73.55892510487688, 18.21386558545011], [73.56680118417509, 18.187742464133308], [73.5818373355626, 18.178599371672426], [73.59400945811439, 18.177619754623045], [73.59758949415902, 18.190028237248526], [73.65343805645546, 18.173048208392604], [73.66561017900725, 18.1599866477342], [73.66059812854475, 18.1518231723227], [73.64770999878404, 18.15900703068482], [73.64233994471707, 18.142353540845356], [73.63374785820993, 18.146272009042878], [73.61942771403135, 18.127332746088193], [73.62837780414296, 18.123414277890674], [73.60331755183046, 18.117863114610852], [73.60618158066617, 18.138108533631375], [73.60653958427064, 18.139741228713678], [73.59400945811439, 18.10872002214997], [73.60940361310635, 18.09761769559033], [73.60224354101706, 18.080964205750863], [73.62014372124028, 18.076392659520423], [73.61262564554653, 18.05908609164804], [73.61262564554653, 18.058759552631578], [73.65701809250011, 18.029697580166633], [73.64878400959742, 18.02284026082097], [73.65594408168671, 18.012391012294252], [73.62837780414296, 17.989533281142045], [73.63840190506797, 17.97157363523674], [73.59758949415902, 17.939246272607193], [73.57897330672688, 17.945777052936396], [73.56357915173491, 17.916715080471448], [73.53422285616884, 17.898102356533226], [73.56286314452599, 17.893857349319244], [73.57217123824206, 17.875244625381022], [73.55928310848134, 17.86936692308474], [73.55283904360098, 17.8664280719366], [73.53386485256438, 17.883408100792522], [73.50629857502062, 17.851080738162977], [73.4894724056108, 17.86708114996952], [73.46119012085812, 17.86708114996952], [73.44543796226169, 17.851407277179437], [73.43684587575454, 17.903653519813048], [73.42646377122509, 17.909204683092867], [73.40605756577061, 17.88373463980898], [73.37097321253312, 17.887979647022963], [73.37383724136882, 17.92553163391587], [73.34161691696704, 17.972226713269663], [73.35915909358579, 18.00520715393213], [73.35880108998133, 18.00586023196505], [73.34555495661614, 18.026105650985574], [73.33409884127329, 18.01108485622841], [73.32765477639293, 18.024799494919733], [73.30044650245364, 18.02414641688681], [73.28970639431971, 18.035901821479374], [73.2947184447822, 18.05810647459866], [73.28755837269293, 18.071494574273522], [73.22633975632952, 18.05647377951636], [73.2045015364572, 18.069208801158304], [73.19161340669649, 18.0577799355822], [73.17442923368219, 18.058759552631578], [73.17299721926433, 18.05908609164804], [73.12072869301255, 17.987574047043285], [73.11500063534112, 17.980063649664704], [73.08564433977504, 17.989859820158504], [73.0459059396795, 17.983329039829304], [73.04483192886612, 17.982349422779922], [73.03444982433665, 17.980390188681163], [73.00258750353932, 18.02088102672221], [73.01941367294914, 18.029697580166633], [73.00831556121075, 18.05026953820362], [72.99041538098753, 18.054188006401137], [72.99936547109914, 18.074759964438122], [72.97251520076432, 18.124393894940052], [72.9896993737786, 18.15704779658606], [72.98361331250271, 18.194599783478967], [72.95676304216789, 18.218437131680552], [72.93206079345985, 18.218437131680552], [72.94280090159378, 18.245539870046738], [72.9356408295045, 18.280806083824427], [72.96392311425717, 18.280479544807967], [72.97430521878664, 18.263172976935582], [72.96929316832414, 18.24325409693152], [73.01654964411343, 18.24456025299736], [73.06774415955182, 18.21255942938427], [73.05235000455986, 18.200804024791708], [73.050917990142, 18.182191300853486], [73.07168219920094, 18.1501904772404], [73.10533453802059, 18.140067767730137], [73.07741025687237, 18.188722081182686], [73.07741025687237, 18.20896750020321], [73.0920884046554, 18.218763670697015], [73.07991628210361, 18.222682138894534], [73.06165809827593, 18.25207065037594], [73.07239820640986, 18.26349951595204], [73.06774415955182, 18.279173388742127], [73.05163399735093, 18.28145916185735], [73.05020198293307, 18.29680649563097], [73.08242230733487, 18.29256148841699], [73.10282851278933, 18.265458750050804], [73.08278031093933, 18.311827290388134], [73.09137239744648, 18.326195007112375], [73.11285261371434, 18.32946039727698], [73.08779236140182, 18.33599117760618], [73.07132419559647, 18.30823536120707], [73.04483192886612, 18.312806907437512], [73.03695584956789, 18.29288802743345], [73.05306601176879, 18.270356835297704], [73.02872176666521, 18.264152593984964], [73.01547563330004, 18.285377630054867], [72.99793345668128, 18.285051091038408], [72.99292140621878, 18.273622225462304], [72.98182329448039, 18.299745346779112], [72.95533102775003, 18.315745758585653], [72.95318300612324, 18.335011560556797], [72.91416061323663, 18.3546039015444], [72.91201259160985, 18.368318540235727], [72.92633273578842, 18.373216625482627], [72.92597473218396, 18.38693126417395], [72.90628453393842, 18.403258214996953], [72.90628453393842, 18.43917750680756], [72.89482841859555, 18.463341394025605], [72.91129658440092, 18.507750700264175], [72.90592653033396, 18.540404601910183], [72.91380260963217, 18.53060843141638], [72.9334928078777, 18.540404601910183], [72.88373030685716, 18.637713228815283], [72.86547212302948, 18.651754406523064], [72.85580602570894, 18.699429102926235], [72.8683361518652, 18.799676580979476], [72.8321777878143, 18.858127064925828], [72.8361158274634, 18.86367822820565], [72.8622500905893, 18.9041690662467], [72.86583012663395, 18.9090671514936], [72.86690413744734, 18.91135292460882], [72.87406420953663, 18.91592447083926], [72.91201259160985, 18.947272216419428], [72.91308660242323, 18.95608876986385], [72.90986456998306, 18.969476869538713], [72.90521052312502, 18.975354571834995], [72.89411241138663, 18.981232274131276], [72.95640503856342, 18.987436515444017], [72.99900746749468, 18.987109976427558], [73.03480782794111, 19.00376346626702], [73.04375791805272, 19.018457722007724], [73.0480539613063, 19.09813324202398], [73.04841196491076, 19.09845978104044], [73.04841196491076, 19.09845978104044], [73.07776826047683, 19.113807114814062], [73.13039479033309, 19.108582490550702], [73.14364092369826, 19.125562519406625], [73.15294901741434, 19.113154036781143], [73.17586124810005, 19.10890902956716], [73.1855273454206, 19.117725583011584], [73.19519344274113, 19.126215597439547], [73.19519344274113, 19.126542136456006], [73.25104200503756, 19.06123433316399], [73.27932428979024, 19.086051298414958], [73.29794047722238, 19.082785908250358], [73.29722447001346, 19.072010120707173], [73.31906268988578, 19.079847057102217], [73.30724857093846, 19.10629671743548], [73.35414704312329, 19.13046060465353], [73.44472195505276, 19.129807526620606], [73.47622627224563, 19.129480987604147], [73.51703868315455, 19.129480987604147], [73.52491476245277, 19.129480987604147], [73.52527276605723, 19.129154448587688]]]}}, {"type": "Feature", "properties": {"state": "Goa", "district": "North Goa", "district_key": "Goa|North Goa"}, "geometry": {"type": "Polygon", "coordinates": [[[74.25109996927175, 15.491442712180286], [74.19967166478774, 15.46637632957747], [74.1788959921154, 15.43713221654085], [74.12406183965233, 15.437828504946483], [74.10975727814021, 15.41902871799437], [74.10362675177788, 15.427384178861976], [74.06854651759343, 15.411369545532398], [74.05594488007085, 15.406843670895778], [74.05560429527294, 15.407539959301413], [74.0535607864855, 15.434347062918315], [74.03448803780269, 15.446532110016905], [74.04095914896293, 15.451406128856343], [74.0256328330571, 15.473687357836624], [74.03074160502571, 15.478909520878878], [73.96160289105053, 15.539834756371835], [73.94423306635726, 15.524168267245075], [73.96160289105053, 15.502931470873245], [73.96160289105053, 15.502583326670427], [73.95479119509238, 15.486916837543667], [73.95036359271958, 15.47751694406761], [73.95683470387982, 15.464287464360568], [73.95717528867773, 15.463591175954933], [73.94559540554889, 15.448272831030991], [73.93401552242003, 15.432954486107047], [73.90404406020419, 15.417636141183102], [73.88054370914858, 15.435043351323948], [73.8631738844553, 15.429124899876062], [73.84920990774111, 15.452450561464794], [73.80289037522572, 15.450361696247892], [73.78790464411779, 15.46393932015775], [73.8025497904278, 15.461502310738032], [73.81481084315247, 15.491790856383103], [73.79165107689477, 15.500494461453526], [73.76610721705171, 15.494576010005638], [73.75520850351869, 15.546449496225357], [73.73204873726098, 15.590663809983104], [73.7374980940275, 15.617122769397188], [73.72285294771748, 15.630700393307048], [73.69015680711838, 15.722262318647893], [73.676874, 15.729225202704232], [73.68436686555395, 15.727832625892963], [73.69424382469327, 15.72261046285071], [73.728302304484, 15.719825309228176], [73.74260686599611, 15.735491798354936], [73.78517996573453, 15.725395616473245], [73.78552055053244, 15.725395616473245], [73.78586113533035, 15.72609190487888], [73.80186862083198, 15.737580663571837], [73.82060078471689, 15.740365817194373], [73.82366604789806, 15.740713961397189], [73.82468780229178, 15.741062105600006], [73.8253689718876, 15.744195403425358], [73.84137645738925, 15.773091372259161], [73.85159400132646, 15.780750544721133], [73.85465926450762, 15.797461466456344], [73.85602160369925, 15.799898475876063], [73.85738394289088, 15.799550331673245], [73.87952195475486, 15.774135804867612], [73.87509435238206, 15.75081014327888], [73.93878370959074, 15.74280282661409], [73.95172593191121, 15.716343867200006], [73.94355189676143, 15.698588512856343], [73.96398698463588, 15.690929340394373], [73.96739283261495, 15.635574412146484], [73.96773341741286, 15.63035224910423], [73.99089318367055, 15.611552462152119], [74.0212052306843, 15.605982154907048], [74.03108218982362, 15.622693076642259], [74.10056148859671, 15.642537296202823], [74.11316312611929, 15.64601873823099], [74.1182718980879, 15.651937189678879], [74.11929365248162, 15.652285333881697], [74.12644593323768, 15.652633478084512], [74.13564172278117, 15.64845574765071], [74.1645914306033, 15.653677910692963], [74.16731610898655, 15.671781409239442], [74.18093950090285, 15.68222573532395], [74.19081646004216, 15.679092437498598], [74.18707002726518, 15.667603678805639], [74.20409926716054, 15.663774092574654], [74.20512102155426, 15.650892757070428], [74.23645482296175, 15.66864811141409], [74.25212172366548, 15.654374199098598], [74.24428827331361, 15.626174518670428], [74.26438277639014, 15.615382048383104], [74.24531002770733, 15.566641859988737], [74.26165809800688, 15.564901138974653], [74.27800616830643, 15.54610135202254], [74.27834675310434, 15.522775690433807], [74.25109996927175, 15.491790856383103], [74.25109996927175, 15.491442712180286]]]}}, {"type": "Feature", "properties": {"state": "Goa", "district": "South Goa", "district_key": "Goa|South Goa"}, "geometry": {"type": "Polygon", "coordinates": [[[73.93401552242003, 15.432954486107047], [73.94559540554889, 15.448272831030991], [73.95717528867773, 15.463591175954933], [73.95683470387982, 15.464287464360568], [73.95036359271958, 15.47751694406761], [73.95479119509238, 15.486916837543667], [73.96160289105053, 15.502583326670427], [73.96160289105053, 15.502931470873245], [73.94423306635726, 15.524168267245075], [73.96160289105053, 15.539834756371835], [74.03074160502571, 15.478909520878878], [74.0256328330571, 15.473687357836624], [74.04095914896293, 15.451406128856343], [74.03448803780269, 15.446532110016905], [74.0535607864855, 15.434347062918315], [74.05560429527294, 15.407539959301413], [74.05594488007085, 15.406843670895778], [74.06854651759343, 15.411369545532398], [74.10362675177788, 15.427384178861976], [74.10975727814021, 15.41902871799437], [74.12406183965233, 15.437828504946483], [74.1788959921154, 15.43713221654085], [74.19967166478774, 15.46637632957747], [74.25109996927175, 15.491442712180286], [74.27562207472108, 15.449317263639442], [74.26881037876294, 15.41902871799437], [74.275962659519, 15.391525325971836], [74.32330394642811, 15.367851520180286], [74.31717342006577, 15.32920751366761], [74.33624616874859, 15.294741237588736], [74.32636920960927, 15.283252478895777], [74.27630324431689, 15.283252478895777], [74.25144055406966, 15.258534240495777], [74.25961458921944, 15.241127030354933], [74.30150651936204, 15.224416108619721], [74.31717342006577, 15.18646839051268], [74.2851584490625, 15.148868816608454], [74.28481786426458, 15.114054396326763], [74.27255681153991, 15.097691618794368], [74.29639774739343, 15.04129225793803], [74.26778862436922, 15.001603818816903], [74.25348406285711, 14.997774232585916], [74.26438277639014, 14.978626301430987], [74.25246230846338, 14.958782081870424], [74.23645482296175, 14.966441254332397], [74.20137458877728, 14.925360238400001], [74.17923657691331, 14.956693216653523], [74.1649320154012, 14.95808579346479], [74.16356967620958, 14.95808579346479], [74.15437388666608, 14.943115592743663], [74.16186675222004, 14.911782614490143], [74.12406183965233, 14.925012094197184], [74.0855757574888, 14.900642000000001], [74.08080757031809, 14.910390037678875], [74.0440244121441, 14.917352921735212], [74.04981435370853, 14.95913022607324], [74.0348286226006, 14.997077944180283], [74.0212052306843, 15.011700000698594], [73.98884967488311, 15.020403605769015], [73.98203797892496, 15.054869881847889], [73.97182043498775, 15.052432872428172], [73.96637107822123, 15.066706784743664], [73.91221809535396, 15.085854715898593], [73.92686324166398, 15.096995330388735], [73.9180080369184, 15.108135944878876], [73.93537786161166, 15.112313675312679], [73.93605903120748, 15.133898615887327], [73.94968242312378, 15.144691086174651], [73.88429014192556, 15.354622040473243], [73.87100733480717, 15.371332962208454], [73.84171704218714, 15.360192347718314], [73.80833973199223, 15.377251413656342], [73.80595563840687, 15.393962335391553], [73.79131049209686, 15.39431047959437], [73.7838176265429, 15.40893253611268], [73.79471634007594, 15.41450284335775], [73.8073179775985, 15.399184498433806], [73.81719493673782, 15.410673257126765], [73.8260501414834, 15.403014084664793], [73.84035470299551, 15.410673257126765], [73.84648522935785, 15.398140065825356], [73.87407259798835, 15.396399344811272], [73.89212359227743, 15.408584391909864], [73.93980546398446, 15.408584391909864], [73.92618207206816, 15.42251016002254], [73.93401552242003, 15.432954486107047]]]}}]}